
**************************************************************************
 ___       _                               _____ _           _
|_ _|_ __ | |_ ___  __ _ _ __ ___  _ __   |  ___(_)_ __   __| | ___ _ __
 | || '_ \| __/ _ \/ _` | '__/ _ \| '_ \  | |_  | | '_ \ / _` |/ _ \ '__|
 | || | | | ||  __/ (_| | | | (_) | | | | |  _| | | | | | (_| |  __/ |
|___|_| |_|\__\___|\__, |_|  \___/|_| |_| |_|   |_|_| |_|\__,_|\___|_|
                   |___/

**************************************************************************

integron_finder version 2.0.6 
Using:
 - Python 3.10.21 | packaged by conda-forge | (main, Aug 21 2026, 22:42:31) [GCC 14.4.0]
 - numpy 2.2.6
 - pandas 2.3.3
 - matplolib 3.10.9
 - biopython 1.88

 - Prodigal V2.6.3: February, 2016
 - INFERNAL 1.1.4 (Dec 2020)
 - HMMER 3.3.2 (Nov 2020); http://hmmer.org/

Authors:
 - Jean Cury, Bertrand Neron, Eduardo Rocha,

Citation:

 Néron, B.; Littner, E.; Haudiquet, M.; Perrin, A.; Cury, J.; Rocha, E.P.C.
 IntegronFinder 2.0: Identification and Analysis of Integrons across Bacteria, with a Focus on Antibiotic Resistance in Klebsiella.
 Microorganisms 2022, 10, 700. https://doi.org/10.3390/microorganisms10040700

 If you use --func-annot in conjunction with file NCBIfam-AMRFinder.hmm please also cite

 Haft, DH et al., Nucleic Acids Res. 2018 Jan 4;46(D1):D851-D860
 PMID: 29112715
 

                     =======================

integron_finder is free software: you can redistribute it and/or modify
it under the terms of the GNU General Public License as published by
the Free Software Foundation, either version 3 of the License, or
(at your option) any later version.

integron_finder is distributed in the hope that it will be useful,
but WITHOUT ANY WARRANTY; without even the implied warranty of
MERCHANTABILITY or FITNESS FOR A PARTICULAR PURPOSE. See the
GNU General Public License for more details.

You should have received a copy of the GNU General Public License
along with this program (COPYING file).
If not, see <http://www.gnu.org/licenses/>.

                     =======================

command used: integron_finder ../data/500genomes/Ecoli/Ecoli/ncbi_dataset/data/GCF_001284505.1/GCF_001284505.1_7748_7_26_genomic.fna --local-max --outdir results/500genomes/IF2 --gbk --cpu 4 -dt 4000 --evalue-attc 1 --max-attc-size 200 --min-attc-size 40

                     =======================

[0m
INFO     : ############ Processing replicon NZ_CYAZ01000001.1 (1/327) ############

INFO     : Starting Default search ... :
INFO     : Default search done... : 
INFO     : In replicon NZ_CYAZ01000001.1, there are:
INFO     : - 0 complete integron(s) found with a total 0 attC site(s)
INFO     : - 0 CALIN element(s) found with a total of 0 attC site(s)
INFO     : - 0 In0 element(s) found with a total of 0 attC site
INFO     : Starting search with local_max...:
INFO     : Search with local_max done... :
INFO     : In replicon NZ_CYAZ01000001.1, there are:
INFO     : - 0 complete integron(s) found with a total 0 attC site(s)
INFO     : - 0 CALIN element(s) found with a total of 0 attC site(s)
INFO     : - 0 In0 element(s) found with a total of 0 attC site
INFO     : Writing out results for replicon NZ_CYAZ01000001.1
INFO     : ############ Processing replicon NZ_CYAZ01000002.1 (2/327) ############

INFO     : Starting Default search ... :
INFO     : Default search done... : 
INFO     : In replicon NZ_CYAZ01000002.1, there are:
INFO     : - 0 complete integron(s) found with a total 0 attC site(s)
INFO     : - 0 CALIN element(s) found with a total of 0 attC site(s)
INFO     : - 0 In0 element(s) found with a total of 0 attC site
INFO     : Starting search with local_max...:
INFO     : Search with local_max done... :
INFO     : In replicon NZ_CYAZ01000002.1, there are:
INFO     : - 0 complete integron(s) found with a total 0 attC site(s)
INFO     : - 0 CALIN element(s) found with a total of 0 attC site(s)
INFO     : - 0 In0 element(s) found with a total of 0 attC site
INFO     : Writing out results for replicon NZ_CYAZ01000002.1
INFO     : ############ Processing replicon NZ_CYAZ01000003.1 (3/327) ############

INFO     : Starting Default search ... :
INFO     : Default search done... : 
INFO     : In replicon NZ_CYAZ01000003.1, there are:
INFO     : - 0 complete integron(s) found with a total 0 attC site(s)
INFO     : - 0 CALIN element(s) found with a total of 0 attC site(s)
INFO     : - 0 In0 element(s) found with a total of 0 attC site
INFO     : Starting search with local_max...:
INFO     : Search with local_max done... :
INFO     : In replicon NZ_CYAZ01000003.1, there are:
INFO     : - 0 complete integron(s) found with a total 0 attC site(s)
INFO     : - 0 CALIN element(s) found with a total of 0 attC site(s)
INFO     : - 0 In0 element(s) found with a total of 0 attC site
INFO     : Writing out results for replicon NZ_CYAZ01000003.1
INFO     : ############ Processing replicon NZ_CYAZ01000004.1 (4/327) ############

INFO     : Starting Default search ... :
INFO     : Default search done... : 
INFO     : In replicon NZ_CYAZ01000004.1, there are:
INFO     : - 0 complete integron(s) found with a total 0 attC site(s)
INFO     : - 0 CALIN element(s) found with a total of 0 attC site(s)
INFO     : - 0 In0 element(s) found with a total of 0 attC site
INFO     : Starting search with local_max...:
INFO     : Search with local_max done... :
INFO     : In replicon NZ_CYAZ01000004.1, there are:
INFO     : - 0 complete integron(s) found with a total 0 attC site(s)
INFO     : - 0 CALIN element(s) found with a total of 0 attC site(s)
INFO     : - 0 In0 element(s) found with a total of 0 attC site
INFO     : Writing out results for replicon NZ_CYAZ01000004.1
INFO     : ############ Processing replicon NZ_CYAZ01000005.1 (5/327) ############

INFO     : Starting Default search ... :
INFO     : Default search done... : 
INFO     : In replicon NZ_CYAZ01000005.1, there are:
INFO     : - 0 complete integron(s) found with a total 0 attC site(s)
INFO     : - 0 CALIN element(s) found with a total of 0 attC site(s)
INFO     : - 0 In0 element(s) found with a total of 0 attC site
INFO     : Starting search with local_max...:
INFO     : Search with local_max done... :
INFO     : In replicon NZ_CYAZ01000005.1, there are:
INFO     : - 0 complete integron(s) found with a total 0 attC site(s)
INFO     : - 0 CALIN element(s) found with a total of 0 attC site(s)
INFO     : - 0 In0 element(s) found with a total of 0 attC site
INFO     : Writing out results for replicon NZ_CYAZ01000005.1
INFO     : ############ Processing replicon NZ_CYAZ01000006.1 (6/327) ############

INFO     : Starting Default search ... :
INFO     : Default search done... : 
INFO     : In replicon NZ_CYAZ01000006.1, there are:
INFO     : - 0 complete integron(s) found with a total 0 attC site(s)
INFO     : - 0 CALIN element(s) found with a total of 0 attC site(s)
INFO     : - 0 In0 element(s) found with a total of 0 attC site
INFO     : Starting search with local_max...:
INFO     : Search with local_max done... :
INFO     : In replicon NZ_CYAZ01000006.1, there are:
INFO     : - 0 complete integron(s) found with a total 0 attC site(s)
INFO     : - 0 CALIN element(s) found with a total of 0 attC site(s)
INFO     : - 0 In0 element(s) found with a total of 0 attC site
INFO     : Writing out results for replicon NZ_CYAZ01000006.1
INFO     : ############ Processing replicon NZ_CYAZ01000007.1 (7/327) ############

INFO     : Starting Default search ... :
INFO     : Default search done... : 
INFO     : In replicon NZ_CYAZ01000007.1, there are:
INFO     : - 0 complete integron(s) found with a total 0 attC site(s)
INFO     : - 0 CALIN element(s) found with a total of 0 attC site(s)
INFO     : - 0 In0 element(s) found with a total of 0 attC site
INFO     : Starting search with local_max...:
INFO     : Search with local_max done... :
INFO     : In replicon NZ_CYAZ01000007.1, there are:
INFO     : - 0 complete integron(s) found with a total 0 attC site(s)
INFO     : - 0 CALIN element(s) found with a total of 0 attC site(s)
INFO     : - 0 In0 element(s) found with a total of 0 attC site
INFO     : Writing out results for replicon NZ_CYAZ01000007.1
INFO     : ############ Processing replicon NZ_CYAZ01000008.1 (8/327) ############

INFO     : Starting Default search ... :
INFO     : Default search done... : 
INFO     : In replicon NZ_CYAZ01000008.1, there are:
INFO     : - 0 complete integron(s) found with a total 0 attC site(s)
INFO     : - 0 CALIN element(s) found with a total of 0 attC site(s)
INFO     : - 0 In0 element(s) found with a total of 0 attC site
INFO     : Starting search with local_max...:
INFO     : Search with local_max done... :
INFO     : In replicon NZ_CYAZ01000008.1, there are:
INFO     : - 0 complete integron(s) found with a total 0 attC site(s)
INFO     : - 0 CALIN element(s) found with a total of 0 attC site(s)
INFO     : - 0 In0 element(s) found with a total of 0 attC site
INFO     : Writing out results for replicon NZ_CYAZ01000008.1
INFO     : ############ Processing replicon NZ_CYAZ01000009.1 (9/327) ############

INFO     : Starting Default search ... :
INFO     : Default search done... : 
INFO     : In replicon NZ_CYAZ01000009.1, there are:
INFO     : - 0 complete integron(s) found with a total 0 attC site(s)
INFO     : - 0 CALIN element(s) found with a total of 0 attC site(s)
INFO     : - 0 In0 element(s) found with a total of 0 attC site
INFO     : Starting search with local_max...:
INFO     : Search with local_max done... :
INFO     : In replicon NZ_CYAZ01000009.1, there are:
INFO     : - 0 complete integron(s) found with a total 0 attC site(s)
INFO     : - 0 CALIN element(s) found with a total of 0 attC site(s)
INFO     : - 0 In0 element(s) found with a total of 0 attC site
INFO     : Writing out results for replicon NZ_CYAZ01000009.1
INFO     : ############ Processing replicon NZ_CYAZ01000010.1 (10/327) ############

INFO     : Starting Default search ... :
INFO     : Default search done... : 
INFO     : In replicon NZ_CYAZ01000010.1, there are:
INFO     : - 0 complete integron(s) found with a total 0 attC site(s)
INFO     : - 0 CALIN element(s) found with a total of 0 attC site(s)
INFO     : - 0 In0 element(s) found with a total of 0 attC site
INFO     : Starting search with local_max...:
INFO     : Search with local_max done... :
INFO     : In replicon NZ_CYAZ01000010.1, there are:
INFO     : - 0 complete integron(s) found with a total 0 attC site(s)
INFO     : - 0 CALIN element(s) found with a total of 0 attC site(s)
INFO     : - 0 In0 element(s) found with a total of 0 attC site
INFO     : Writing out results for replicon NZ_CYAZ01000010.1
INFO     : ############ Processing replicon NZ_CYAZ01000011.1 (11/327) ############

INFO     : Starting Default search ... :
INFO     : Default search done... : 
INFO     : In replicon NZ_CYAZ01000011.1, there are:
INFO     : - 0 complete integron(s) found with a total 0 attC site(s)
INFO     : - 0 CALIN element(s) found with a total of 0 attC site(s)
INFO     : - 0 In0 element(s) found with a total of 0 attC site
INFO     : Starting search with local_max...:
INFO     : Search with local_max done... :
INFO     : In replicon NZ_CYAZ01000011.1, there are:
INFO     : - 0 complete integron(s) found with a total 0 attC site(s)
INFO     : - 0 CALIN element(s) found with a total of 0 attC site(s)
INFO     : - 0 In0 element(s) found with a total of 0 attC site
INFO     : Writing out results for replicon NZ_CYAZ01000011.1
INFO     : ############ Processing replicon NZ_CYAZ01000012.1 (12/327) ############

INFO     : Starting Default search ... :
INFO     : Default search done... : 
INFO     : In replicon NZ_CYAZ01000012.1, there are:
INFO     : - 0 complete integron(s) found with a total 0 attC site(s)
INFO     : - 0 CALIN element(s) found with a total of 0 attC site(s)
INFO     : - 0 In0 element(s) found with a total of 0 attC site
INFO     : Starting search with local_max...:
INFO     : Search with local_max done... :
INFO     : In replicon NZ_CYAZ01000012.1, there are:
INFO     : - 0 complete integron(s) found with a total 0 attC site(s)
INFO     : - 0 CALIN element(s) found with a total of 0 attC site(s)
INFO     : - 0 In0 element(s) found with a total of 0 attC site
INFO     : Writing out results for replicon NZ_CYAZ01000012.1
INFO     : ############ Processing replicon NZ_CYAZ01000013.1 (13/327) ############

INFO     : Starting Default search ... :
INFO     : Default search done... : 
INFO     : In replicon NZ_CYAZ01000013.1, there are:
INFO     : - 0 complete integron(s) found with a total 0 attC site(s)
INFO     : - 1 CALIN element(s) found with a total of 1 attC site(s)
INFO     : - 0 In0 element(s) found with a total of 0 attC site
INFO     : Starting search with local_max...:
INFO     : Search with local_max done... :
INFO     : In replicon NZ_CYAZ01000013.1, there are:
INFO     : - 0 complete integron(s) found with a total 0 attC site(s)
INFO     : - 0 CALIN element(s) found with a total of 0 attC site(s)
INFO     : - 0 In0 element(s) found with a total of 0 attC site
INFO     : Writing out results for replicon NZ_CYAZ01000013.1
INFO     : ############ Processing replicon NZ_CYAZ01000014.1 (14/327) ############

INFO     : Starting Default search ... :
INFO     : Default search done... : 
INFO     : In replicon NZ_CYAZ01000014.1, there are:
INFO     : - 0 complete integron(s) found with a total 0 attC site(s)
INFO     : - 0 CALIN element(s) found with a total of 0 attC site(s)
INFO     : - 0 In0 element(s) found with a total of 0 attC site
INFO     : Starting search with local_max...:
INFO     : Search with local_max done... :
INFO     : In replicon NZ_CYAZ01000014.1, there are:
INFO     : - 0 complete integron(s) found with a total 0 attC site(s)
INFO     : - 0 CALIN element(s) found with a total of 0 attC site(s)
INFO     : - 0 In0 element(s) found with a total of 0 attC site
INFO     : Writing out results for replicon NZ_CYAZ01000014.1
INFO     : ############ Processing replicon NZ_CYAZ01000015.1 (15/327) ############

INFO     : Starting Default search ... :
INFO     : Default search done... : 
INFO     : In replicon NZ_CYAZ01000015.1, there are:
INFO     : - 0 complete integron(s) found with a total 0 attC site(s)
INFO     : - 0 CALIN element(s) found with a total of 0 attC site(s)
INFO     : - 0 In0 element(s) found with a total of 0 attC site
INFO     : Starting search with local_max...:
INFO     : Search with local_max done... :
INFO     : In replicon NZ_CYAZ01000015.1, there are:
INFO     : - 0 complete integron(s) found with a total 0 attC site(s)
INFO     : - 0 CALIN element(s) found with a total of 0 attC site(s)
INFO     : - 0 In0 element(s) found with a total of 0 attC site
INFO     : Writing out results for replicon NZ_CYAZ01000015.1
INFO     : ############ Processing replicon NZ_CYAZ01000016.1 (16/327) ############

INFO     : Starting Default search ... :
INFO     : Default search done... : 
INFO     : In replicon NZ_CYAZ01000016.1, there are:
INFO     : - 0 complete integron(s) found with a total 0 attC site(s)
INFO     : - 0 CALIN element(s) found with a total of 0 attC site(s)
INFO     : - 0 In0 element(s) found with a total of 0 attC site
INFO     : Starting search with local_max...:
INFO     : Search with local_max done... :
INFO     : In replicon NZ_CYAZ01000016.1, there are:
INFO     : - 0 complete integron(s) found with a total 0 attC site(s)
INFO     : - 0 CALIN element(s) found with a total of 0 attC site(s)
INFO     : - 0 In0 element(s) found with a total of 0 attC site
INFO     : Writing out results for replicon NZ_CYAZ01000016.1
INFO     : ############ Processing replicon NZ_CYAZ01000017.1 (17/327) ############

INFO     : Starting Default search ... :
INFO     : Default search done... : 
INFO     : In replicon NZ_CYAZ01000017.1, there are:
INFO     : - 0 complete integron(s) found with a total 0 attC site(s)
INFO     : - 0 CALIN element(s) found with a total of 0 attC site(s)
INFO     : - 0 In0 element(s) found with a total of 0 attC site
INFO     : Starting search with local_max...:
INFO     : Search with local_max done... :
INFO     : In replicon NZ_CYAZ01000017.1, there are:
INFO     : - 0 complete integron(s) found with a total 0 attC site(s)
INFO     : - 0 CALIN element(s) found with a total of 0 attC site(s)
INFO     : - 0 In0 element(s) found with a total of 0 attC site
INFO     : Writing out results for replicon NZ_CYAZ01000017.1
INFO     : ############ Processing replicon NZ_CYAZ01000018.1 (18/327) ############

INFO     : Starting Default search ... :
INFO     : Default search done... : 
INFO     : In replicon NZ_CYAZ01000018.1, there are:
INFO     : - 0 complete integron(s) found with a total 0 attC site(s)
INFO     : - 0 CALIN element(s) found with a total of 0 attC site(s)
INFO     : - 0 In0 element(s) found with a total of 0 attC site
INFO     : Starting search with local_max...:
INFO     : Search with local_max done... :
INFO     : In replicon NZ_CYAZ01000018.1, there are:
INFO     : - 0 complete integron(s) found with a total 0 attC site(s)
INFO     : - 0 CALIN element(s) found with a total of 0 attC site(s)
INFO     : - 0 In0 element(s) found with a total of 0 attC site
INFO     : Writing out results for replicon NZ_CYAZ01000018.1
INFO     : ############ Processing replicon NZ_CYAZ01000019.1 (19/327) ############

INFO     : Starting Default search ... :
INFO     : Default search done... : 
INFO     : In replicon NZ_CYAZ01000019.1, there are:
INFO     : - 0 complete integron(s) found with a total 0 attC site(s)
INFO     : - 0 CALIN element(s) found with a total of 0 attC site(s)
INFO     : - 0 In0 element(s) found with a total of 0 attC site
INFO     : Starting search with local_max...:
INFO     : Search with local_max done... :
INFO     : In replicon NZ_CYAZ01000019.1, there are:
INFO     : - 0 complete integron(s) found with a total 0 attC site(s)
INFO     : - 0 CALIN element(s) found with a total of 0 attC site(s)
INFO     : - 0 In0 element(s) found with a total of 0 attC site
INFO     : Writing out results for replicon NZ_CYAZ01000019.1
INFO     : ############ Processing replicon NZ_CYAZ01000020.1 (20/327) ############

INFO     : Starting Default search ... :
INFO     : Default search done... : 
INFO     : In replicon NZ_CYAZ01000020.1, there are:
INFO     : - 0 complete integron(s) found with a total 0 attC site(s)
INFO     : - 0 CALIN element(s) found with a total of 0 attC site(s)
INFO     : - 0 In0 element(s) found with a total of 0 attC site
INFO     : Starting search with local_max...:
INFO     : Search with local_max done... :
INFO     : In replicon NZ_CYAZ01000020.1, there are:
INFO     : - 0 complete integron(s) found with a total 0 attC site(s)
INFO     : - 0 CALIN element(s) found with a total of 0 attC site(s)
INFO     : - 0 In0 element(s) found with a total of 0 attC site
INFO     : Writing out results for replicon NZ_CYAZ01000020.1
INFO     : ############ Processing replicon NZ_CYAZ01000021.1 (21/327) ############

INFO     : Starting Default search ... :
INFO     : Default search done... : 
INFO     : In replicon NZ_CYAZ01000021.1, there are:
INFO     : - 0 complete integron(s) found with a total 0 attC site(s)
INFO     : - 0 CALIN element(s) found with a total of 0 attC site(s)
INFO     : - 0 In0 element(s) found with a total of 0 attC site
INFO     : Starting search with local_max...:
INFO     : Search with local_max done... :
INFO     : In replicon NZ_CYAZ01000021.1, there are:
INFO     : - 0 complete integron(s) found with a total 0 attC site(s)
INFO     : - 0 CALIN element(s) found with a total of 0 attC site(s)
INFO     : - 0 In0 element(s) found with a total of 0 attC site
INFO     : Writing out results for replicon NZ_CYAZ01000021.1
INFO     : ############ Processing replicon NZ_CYAZ01000022.1 (22/327) ############

INFO     : Starting Default search ... :
INFO     : Default search done... : 
INFO     : In replicon NZ_CYAZ01000022.1, there are:
INFO     : - 0 complete integron(s) found with a total 0 attC site(s)
INFO     : - 0 CALIN element(s) found with a total of 0 attC site(s)
INFO     : - 0 In0 element(s) found with a total of 0 attC site
INFO     : Starting search with local_max...:
INFO     : Search with local_max done... :
INFO     : In replicon NZ_CYAZ01000022.1, there are:
INFO     : - 0 complete integron(s) found with a total 0 attC site(s)
INFO     : - 0 CALIN element(s) found with a total of 0 attC site(s)
INFO     : - 0 In0 element(s) found with a total of 0 attC site
INFO     : Writing out results for replicon NZ_CYAZ01000022.1
INFO     : ############ Processing replicon NZ_CYAZ01000023.1 (23/327) ############

INFO     : Starting Default search ... :
INFO     : Default search done... : 
INFO     : In replicon NZ_CYAZ01000023.1, there are:
INFO     : - 0 complete integron(s) found with a total 0 attC site(s)
INFO     : - 0 CALIN element(s) found with a total of 0 attC site(s)
INFO     : - 0 In0 element(s) found with a total of 0 attC site
INFO     : Starting search with local_max...:
INFO     : Search with local_max done... :
INFO     : In replicon NZ_CYAZ01000023.1, there are:
INFO     : - 0 complete integron(s) found with a total 0 attC site(s)
INFO     : - 0 CALIN element(s) found with a total of 0 attC site(s)
INFO     : - 0 In0 element(s) found with a total of 0 attC site
INFO     : Writing out results for replicon NZ_CYAZ01000023.1
INFO     : ############ Processing replicon NZ_CYAZ01000024.1 (24/327) ############

INFO     : Starting Default search ... :
INFO     : Default search done... : 
INFO     : In replicon NZ_CYAZ01000024.1, there are:
INFO     : - 0 complete integron(s) found with a total 0 attC site(s)
INFO     : - 0 CALIN element(s) found with a total of 0 attC site(s)
INFO     : - 0 In0 element(s) found with a total of 0 attC site
INFO     : Starting search with local_max...:
INFO     : Search with local_max done... :
INFO     : In replicon NZ_CYAZ01000024.1, there are:
INFO     : - 0 complete integron(s) found with a total 0 attC site(s)
INFO     : - 0 CALIN element(s) found with a total of 0 attC site(s)
INFO     : - 0 In0 element(s) found with a total of 0 attC site
INFO     : Writing out results for replicon NZ_CYAZ01000024.1
INFO     : ############ Processing replicon NZ_CYAZ01000025.1 (25/327) ############

INFO     : Starting Default search ... :
INFO     : Default search done... : 
INFO     : In replicon NZ_CYAZ01000025.1, there are:
INFO     : - 0 complete integron(s) found with a total 0 attC site(s)
INFO     : - 0 CALIN element(s) found with a total of 0 attC site(s)
INFO     : - 0 In0 element(s) found with a total of 0 attC site
INFO     : Starting search with local_max...:
INFO     : Search with local_max done... :
INFO     : In replicon NZ_CYAZ01000025.1, there are:
INFO     : - 0 complete integron(s) found with a total 0 attC site(s)
INFO     : - 0 CALIN element(s) found with a total of 0 attC site(s)
INFO     : - 0 In0 element(s) found with a total of 0 attC site
INFO     : Writing out results for replicon NZ_CYAZ01000025.1
INFO     : ############ Processing replicon NZ_CYAZ01000026.1 (26/327) ############

INFO     : Starting Default search ... :
INFO     : Default search done... : 
INFO     : In replicon NZ_CYAZ01000026.1, there are:
INFO     : - 0 complete integron(s) found with a total 0 attC site(s)
INFO     : - 0 CALIN element(s) found with a total of 0 attC site(s)
INFO     : - 0 In0 element(s) found with a total of 0 attC site
INFO     : Starting search with local_max...:
INFO     : Search with local_max done... :
INFO     : In replicon NZ_CYAZ01000026.1, there are:
INFO     : - 0 complete integron(s) found with a total 0 attC site(s)
INFO     : - 0 CALIN element(s) found with a total of 0 attC site(s)
INFO     : - 0 In0 element(s) found with a total of 0 attC site
INFO     : Writing out results for replicon NZ_CYAZ01000026.1
INFO     : ############ Processing replicon NZ_CYAZ01000027.1 (27/327) ############

INFO     : Starting Default search ... :
INFO     : Default search done... : 
INFO     : In replicon NZ_CYAZ01000027.1, there are:
INFO     : - 0 complete integron(s) found with a total 0 attC site(s)
INFO     : - 0 CALIN element(s) found with a total of 0 attC site(s)
INFO     : - 0 In0 element(s) found with a total of 0 attC site
INFO     : Starting search with local_max...:
INFO     : Search with local_max done... :
INFO     : In replicon NZ_CYAZ01000027.1, there are:
INFO     : - 0 complete integron(s) found with a total 0 attC site(s)
INFO     : - 0 CALIN element(s) found with a total of 0 attC site(s)
INFO     : - 0 In0 element(s) found with a total of 0 attC site
INFO     : Writing out results for replicon NZ_CYAZ01000027.1
INFO     : ############ Processing replicon NZ_CYAZ01000028.1 (28/327) ############

INFO     : Starting Default search ... :
INFO     : Default search done... : 
INFO     : In replicon NZ_CYAZ01000028.1, there are:
INFO     : - 0 complete integron(s) found with a total 0 attC site(s)
INFO     : - 0 CALIN element(s) found with a total of 0 attC site(s)
INFO     : - 0 In0 element(s) found with a total of 0 attC site
INFO     : Starting search with local_max...:
INFO     : Search with local_max done... :
INFO     : In replicon NZ_CYAZ01000028.1, there are:
INFO     : - 0 complete integron(s) found with a total 0 attC site(s)
INFO     : - 0 CALIN element(s) found with a total of 0 attC site(s)
INFO     : - 0 In0 element(s) found with a total of 0 attC site
INFO     : Writing out results for replicon NZ_CYAZ01000028.1
INFO     : ############ Processing replicon NZ_CYAZ01000029.1 (29/327) ############

INFO     : Starting Default search ... :
INFO     : Default search done... : 
INFO     : In replicon NZ_CYAZ01000029.1, there are:
INFO     : - 0 complete integron(s) found with a total 0 attC site(s)
INFO     : - 1 CALIN element(s) found with a total of 1 attC site(s)
INFO     : - 0 In0 element(s) found with a total of 0 attC site
INFO     : Starting search with local_max...:
INFO     : Search with local_max done... :
INFO     : In replicon NZ_CYAZ01000029.1, there are:
INFO     : - 0 complete integron(s) found with a total 0 attC site(s)
INFO     : - 0 CALIN element(s) found with a total of 0 attC site(s)
INFO     : - 0 In0 element(s) found with a total of 0 attC site
INFO     : Writing out results for replicon NZ_CYAZ01000029.1
INFO     : ############ Processing replicon NZ_CYAZ01000030.1 (30/327) ############

INFO     : Starting Default search ... :
INFO     : Default search done... : 
INFO     : In replicon NZ_CYAZ01000030.1, there are:
INFO     : - 0 complete integron(s) found with a total 0 attC site(s)
INFO     : - 0 CALIN element(s) found with a total of 0 attC site(s)
INFO     : - 0 In0 element(s) found with a total of 0 attC site
INFO     : Starting search with local_max...:
INFO     : Search with local_max done... :
INFO     : In replicon NZ_CYAZ01000030.1, there are:
INFO     : - 0 complete integron(s) found with a total 0 attC site(s)
INFO     : - 0 CALIN element(s) found with a total of 0 attC site(s)
INFO     : - 0 In0 element(s) found with a total of 0 attC site
INFO     : Writing out results for replicon NZ_CYAZ01000030.1
INFO     : ############ Processing replicon NZ_CYAZ01000031.1 (31/327) ############

INFO     : Starting Default search ... :
INFO     : Default search done... : 
INFO     : In replicon NZ_CYAZ01000031.1, there are:
INFO     : - 0 complete integron(s) found with a total 0 attC site(s)
INFO     : - 0 CALIN element(s) found with a total of 0 attC site(s)
INFO     : - 0 In0 element(s) found with a total of 0 attC site
INFO     : Starting search with local_max...:
INFO     : Search with local_max done... :
INFO     : In replicon NZ_CYAZ01000031.1, there are:
INFO     : - 0 complete integron(s) found with a total 0 attC site(s)
INFO     : - 0 CALIN element(s) found with a total of 0 attC site(s)
INFO     : - 0 In0 element(s) found with a total of 0 attC site
INFO     : Writing out results for replicon NZ_CYAZ01000031.1
INFO     : ############ Processing replicon NZ_CYAZ01000032.1 (32/327) ############

INFO     : Starting Default search ... :
INFO     : Default search done... : 
INFO     : In replicon NZ_CYAZ01000032.1, there are:
INFO     : - 0 complete integron(s) found with a total 0 attC site(s)
INFO     : - 0 CALIN element(s) found with a total of 0 attC site(s)
INFO     : - 0 In0 element(s) found with a total of 0 attC site
INFO     : Starting search with local_max...:
INFO     : Search with local_max done... :
INFO     : In replicon NZ_CYAZ01000032.1, there are:
INFO     : - 0 complete integron(s) found with a total 0 attC site(s)
INFO     : - 0 CALIN element(s) found with a total of 0 attC site(s)
INFO     : - 0 In0 element(s) found with a total of 0 attC site
INFO     : Writing out results for replicon NZ_CYAZ01000032.1
INFO     : ############ Processing replicon NZ_CYAZ01000033.1 (33/327) ############

INFO     : Starting Default search ... :
INFO     : Default search done... : 
INFO     : In replicon NZ_CYAZ01000033.1, there are:
INFO     : - 0 complete integron(s) found with a total 0 attC site(s)
INFO     : - 0 CALIN element(s) found with a total of 0 attC site(s)
INFO     : - 0 In0 element(s) found with a total of 0 attC site
INFO     : Starting search with local_max...:
INFO     : Search with local_max done... :
INFO     : In replicon NZ_CYAZ01000033.1, there are:
INFO     : - 0 complete integron(s) found with a total 0 attC site(s)
INFO     : - 0 CALIN element(s) found with a total of 0 attC site(s)
INFO     : - 0 In0 element(s) found with a total of 0 attC site
INFO     : Writing out results for replicon NZ_CYAZ01000033.1
INFO     : ############ Processing replicon NZ_CYAZ01000034.1 (34/327) ############

INFO     : Starting Default search ... :
INFO     : Default search done... : 
INFO     : In replicon NZ_CYAZ01000034.1, there are:
INFO     : - 0 complete integron(s) found with a total 0 attC site(s)
INFO     : - 0 CALIN element(s) found with a total of 0 attC site(s)
INFO     : - 0 In0 element(s) found with a total of 0 attC site
INFO     : Starting search with local_max...:
INFO     : Search with local_max done... :
INFO     : In replicon NZ_CYAZ01000034.1, there are:
INFO     : - 0 complete integron(s) found with a total 0 attC site(s)
INFO     : - 0 CALIN element(s) found with a total of 0 attC site(s)
INFO     : - 0 In0 element(s) found with a total of 0 attC site
INFO     : Writing out results for replicon NZ_CYAZ01000034.1
INFO     : ############ Processing replicon NZ_CYAZ01000035.1 (35/327) ############

INFO     : Starting Default search ... :
INFO     : Default search done... : 
INFO     : In replicon NZ_CYAZ01000035.1, there are:
INFO     : - 0 complete integron(s) found with a total 0 attC site(s)
INFO     : - 0 CALIN element(s) found with a total of 0 attC site(s)
INFO     : - 0 In0 element(s) found with a total of 0 attC site
INFO     : Starting search with local_max...:
INFO     : Search with local_max done... :
INFO     : In replicon NZ_CYAZ01000035.1, there are:
INFO     : - 0 complete integron(s) found with a total 0 attC site(s)
INFO     : - 0 CALIN element(s) found with a total of 0 attC site(s)
INFO     : - 0 In0 element(s) found with a total of 0 attC site
INFO     : Writing out results for replicon NZ_CYAZ01000035.1
INFO     : ############ Processing replicon NZ_CYAZ01000036.1 (36/327) ############

INFO     : Starting Default search ... :
INFO     : Default search done... : 
INFO     : In replicon NZ_CYAZ01000036.1, there are:
INFO     : - 0 complete integron(s) found with a total 0 attC site(s)
INFO     : - 2 CALIN element(s) found with a total of 2 attC site(s)
INFO     : - 0 In0 element(s) found with a total of 0 attC site
INFO     : Starting search with local_max...:
INFO     : Search with local_max done... :
INFO     : In replicon NZ_CYAZ01000036.1, there are:
INFO     : - 0 complete integron(s) found with a total 0 attC site(s)
INFO     : - 0 CALIN element(s) found with a total of 0 attC site(s)
INFO     : - 0 In0 element(s) found with a total of 0 attC site
INFO     : Writing out results for replicon NZ_CYAZ01000036.1
INFO     : ############ Processing replicon NZ_CYAZ01000037.1 (37/327) ############

INFO     : Starting Default search ... :
INFO     : Default search done... : 
INFO     : In replicon NZ_CYAZ01000037.1, there are:
INFO     : - 0 complete integron(s) found with a total 0 attC site(s)
INFO     : - 0 CALIN element(s) found with a total of 0 attC site(s)
INFO     : - 0 In0 element(s) found with a total of 0 attC site
INFO     : Starting search with local_max...:
INFO     : Search with local_max done... :
INFO     : In replicon NZ_CYAZ01000037.1, there are:
INFO     : - 0 complete integron(s) found with a total 0 attC site(s)
INFO     : - 0 CALIN element(s) found with a total of 0 attC site(s)
INFO     : - 0 In0 element(s) found with a total of 0 attC site
INFO     : Writing out results for replicon NZ_CYAZ01000037.1
INFO     : ############ Processing replicon NZ_CYAZ01000038.1 (38/327) ############

INFO     : Starting Default search ... :
INFO     : Default search done... : 
INFO     : In replicon NZ_CYAZ01000038.1, there are:
INFO     : - 0 complete integron(s) found with a total 0 attC site(s)
INFO     : - 0 CALIN element(s) found with a total of 0 attC site(s)
INFO     : - 0 In0 element(s) found with a total of 0 attC site
INFO     : Starting search with local_max...:
INFO     : Search with local_max done... :
INFO     : In replicon NZ_CYAZ01000038.1, there are:
INFO     : - 0 complete integron(s) found with a total 0 attC site(s)
INFO     : - 0 CALIN element(s) found with a total of 0 attC site(s)
INFO     : - 0 In0 element(s) found with a total of 0 attC site
INFO     : Writing out results for replicon NZ_CYAZ01000038.1
INFO     : ############ Processing replicon NZ_CYAZ01000039.1 (39/327) ############

INFO     : Starting Default search ... :
INFO     : Default search done... : 
INFO     : In replicon NZ_CYAZ01000039.1, there are:
INFO     : - 0 complete integron(s) found with a total 0 attC site(s)
INFO     : - 0 CALIN element(s) found with a total of 0 attC site(s)
INFO     : - 0 In0 element(s) found with a total of 0 attC site
INFO     : Starting search with local_max...:
INFO     : Search with local_max done... :
INFO     : In replicon NZ_CYAZ01000039.1, there are:
INFO     : - 0 complete integron(s) found with a total 0 attC site(s)
INFO     : - 0 CALIN element(s) found with a total of 0 attC site(s)
INFO     : - 0 In0 element(s) found with a total of 0 attC site
INFO     : Writing out results for replicon NZ_CYAZ01000039.1
INFO     : ############ Processing replicon NZ_CYAZ01000040.1 (40/327) ############

INFO     : Starting Default search ... :
INFO     : Default search done... : 
INFO     : In replicon NZ_CYAZ01000040.1, there are:
INFO     : - 0 complete integron(s) found with a total 0 attC site(s)
INFO     : - 0 CALIN element(s) found with a total of 0 attC site(s)
INFO     : - 0 In0 element(s) found with a total of 0 attC site
INFO     : Starting search with local_max...:
INFO     : Search with local_max done... :
INFO     : In replicon NZ_CYAZ01000040.1, there are:
INFO     : - 0 complete integron(s) found with a total 0 attC site(s)
INFO     : - 0 CALIN element(s) found with a total of 0 attC site(s)
INFO     : - 0 In0 element(s) found with a total of 0 attC site
INFO     : Writing out results for replicon NZ_CYAZ01000040.1
INFO     : ############ Processing replicon NZ_CYAZ01000041.1 (41/327) ############

INFO     : Starting Default search ... :
INFO     : Default search done... : 
INFO     : In replicon NZ_CYAZ01000041.1, there are:
INFO     : - 0 complete integron(s) found with a total 0 attC site(s)
INFO     : - 0 CALIN element(s) found with a total of 0 attC site(s)
INFO     : - 0 In0 element(s) found with a total of 0 attC site
INFO     : Starting search with local_max...:
INFO     : Search with local_max done... :
INFO     : In replicon NZ_CYAZ01000041.1, there are:
INFO     : - 0 complete integron(s) found with a total 0 attC site(s)
INFO     : - 0 CALIN element(s) found with a total of 0 attC site(s)
INFO     : - 0 In0 element(s) found with a total of 0 attC site
INFO     : Writing out results for replicon NZ_CYAZ01000041.1
INFO     : ############ Processing replicon NZ_CYAZ01000042.1 (42/327) ############

INFO     : Starting Default search ... :
INFO     : Default search done... : 
INFO     : In replicon NZ_CYAZ01000042.1, there are:
INFO     : - 0 complete integron(s) found with a total 0 attC site(s)
INFO     : - 0 CALIN element(s) found with a total of 0 attC site(s)
INFO     : - 0 In0 element(s) found with a total of 0 attC site
INFO     : Starting search with local_max...:
INFO     : Search with local_max done... :
INFO     : In replicon NZ_CYAZ01000042.1, there are:
INFO     : - 0 complete integron(s) found with a total 0 attC site(s)
INFO     : - 0 CALIN element(s) found with a total of 0 attC site(s)
INFO     : - 0 In0 element(s) found with a total of 0 attC site
INFO     : Writing out results for replicon NZ_CYAZ01000042.1
INFO     : ############ Processing replicon NZ_CYAZ01000043.1 (43/327) ############

INFO     : Starting Default search ... :
INFO     : Default search done... : 
INFO     : In replicon NZ_CYAZ01000043.1, there are:
INFO     : - 0 complete integron(s) found with a total 0 attC site(s)
INFO     : - 0 CALIN element(s) found with a total of 0 attC site(s)
INFO     : - 0 In0 element(s) found with a total of 0 attC site
INFO     : Starting search with local_max...:
INFO     : Search with local_max done... :
INFO     : In replicon NZ_CYAZ01000043.1, there are:
INFO     : - 0 complete integron(s) found with a total 0 attC site(s)
INFO     : - 0 CALIN element(s) found with a total of 0 attC site(s)
INFO     : - 0 In0 element(s) found with a total of 0 attC site
INFO     : Writing out results for replicon NZ_CYAZ01000043.1
INFO     : ############ Processing replicon NZ_CYAZ01000044.1 (44/327) ############

INFO     : Starting Default search ... :
INFO     : Default search done... : 
INFO     : In replicon NZ_CYAZ01000044.1, there are:
INFO     : - 0 complete integron(s) found with a total 0 attC site(s)
INFO     : - 0 CALIN element(s) found with a total of 0 attC site(s)
INFO     : - 0 In0 element(s) found with a total of 0 attC site
INFO     : Starting search with local_max...:
INFO     : Search with local_max done... :
INFO     : In replicon NZ_CYAZ01000044.1, there are:
INFO     : - 0 complete integron(s) found with a total 0 attC site(s)
INFO     : - 0 CALIN element(s) found with a total of 0 attC site(s)
INFO     : - 0 In0 element(s) found with a total of 0 attC site
INFO     : Writing out results for replicon NZ_CYAZ01000044.1
INFO     : ############ Processing replicon NZ_CYAZ01000045.1 (45/327) ############

INFO     : Starting Default search ... :
INFO     : Default search done... : 
INFO     : In replicon NZ_CYAZ01000045.1, there are:
INFO     : - 0 complete integron(s) found with a total 0 attC site(s)
INFO     : - 0 CALIN element(s) found with a total of 0 attC site(s)
INFO     : - 0 In0 element(s) found with a total of 0 attC site
INFO     : Starting search with local_max...:
INFO     : Search with local_max done... :
INFO     : In replicon NZ_CYAZ01000045.1, there are:
INFO     : - 0 complete integron(s) found with a total 0 attC site(s)
INFO     : - 0 CALIN element(s) found with a total of 0 attC site(s)
INFO     : - 0 In0 element(s) found with a total of 0 attC site
INFO     : Writing out results for replicon NZ_CYAZ01000045.1
INFO     : ############ Processing replicon NZ_CYAZ01000046.1 (46/327) ############

INFO     : Starting Default search ... :
INFO     : Default search done... : 
INFO     : In replicon NZ_CYAZ01000046.1, there are:
INFO     : - 0 complete integron(s) found with a total 0 attC site(s)
INFO     : - 0 CALIN element(s) found with a total of 0 attC site(s)
INFO     : - 0 In0 element(s) found with a total of 0 attC site
INFO     : Starting search with local_max...:
INFO     : Search with local_max done... :
INFO     : In replicon NZ_CYAZ01000046.1, there are:
INFO     : - 0 complete integron(s) found with a total 0 attC site(s)
INFO     : - 0 CALIN element(s) found with a total of 0 attC site(s)
INFO     : - 0 In0 element(s) found with a total of 0 attC site
INFO     : Writing out results for replicon NZ_CYAZ01000046.1
INFO     : ############ Processing replicon NZ_CYAZ01000047.1 (47/327) ############

INFO     : Starting Default search ... :
INFO     : Default search done... : 
INFO     : In replicon NZ_CYAZ01000047.1, there are:
INFO     : - 0 complete integron(s) found with a total 0 attC site(s)
INFO     : - 0 CALIN element(s) found with a total of 0 attC site(s)
INFO     : - 0 In0 element(s) found with a total of 0 attC site
INFO     : Starting search with local_max...:
INFO     : Search with local_max done... :
INFO     : In replicon NZ_CYAZ01000047.1, there are:
INFO     : - 0 complete integron(s) found with a total 0 attC site(s)
INFO     : - 0 CALIN element(s) found with a total of 0 attC site(s)
INFO     : - 0 In0 element(s) found with a total of 0 attC site
INFO     : Writing out results for replicon NZ_CYAZ01000047.1
INFO     : ############ Processing replicon NZ_CYAZ01000048.1 (48/327) ############

INFO     : Starting Default search ... :
INFO     : Default search done... : 
INFO     : In replicon NZ_CYAZ01000048.1, there are:
INFO     : - 0 complete integron(s) found with a total 0 attC site(s)
INFO     : - 0 CALIN element(s) found with a total of 0 attC site(s)
INFO     : - 0 In0 element(s) found with a total of 0 attC site
INFO     : Starting search with local_max...:
INFO     : Search with local_max done... :
INFO     : In replicon NZ_CYAZ01000048.1, there are:
INFO     : - 0 complete integron(s) found with a total 0 attC site(s)
INFO     : - 0 CALIN element(s) found with a total of 0 attC site(s)
INFO     : - 0 In0 element(s) found with a total of 0 attC site
INFO     : Writing out results for replicon NZ_CYAZ01000048.1
INFO     : ############ Processing replicon NZ_CYAZ01000049.1 (49/327) ############

INFO     : Starting Default search ... :
INFO     : Default search done... : 
INFO     : In replicon NZ_CYAZ01000049.1, there are:
INFO     : - 0 complete integron(s) found with a total 0 attC site(s)
INFO     : - 0 CALIN element(s) found with a total of 0 attC site(s)
INFO     : - 0 In0 element(s) found with a total of 0 attC site
INFO     : Starting search with local_max...:
INFO     : Search with local_max done... :
INFO     : In replicon NZ_CYAZ01000049.1, there are:
INFO     : - 0 complete integron(s) found with a total 0 attC site(s)
INFO     : - 0 CALIN element(s) found with a total of 0 attC site(s)
INFO     : - 0 In0 element(s) found with a total of 0 attC site
INFO     : Writing out results for replicon NZ_CYAZ01000049.1
INFO     : ############ Processing replicon NZ_CYAZ01000050.1 (50/327) ############

INFO     : Starting Default search ... :
INFO     : Default search done... : 
INFO     : In replicon NZ_CYAZ01000050.1, there are:
INFO     : - 0 complete integron(s) found with a total 0 attC site(s)
INFO     : - 0 CALIN element(s) found with a total of 0 attC site(s)
INFO     : - 0 In0 element(s) found with a total of 0 attC site
INFO     : Starting search with local_max...:
INFO     : Search with local_max done... :
INFO     : In replicon NZ_CYAZ01000050.1, there are:
INFO     : - 0 complete integron(s) found with a total 0 attC site(s)
INFO     : - 0 CALIN element(s) found with a total of 0 attC site(s)
INFO     : - 0 In0 element(s) found with a total of 0 attC site
INFO     : Writing out results for replicon NZ_CYAZ01000050.1
INFO     : ############ Processing replicon NZ_CYAZ01000051.1 (51/327) ############

INFO     : Starting Default search ... :
INFO     : Default search done... : 
INFO     : In replicon NZ_CYAZ01000051.1, there are:
INFO     : - 0 complete integron(s) found with a total 0 attC site(s)
INFO     : - 0 CALIN element(s) found with a total of 0 attC site(s)
INFO     : - 0 In0 element(s) found with a total of 0 attC site
INFO     : Starting search with local_max...:
INFO     : Search with local_max done... :
INFO     : In replicon NZ_CYAZ01000051.1, there are:
INFO     : - 0 complete integron(s) found with a total 0 attC site(s)
INFO     : - 0 CALIN element(s) found with a total of 0 attC site(s)
INFO     : - 0 In0 element(s) found with a total of 0 attC site
INFO     : Writing out results for replicon NZ_CYAZ01000051.1
INFO     : ############ Processing replicon NZ_CYAZ01000052.1 (52/327) ############

INFO     : Starting Default search ... :
INFO     : Default search done... : 
INFO     : In replicon NZ_CYAZ01000052.1, there are:
INFO     : - 0 complete integron(s) found with a total 0 attC site(s)
INFO     : - 0 CALIN element(s) found with a total of 0 attC site(s)
INFO     : - 0 In0 element(s) found with a total of 0 attC site
INFO     : Starting search with local_max...:
INFO     : Search with local_max done... :
INFO     : In replicon NZ_CYAZ01000052.1, there are:
INFO     : - 0 complete integron(s) found with a total 0 attC site(s)
INFO     : - 0 CALIN element(s) found with a total of 0 attC site(s)
INFO     : - 0 In0 element(s) found with a total of 0 attC site
INFO     : Writing out results for replicon NZ_CYAZ01000052.1
INFO     : ############ Processing replicon NZ_CYAZ01000053.1 (53/327) ############

INFO     : Starting Default search ... :
INFO     : Default search done... : 
INFO     : In replicon NZ_CYAZ01000053.1, there are:
INFO     : - 0 complete integron(s) found with a total 0 attC site(s)
INFO     : - 0 CALIN element(s) found with a total of 0 attC site(s)
INFO     : - 0 In0 element(s) found with a total of 0 attC site
INFO     : Starting search with local_max...:
INFO     : Search with local_max done... :
INFO     : In replicon NZ_CYAZ01000053.1, there are:
INFO     : - 0 complete integron(s) found with a total 0 attC site(s)
INFO     : - 0 CALIN element(s) found with a total of 0 attC site(s)
INFO     : - 0 In0 element(s) found with a total of 0 attC site
INFO     : Writing out results for replicon NZ_CYAZ01000053.1
INFO     : ############ Processing replicon NZ_CYAZ01000054.1 (54/327) ############

INFO     : Starting Default search ... :
INFO     : Default search done... : 
INFO     : In replicon NZ_CYAZ01000054.1, there are:
INFO     : - 0 complete integron(s) found with a total 0 attC site(s)
INFO     : - 0 CALIN element(s) found with a total of 0 attC site(s)
INFO     : - 0 In0 element(s) found with a total of 0 attC site
INFO     : Starting search with local_max...:
INFO     : Search with local_max done... :
INFO     : In replicon NZ_CYAZ01000054.1, there are:
INFO     : - 0 complete integron(s) found with a total 0 attC site(s)
INFO     : - 0 CALIN element(s) found with a total of 0 attC site(s)
INFO     : - 0 In0 element(s) found with a total of 0 attC site
INFO     : Writing out results for replicon NZ_CYAZ01000054.1
INFO     : ############ Processing replicon NZ_CYAZ01000055.1 (55/327) ############

INFO     : Starting Default search ... :
INFO     : Default search done... : 
INFO     : In replicon NZ_CYAZ01000055.1, there are:
INFO     : - 0 complete integron(s) found with a total 0 attC site(s)
INFO     : - 0 CALIN element(s) found with a total of 0 attC site(s)
INFO     : - 0 In0 element(s) found with a total of 0 attC site
INFO     : Starting search with local_max...:
INFO     : Search with local_max done... :
INFO     : In replicon NZ_CYAZ01000055.1, there are:
INFO     : - 0 complete integron(s) found with a total 0 attC site(s)
INFO     : - 0 CALIN element(s) found with a total of 0 attC site(s)
INFO     : - 0 In0 element(s) found with a total of 0 attC site
INFO     : Writing out results for replicon NZ_CYAZ01000055.1
INFO     : ############ Processing replicon NZ_CYAZ01000056.1 (56/327) ############

INFO     : Starting Default search ... :
INFO     : Default search done... : 
INFO     : In replicon NZ_CYAZ01000056.1, there are:
INFO     : - 0 complete integron(s) found with a total 0 attC site(s)
INFO     : - 0 CALIN element(s) found with a total of 0 attC site(s)
INFO     : - 0 In0 element(s) found with a total of 0 attC site
INFO     : Starting search with local_max...:
INFO     : Search with local_max done... :
INFO     : In replicon NZ_CYAZ01000056.1, there are:
INFO     : - 0 complete integron(s) found with a total 0 attC site(s)
INFO     : - 0 CALIN element(s) found with a total of 0 attC site(s)
INFO     : - 0 In0 element(s) found with a total of 0 attC site
INFO     : Writing out results for replicon NZ_CYAZ01000056.1
INFO     : ############ Processing replicon NZ_CYAZ01000057.1 (57/327) ############

INFO     : Starting Default search ... :
INFO     : Default search done... : 
INFO     : In replicon NZ_CYAZ01000057.1, there are:
INFO     : - 0 complete integron(s) found with a total 0 attC site(s)
INFO     : - 0 CALIN element(s) found with a total of 0 attC site(s)
INFO     : - 0 In0 element(s) found with a total of 0 attC site
INFO     : Starting search with local_max...:
INFO     : Search with local_max done... :
INFO     : In replicon NZ_CYAZ01000057.1, there are:
INFO     : - 0 complete integron(s) found with a total 0 attC site(s)
INFO     : - 0 CALIN element(s) found with a total of 0 attC site(s)
INFO     : - 0 In0 element(s) found with a total of 0 attC site
INFO     : Writing out results for replicon NZ_CYAZ01000057.1
INFO     : ############ Processing replicon NZ_CYAZ01000058.1 (58/327) ############

INFO     : Starting Default search ... :
INFO     : Default search done... : 
INFO     : In replicon NZ_CYAZ01000058.1, there are:
INFO     : - 0 complete integron(s) found with a total 0 attC site(s)
INFO     : - 0 CALIN element(s) found with a total of 0 attC site(s)
INFO     : - 0 In0 element(s) found with a total of 0 attC site
INFO     : Starting search with local_max...:
INFO     : Search with local_max done... :
INFO     : In replicon NZ_CYAZ01000058.1, there are:
INFO     : - 0 complete integron(s) found with a total 0 attC site(s)
INFO     : - 0 CALIN element(s) found with a total of 0 attC site(s)
INFO     : - 0 In0 element(s) found with a total of 0 attC site
INFO     : Writing out results for replicon NZ_CYAZ01000058.1
INFO     : ############ Processing replicon NZ_CYAZ01000059.1 (59/327) ############

INFO     : Starting Default search ... :
INFO     : Default search done... : 
INFO     : In replicon NZ_CYAZ01000059.1, there are:
INFO     : - 0 complete integron(s) found with a total 0 attC site(s)
INFO     : - 0 CALIN element(s) found with a total of 0 attC site(s)
INFO     : - 0 In0 element(s) found with a total of 0 attC site
INFO     : Starting search with local_max...:
INFO     : Search with local_max done... :
INFO     : In replicon NZ_CYAZ01000059.1, there are:
INFO     : - 0 complete integron(s) found with a total 0 attC site(s)
INFO     : - 0 CALIN element(s) found with a total of 0 attC site(s)
INFO     : - 0 In0 element(s) found with a total of 0 attC site
INFO     : Writing out results for replicon NZ_CYAZ01000059.1
INFO     : ############ Processing replicon NZ_CYAZ01000060.1 (60/327) ############

INFO     : Starting Default search ... :
INFO     : Default search done... : 
INFO     : In replicon NZ_CYAZ01000060.1, there are:
INFO     : - 0 complete integron(s) found with a total 0 attC site(s)
INFO     : - 0 CALIN element(s) found with a total of 0 attC site(s)
INFO     : - 0 In0 element(s) found with a total of 0 attC site
INFO     : Starting search with local_max...:
INFO     : Search with local_max done... :
INFO     : In replicon NZ_CYAZ01000060.1, there are:
INFO     : - 0 complete integron(s) found with a total 0 attC site(s)
INFO     : - 0 CALIN element(s) found with a total of 0 attC site(s)
INFO     : - 0 In0 element(s) found with a total of 0 attC site
INFO     : Writing out results for replicon NZ_CYAZ01000060.1
INFO     : ############ Processing replicon NZ_CYAZ01000061.1 (61/327) ############

INFO     : Starting Default search ... :
INFO     : Default search done... : 
INFO     : In replicon NZ_CYAZ01000061.1, there are:
INFO     : - 0 complete integron(s) found with a total 0 attC site(s)
INFO     : - 0 CALIN element(s) found with a total of 0 attC site(s)
INFO     : - 0 In0 element(s) found with a total of 0 attC site
INFO     : Starting search with local_max...:
INFO     : Search with local_max done... :
INFO     : In replicon NZ_CYAZ01000061.1, there are:
INFO     : - 0 complete integron(s) found with a total 0 attC site(s)
INFO     : - 0 CALIN element(s) found with a total of 0 attC site(s)
INFO     : - 0 In0 element(s) found with a total of 0 attC site
INFO     : Writing out results for replicon NZ_CYAZ01000061.1
INFO     : ############ Processing replicon NZ_CYAZ01000062.1 (62/327) ############

INFO     : Starting Default search ... :
INFO     : Default search done... : 
INFO     : In replicon NZ_CYAZ01000062.1, there are:
INFO     : - 0 complete integron(s) found with a total 0 attC site(s)
INFO     : - 0 CALIN element(s) found with a total of 0 attC site(s)
INFO     : - 0 In0 element(s) found with a total of 0 attC site
INFO     : Starting search with local_max...:
INFO     : Search with local_max done... :
INFO     : In replicon NZ_CYAZ01000062.1, there are:
INFO     : - 0 complete integron(s) found with a total 0 attC site(s)
INFO     : - 0 CALIN element(s) found with a total of 0 attC site(s)
INFO     : - 0 In0 element(s) found with a total of 0 attC site
INFO     : Writing out results for replicon NZ_CYAZ01000062.1
INFO     : ############ Processing replicon NZ_CYAZ01000063.1 (63/327) ############

INFO     : Starting Default search ... :
INFO     : Default search done... : 
INFO     : In replicon NZ_CYAZ01000063.1, there are:
INFO     : - 0 complete integron(s) found with a total 0 attC site(s)
INFO     : - 0 CALIN element(s) found with a total of 0 attC site(s)
INFO     : - 0 In0 element(s) found with a total of 0 attC site
INFO     : Starting search with local_max...:
INFO     : Search with local_max done... :
INFO     : In replicon NZ_CYAZ01000063.1, there are:
INFO     : - 0 complete integron(s) found with a total 0 attC site(s)
INFO     : - 0 CALIN element(s) found with a total of 0 attC site(s)
INFO     : - 0 In0 element(s) found with a total of 0 attC site
INFO     : Writing out results for replicon NZ_CYAZ01000063.1
INFO     : ############ Processing replicon NZ_CYAZ01000064.1 (64/327) ############

INFO     : Starting Default search ... :
INFO     : Default search done... : 
INFO     : In replicon NZ_CYAZ01000064.1, there are:
INFO     : - 0 complete integron(s) found with a total 0 attC site(s)
INFO     : - 0 CALIN element(s) found with a total of 0 attC site(s)
INFO     : - 0 In0 element(s) found with a total of 0 attC site
INFO     : Starting search with local_max...:
INFO     : Search with local_max done... :
INFO     : In replicon NZ_CYAZ01000064.1, there are:
INFO     : - 0 complete integron(s) found with a total 0 attC site(s)
INFO     : - 0 CALIN element(s) found with a total of 0 attC site(s)
INFO     : - 0 In0 element(s) found with a total of 0 attC site
INFO     : Writing out results for replicon NZ_CYAZ01000064.1
INFO     : ############ Processing replicon NZ_CYAZ01000065.1 (65/327) ############

INFO     : Starting Default search ... :
INFO     : Default search done... : 
INFO     : In replicon NZ_CYAZ01000065.1, there are:
INFO     : - 0 complete integron(s) found with a total 0 attC site(s)
INFO     : - 0 CALIN element(s) found with a total of 0 attC site(s)
INFO     : - 0 In0 element(s) found with a total of 0 attC site
INFO     : Starting search with local_max...:
INFO     : Search with local_max done... :
INFO     : In replicon NZ_CYAZ01000065.1, there are:
INFO     : - 0 complete integron(s) found with a total 0 attC site(s)
INFO     : - 0 CALIN element(s) found with a total of 0 attC site(s)
INFO     : - 0 In0 element(s) found with a total of 0 attC site
INFO     : Writing out results for replicon NZ_CYAZ01000065.1
INFO     : ############ Processing replicon NZ_CYAZ01000066.1 (66/327) ############

INFO     : Starting Default search ... :
INFO     : Default search done... : 
INFO     : In replicon NZ_CYAZ01000066.1, there are:
INFO     : - 0 complete integron(s) found with a total 0 attC site(s)
INFO     : - 0 CALIN element(s) found with a total of 0 attC site(s)
INFO     : - 0 In0 element(s) found with a total of 0 attC site
INFO     : Starting search with local_max...:
INFO     : Search with local_max done... :
INFO     : In replicon NZ_CYAZ01000066.1, there are:
INFO     : - 0 complete integron(s) found with a total 0 attC site(s)
INFO     : - 0 CALIN element(s) found with a total of 0 attC site(s)
INFO     : - 0 In0 element(s) found with a total of 0 attC site
INFO     : Writing out results for replicon NZ_CYAZ01000066.1
INFO     : ############ Processing replicon NZ_CYAZ01000067.1 (67/327) ############

INFO     : Starting Default search ... :
INFO     : Default search done... : 
INFO     : In replicon NZ_CYAZ01000067.1, there are:
INFO     : - 0 complete integron(s) found with a total 0 attC site(s)
INFO     : - 0 CALIN element(s) found with a total of 0 attC site(s)
INFO     : - 0 In0 element(s) found with a total of 0 attC site
INFO     : Starting search with local_max...:
INFO     : Search with local_max done... :
INFO     : In replicon NZ_CYAZ01000067.1, there are:
INFO     : - 0 complete integron(s) found with a total 0 attC site(s)
INFO     : - 0 CALIN element(s) found with a total of 0 attC site(s)
INFO     : - 0 In0 element(s) found with a total of 0 attC site
INFO     : Writing out results for replicon NZ_CYAZ01000067.1
INFO     : ############ Processing replicon NZ_CYAZ01000068.1 (68/327) ############

INFO     : Starting Default search ... :
INFO     : Default search done... : 
INFO     : In replicon NZ_CYAZ01000068.1, there are:
INFO     : - 0 complete integron(s) found with a total 0 attC site(s)
INFO     : - 0 CALIN element(s) found with a total of 0 attC site(s)
INFO     : - 0 In0 element(s) found with a total of 0 attC site
INFO     : Starting search with local_max...:
INFO     : Search with local_max done... :
INFO     : In replicon NZ_CYAZ01000068.1, there are:
INFO     : - 0 complete integron(s) found with a total 0 attC site(s)
INFO     : - 0 CALIN element(s) found with a total of 0 attC site(s)
INFO     : - 0 In0 element(s) found with a total of 0 attC site
INFO     : Writing out results for replicon NZ_CYAZ01000068.1
INFO     : ############ Processing replicon NZ_CYAZ01000069.1 (69/327) ############

INFO     : Starting Default search ... :
INFO     : Default search done... : 
INFO     : In replicon NZ_CYAZ01000069.1, there are:
INFO     : - 0 complete integron(s) found with a total 0 attC site(s)
INFO     : - 0 CALIN element(s) found with a total of 0 attC site(s)
INFO     : - 0 In0 element(s) found with a total of 0 attC site
INFO     : Starting search with local_max...:
INFO     : Search with local_max done... :
INFO     : In replicon NZ_CYAZ01000069.1, there are:
INFO     : - 0 complete integron(s) found with a total 0 attC site(s)
INFO     : - 0 CALIN element(s) found with a total of 0 attC site(s)
INFO     : - 0 In0 element(s) found with a total of 0 attC site
INFO     : Writing out results for replicon NZ_CYAZ01000069.1
INFO     : ############ Processing replicon NZ_CYAZ01000070.1 (70/327) ############

INFO     : Starting Default search ... :
INFO     : Default search done... : 
INFO     : In replicon NZ_CYAZ01000070.1, there are:
INFO     : - 0 complete integron(s) found with a total 0 attC site(s)
INFO     : - 0 CALIN element(s) found with a total of 0 attC site(s)
INFO     : - 0 In0 element(s) found with a total of 0 attC site
INFO     : Starting search with local_max...:
INFO     : Search with local_max done... :
INFO     : In replicon NZ_CYAZ01000070.1, there are:
INFO     : - 0 complete integron(s) found with a total 0 attC site(s)
INFO     : - 0 CALIN element(s) found with a total of 0 attC site(s)
INFO     : - 0 In0 element(s) found with a total of 0 attC site
INFO     : Writing out results for replicon NZ_CYAZ01000070.1
INFO     : ############ Processing replicon NZ_CYAZ01000071.1 (71/327) ############

INFO     : Starting Default search ... :
INFO     : Default search done... : 
INFO     : In replicon NZ_CYAZ01000071.1, there are:
INFO     : - 0 complete integron(s) found with a total 0 attC site(s)
INFO     : - 0 CALIN element(s) found with a total of 0 attC site(s)
INFO     : - 0 In0 element(s) found with a total of 0 attC site
INFO     : Starting search with local_max...:
INFO     : Search with local_max done... :
INFO     : In replicon NZ_CYAZ01000071.1, there are:
INFO     : - 0 complete integron(s) found with a total 0 attC site(s)
INFO     : - 0 CALIN element(s) found with a total of 0 attC site(s)
INFO     : - 0 In0 element(s) found with a total of 0 attC site
INFO     : Writing out results for replicon NZ_CYAZ01000071.1
INFO     : ############ Processing replicon NZ_CYAZ01000072.1 (72/327) ############

INFO     : Starting Default search ... :
INFO     : Default search done... : 
INFO     : In replicon NZ_CYAZ01000072.1, there are:
INFO     : - 0 complete integron(s) found with a total 0 attC site(s)
INFO     : - 0 CALIN element(s) found with a total of 0 attC site(s)
INFO     : - 0 In0 element(s) found with a total of 0 attC site
INFO     : Starting search with local_max...:
INFO     : Search with local_max done... :
INFO     : In replicon NZ_CYAZ01000072.1, there are:
INFO     : - 0 complete integron(s) found with a total 0 attC site(s)
INFO     : - 0 CALIN element(s) found with a total of 0 attC site(s)
INFO     : - 0 In0 element(s) found with a total of 0 attC site
INFO     : Writing out results for replicon NZ_CYAZ01000072.1
INFO     : ############ Processing replicon NZ_CYAZ01000073.1 (73/327) ############

INFO     : Starting Default search ... :
INFO     : Default search done... : 
INFO     : In replicon NZ_CYAZ01000073.1, there are:
INFO     : - 0 complete integron(s) found with a total 0 attC site(s)
INFO     : - 0 CALIN element(s) found with a total of 0 attC site(s)
INFO     : - 0 In0 element(s) found with a total of 0 attC site
INFO     : Starting search with local_max...:
INFO     : Search with local_max done... :
INFO     : In replicon NZ_CYAZ01000073.1, there are:
INFO     : - 0 complete integron(s) found with a total 0 attC site(s)
INFO     : - 0 CALIN element(s) found with a total of 0 attC site(s)
INFO     : - 0 In0 element(s) found with a total of 0 attC site
INFO     : Writing out results for replicon NZ_CYAZ01000073.1
INFO     : ############ Processing replicon NZ_CYAZ01000074.1 (74/327) ############

INFO     : Starting Default search ... :
INFO     : Default search done... : 
INFO     : In replicon NZ_CYAZ01000074.1, there are:
INFO     : - 0 complete integron(s) found with a total 0 attC site(s)
INFO     : - 0 CALIN element(s) found with a total of 0 attC site(s)
INFO     : - 0 In0 element(s) found with a total of 0 attC site
INFO     : Starting search with local_max...:
INFO     : Search with local_max done... :
INFO     : In replicon NZ_CYAZ01000074.1, there are:
INFO     : - 0 complete integron(s) found with a total 0 attC site(s)
INFO     : - 0 CALIN element(s) found with a total of 0 attC site(s)
INFO     : - 0 In0 element(s) found with a total of 0 attC site
INFO     : Writing out results for replicon NZ_CYAZ01000074.1
INFO     : ############ Processing replicon NZ_CYAZ01000075.1 (75/327) ############

INFO     : Starting Default search ... :
INFO     : Default search done... : 
INFO     : In replicon NZ_CYAZ01000075.1, there are:
INFO     : - 0 complete integron(s) found with a total 0 attC site(s)
INFO     : - 0 CALIN element(s) found with a total of 0 attC site(s)
INFO     : - 0 In0 element(s) found with a total of 0 attC site
INFO     : Starting search with local_max...:
INFO     : Search with local_max done... :
INFO     : In replicon NZ_CYAZ01000075.1, there are:
INFO     : - 0 complete integron(s) found with a total 0 attC site(s)
INFO     : - 0 CALIN element(s) found with a total of 0 attC site(s)
INFO     : - 0 In0 element(s) found with a total of 0 attC site
INFO     : Writing out results for replicon NZ_CYAZ01000075.1
INFO     : ############ Processing replicon NZ_CYAZ01000076.1 (76/327) ############

INFO     : Starting Default search ... :
INFO     : Default search done... : 
INFO     : In replicon NZ_CYAZ01000076.1, there are:
INFO     : - 0 complete integron(s) found with a total 0 attC site(s)
INFO     : - 0 CALIN element(s) found with a total of 0 attC site(s)
INFO     : - 0 In0 element(s) found with a total of 0 attC site
INFO     : Starting search with local_max...:
INFO     : Search with local_max done... :
INFO     : In replicon NZ_CYAZ01000076.1, there are:
INFO     : - 0 complete integron(s) found with a total 0 attC site(s)
INFO     : - 0 CALIN element(s) found with a total of 0 attC site(s)
INFO     : - 0 In0 element(s) found with a total of 0 attC site
INFO     : Writing out results for replicon NZ_CYAZ01000076.1
INFO     : ############ Processing replicon NZ_CYAZ01000077.1 (77/327) ############

INFO     : Starting Default search ... :
INFO     : Default search done... : 
INFO     : In replicon NZ_CYAZ01000077.1, there are:
INFO     : - 0 complete integron(s) found with a total 0 attC site(s)
INFO     : - 0 CALIN element(s) found with a total of 0 attC site(s)
INFO     : - 0 In0 element(s) found with a total of 0 attC site
INFO     : Starting search with local_max...:
INFO     : Search with local_max done... :
INFO     : In replicon NZ_CYAZ01000077.1, there are:
INFO     : - 0 complete integron(s) found with a total 0 attC site(s)
INFO     : - 0 CALIN element(s) found with a total of 0 attC site(s)
INFO     : - 0 In0 element(s) found with a total of 0 attC site
INFO     : Writing out results for replicon NZ_CYAZ01000077.1
INFO     : ############ Processing replicon NZ_CYAZ01000078.1 (78/327) ############

INFO     : Starting Default search ... :
INFO     : Default search done... : 
INFO     : In replicon NZ_CYAZ01000078.1, there are:
INFO     : - 0 complete integron(s) found with a total 0 attC site(s)
INFO     : - 0 CALIN element(s) found with a total of 0 attC site(s)
INFO     : - 0 In0 element(s) found with a total of 0 attC site
INFO     : Starting search with local_max...:
INFO     : Search with local_max done... :
INFO     : In replicon NZ_CYAZ01000078.1, there are:
INFO     : - 0 complete integron(s) found with a total 0 attC site(s)
INFO     : - 0 CALIN element(s) found with a total of 0 attC site(s)
INFO     : - 0 In0 element(s) found with a total of 0 attC site
INFO     : Writing out results for replicon NZ_CYAZ01000078.1
INFO     : ############ Processing replicon NZ_CYAZ01000079.1 (79/327) ############

INFO     : Starting Default search ... :
INFO     : Default search done... : 
INFO     : In replicon NZ_CYAZ01000079.1, there are:
INFO     : - 0 complete integron(s) found with a total 0 attC site(s)
INFO     : - 0 CALIN element(s) found with a total of 0 attC site(s)
INFO     : - 0 In0 element(s) found with a total of 0 attC site
INFO     : Starting search with local_max...:
INFO     : Search with local_max done... :
INFO     : In replicon NZ_CYAZ01000079.1, there are:
INFO     : - 0 complete integron(s) found with a total 0 attC site(s)
INFO     : - 0 CALIN element(s) found with a total of 0 attC site(s)
INFO     : - 0 In0 element(s) found with a total of 0 attC site
INFO     : Writing out results for replicon NZ_CYAZ01000079.1
INFO     : ############ Processing replicon NZ_CYAZ01000080.1 (80/327) ############

INFO     : Starting Default search ... :
INFO     : Default search done... : 
INFO     : In replicon NZ_CYAZ01000080.1, there are:
INFO     : - 0 complete integron(s) found with a total 0 attC site(s)
INFO     : - 0 CALIN element(s) found with a total of 0 attC site(s)
INFO     : - 0 In0 element(s) found with a total of 0 attC site
INFO     : Starting search with local_max...:
INFO     : Search with local_max done... :
INFO     : In replicon NZ_CYAZ01000080.1, there are:
INFO     : - 0 complete integron(s) found with a total 0 attC site(s)
INFO     : - 0 CALIN element(s) found with a total of 0 attC site(s)
INFO     : - 0 In0 element(s) found with a total of 0 attC site
INFO     : Writing out results for replicon NZ_CYAZ01000080.1
INFO     : ############ Processing replicon NZ_CYAZ01000081.1 (81/327) ############

INFO     : Starting Default search ... :
INFO     : Default search done... : 
INFO     : In replicon NZ_CYAZ01000081.1, there are:
INFO     : - 0 complete integron(s) found with a total 0 attC site(s)
INFO     : - 0 CALIN element(s) found with a total of 0 attC site(s)
INFO     : - 0 In0 element(s) found with a total of 0 attC site
INFO     : Starting search with local_max...:
INFO     : Search with local_max done... :
INFO     : In replicon NZ_CYAZ01000081.1, there are:
INFO     : - 0 complete integron(s) found with a total 0 attC site(s)
INFO     : - 0 CALIN element(s) found with a total of 0 attC site(s)
INFO     : - 0 In0 element(s) found with a total of 0 attC site
INFO     : Writing out results for replicon NZ_CYAZ01000081.1
INFO     : ############ Processing replicon NZ_CYAZ01000082.1 (82/327) ############

INFO     : Starting Default search ... :
INFO     : Default search done... : 
INFO     : In replicon NZ_CYAZ01000082.1, there are:
INFO     : - 0 complete integron(s) found with a total 0 attC site(s)
INFO     : - 0 CALIN element(s) found with a total of 0 attC site(s)
INFO     : - 0 In0 element(s) found with a total of 0 attC site
INFO     : Starting search with local_max...:
INFO     : Search with local_max done... :
INFO     : In replicon NZ_CYAZ01000082.1, there are:
INFO     : - 0 complete integron(s) found with a total 0 attC site(s)
INFO     : - 0 CALIN element(s) found with a total of 0 attC site(s)
INFO     : - 0 In0 element(s) found with a total of 0 attC site
INFO     : Writing out results for replicon NZ_CYAZ01000082.1
INFO     : ############ Processing replicon NZ_CYAZ01000083.1 (83/327) ############

INFO     : Starting Default search ... :
INFO     : Default search done... : 
INFO     : In replicon NZ_CYAZ01000083.1, there are:
INFO     : - 0 complete integron(s) found with a total 0 attC site(s)
INFO     : - 0 CALIN element(s) found with a total of 0 attC site(s)
INFO     : - 0 In0 element(s) found with a total of 0 attC site
INFO     : Starting search with local_max...:
INFO     : Search with local_max done... :
INFO     : In replicon NZ_CYAZ01000083.1, there are:
INFO     : - 0 complete integron(s) found with a total 0 attC site(s)
INFO     : - 0 CALIN element(s) found with a total of 0 attC site(s)
INFO     : - 0 In0 element(s) found with a total of 0 attC site
INFO     : Writing out results for replicon NZ_CYAZ01000083.1
INFO     : ############ Processing replicon NZ_CYAZ01000084.1 (84/327) ############

INFO     : Starting Default search ... :
INFO     : Default search done... : 
INFO     : In replicon NZ_CYAZ01000084.1, there are:
INFO     : - 0 complete integron(s) found with a total 0 attC site(s)
INFO     : - 0 CALIN element(s) found with a total of 0 attC site(s)
INFO     : - 0 In0 element(s) found with a total of 0 attC site
INFO     : Starting search with local_max...:
INFO     : Search with local_max done... :
INFO     : In replicon NZ_CYAZ01000084.1, there are:
INFO     : - 0 complete integron(s) found with a total 0 attC site(s)
INFO     : - 0 CALIN element(s) found with a total of 0 attC site(s)
INFO     : - 0 In0 element(s) found with a total of 0 attC site
INFO     : Writing out results for replicon NZ_CYAZ01000084.1
INFO     : ############ Processing replicon NZ_CYAZ01000085.1 (85/327) ############

INFO     : Starting Default search ... :
INFO     : Default search done... : 
INFO     : In replicon NZ_CYAZ01000085.1, there are:
INFO     : - 0 complete integron(s) found with a total 0 attC site(s)
INFO     : - 0 CALIN element(s) found with a total of 0 attC site(s)
INFO     : - 0 In0 element(s) found with a total of 0 attC site
INFO     : Starting search with local_max...:
INFO     : Search with local_max done... :
INFO     : In replicon NZ_CYAZ01000085.1, there are:
INFO     : - 0 complete integron(s) found with a total 0 attC site(s)
INFO     : - 0 CALIN element(s) found with a total of 0 attC site(s)
INFO     : - 0 In0 element(s) found with a total of 0 attC site
INFO     : Writing out results for replicon NZ_CYAZ01000085.1
INFO     : ############ Processing replicon NZ_CYAZ01000086.1 (86/327) ############

INFO     : Starting Default search ... :
INFO     : Default search done... : 
INFO     : In replicon NZ_CYAZ01000086.1, there are:
INFO     : - 0 complete integron(s) found with a total 0 attC site(s)
INFO     : - 0 CALIN element(s) found with a total of 0 attC site(s)
INFO     : - 0 In0 element(s) found with a total of 0 attC site
INFO     : Starting search with local_max...:
INFO     : Search with local_max done... :
INFO     : In replicon NZ_CYAZ01000086.1, there are:
INFO     : - 0 complete integron(s) found with a total 0 attC site(s)
INFO     : - 0 CALIN element(s) found with a total of 0 attC site(s)
INFO     : - 0 In0 element(s) found with a total of 0 attC site
INFO     : Writing out results for replicon NZ_CYAZ01000086.1
INFO     : ############ Processing replicon NZ_CYAZ01000087.1 (87/327) ############

INFO     : Starting Default search ... :
INFO     : Default search done... : 
INFO     : In replicon NZ_CYAZ01000087.1, there are:
INFO     : - 0 complete integron(s) found with a total 0 attC site(s)
INFO     : - 0 CALIN element(s) found with a total of 0 attC site(s)
INFO     : - 0 In0 element(s) found with a total of 0 attC site
INFO     : Starting search with local_max...:
INFO     : Search with local_max done... :
INFO     : In replicon NZ_CYAZ01000087.1, there are:
INFO     : - 0 complete integron(s) found with a total 0 attC site(s)
INFO     : - 0 CALIN element(s) found with a total of 0 attC site(s)
INFO     : - 0 In0 element(s) found with a total of 0 attC site
INFO     : Writing out results for replicon NZ_CYAZ01000087.1
INFO     : ############ Processing replicon NZ_CYAZ01000088.1 (88/327) ############

INFO     : Starting Default search ... :
INFO     : Default search done... : 
INFO     : In replicon NZ_CYAZ01000088.1, there are:
INFO     : - 0 complete integron(s) found with a total 0 attC site(s)
INFO     : - 0 CALIN element(s) found with a total of 0 attC site(s)
INFO     : - 0 In0 element(s) found with a total of 0 attC site
INFO     : Starting search with local_max...:
INFO     : Search with local_max done... :
INFO     : In replicon NZ_CYAZ01000088.1, there are:
INFO     : - 0 complete integron(s) found with a total 0 attC site(s)
INFO     : - 0 CALIN element(s) found with a total of 0 attC site(s)
INFO     : - 0 In0 element(s) found with a total of 0 attC site
INFO     : Writing out results for replicon NZ_CYAZ01000088.1
INFO     : ############ Processing replicon NZ_CYAZ01000089.1 (89/327) ############

INFO     : Starting Default search ... :
INFO     : Default search done... : 
INFO     : In replicon NZ_CYAZ01000089.1, there are:
INFO     : - 0 complete integron(s) found with a total 0 attC site(s)
INFO     : - 0 CALIN element(s) found with a total of 0 attC site(s)
INFO     : - 0 In0 element(s) found with a total of 0 attC site
INFO     : Starting search with local_max...:
INFO     : Search with local_max done... :
INFO     : In replicon NZ_CYAZ01000089.1, there are:
INFO     : - 0 complete integron(s) found with a total 0 attC site(s)
INFO     : - 0 CALIN element(s) found with a total of 0 attC site(s)
INFO     : - 0 In0 element(s) found with a total of 0 attC site
INFO     : Writing out results for replicon NZ_CYAZ01000089.1
INFO     : ############ Processing replicon NZ_CYAZ01000090.1 (90/327) ############

INFO     : Starting Default search ... :
INFO     : Default search done... : 
INFO     : In replicon NZ_CYAZ01000090.1, there are:
INFO     : - 0 complete integron(s) found with a total 0 attC site(s)
INFO     : - 0 CALIN element(s) found with a total of 0 attC site(s)
INFO     : - 0 In0 element(s) found with a total of 0 attC site
INFO     : Starting search with local_max...:
INFO     : Search with local_max done... :
INFO     : In replicon NZ_CYAZ01000090.1, there are:
INFO     : - 0 complete integron(s) found with a total 0 attC site(s)
INFO     : - 0 CALIN element(s) found with a total of 0 attC site(s)
INFO     : - 0 In0 element(s) found with a total of 0 attC site
INFO     : Writing out results for replicon NZ_CYAZ01000090.1
INFO     : ############ Processing replicon NZ_CYAZ01000091.1 (91/327) ############

INFO     : Starting Default search ... :
INFO     : Default search done... : 
INFO     : In replicon NZ_CYAZ01000091.1, there are:
INFO     : - 0 complete integron(s) found with a total 0 attC site(s)
INFO     : - 0 CALIN element(s) found with a total of 0 attC site(s)
INFO     : - 0 In0 element(s) found with a total of 0 attC site
INFO     : Starting search with local_max...:
INFO     : Search with local_max done... :
INFO     : In replicon NZ_CYAZ01000091.1, there are:
INFO     : - 0 complete integron(s) found with a total 0 attC site(s)
INFO     : - 0 CALIN element(s) found with a total of 0 attC site(s)
INFO     : - 0 In0 element(s) found with a total of 0 attC site
INFO     : Writing out results for replicon NZ_CYAZ01000091.1
INFO     : ############ Processing replicon NZ_CYAZ01000092.1 (92/327) ############

INFO     : Starting Default search ... :
INFO     : Default search done... : 
INFO     : In replicon NZ_CYAZ01000092.1, there are:
INFO     : - 0 complete integron(s) found with a total 0 attC site(s)
INFO     : - 0 CALIN element(s) found with a total of 0 attC site(s)
INFO     : - 0 In0 element(s) found with a total of 0 attC site
INFO     : Starting search with local_max...:
INFO     : Search with local_max done... :
INFO     : In replicon NZ_CYAZ01000092.1, there are:
INFO     : - 0 complete integron(s) found with a total 0 attC site(s)
INFO     : - 0 CALIN element(s) found with a total of 0 attC site(s)
INFO     : - 0 In0 element(s) found with a total of 0 attC site
INFO     : Writing out results for replicon NZ_CYAZ01000092.1
INFO     : ############ Processing replicon NZ_CYAZ01000093.1 (93/327) ############

INFO     : Starting Default search ... :
INFO     : Default search done... : 
INFO     : In replicon NZ_CYAZ01000093.1, there are:
INFO     : - 0 complete integron(s) found with a total 0 attC site(s)
INFO     : - 0 CALIN element(s) found with a total of 0 attC site(s)
INFO     : - 0 In0 element(s) found with a total of 0 attC site
INFO     : Starting search with local_max...:
INFO     : Search with local_max done... :
INFO     : In replicon NZ_CYAZ01000093.1, there are:
INFO     : - 0 complete integron(s) found with a total 0 attC site(s)
INFO     : - 0 CALIN element(s) found with a total of 0 attC site(s)
INFO     : - 0 In0 element(s) found with a total of 0 attC site
INFO     : Writing out results for replicon NZ_CYAZ01000093.1
INFO     : ############ Processing replicon NZ_CYAZ01000094.1 (94/327) ############

INFO     : Starting Default search ... :
INFO     : Default search done... : 
INFO     : In replicon NZ_CYAZ01000094.1, there are:
INFO     : - 0 complete integron(s) found with a total 0 attC site(s)
INFO     : - 0 CALIN element(s) found with a total of 0 attC site(s)
INFO     : - 0 In0 element(s) found with a total of 0 attC site
INFO     : Starting search with local_max...:
INFO     : Search with local_max done... :
INFO     : In replicon NZ_CYAZ01000094.1, there are:
INFO     : - 0 complete integron(s) found with a total 0 attC site(s)
INFO     : - 0 CALIN element(s) found with a total of 0 attC site(s)
INFO     : - 0 In0 element(s) found with a total of 0 attC site
INFO     : Writing out results for replicon NZ_CYAZ01000094.1
INFO     : ############ Processing replicon NZ_CYAZ01000095.1 (95/327) ############

INFO     : Starting Default search ... :
INFO     : Default search done... : 
INFO     : In replicon NZ_CYAZ01000095.1, there are:
INFO     : - 0 complete integron(s) found with a total 0 attC site(s)
INFO     : - 0 CALIN element(s) found with a total of 0 attC site(s)
INFO     : - 0 In0 element(s) found with a total of 0 attC site
INFO     : Starting search with local_max...:
INFO     : Search with local_max done... :
INFO     : In replicon NZ_CYAZ01000095.1, there are:
INFO     : - 0 complete integron(s) found with a total 0 attC site(s)
INFO     : - 0 CALIN element(s) found with a total of 0 attC site(s)
INFO     : - 0 In0 element(s) found with a total of 0 attC site
INFO     : Writing out results for replicon NZ_CYAZ01000095.1
INFO     : ############ Processing replicon NZ_CYAZ01000096.1 (96/327) ############

INFO     : Starting Default search ... :
INFO     : Default search done... : 
INFO     : In replicon NZ_CYAZ01000096.1, there are:
INFO     : - 0 complete integron(s) found with a total 0 attC site(s)
INFO     : - 0 CALIN element(s) found with a total of 0 attC site(s)
INFO     : - 0 In0 element(s) found with a total of 0 attC site
INFO     : Starting search with local_max...:
INFO     : Search with local_max done... :
INFO     : In replicon NZ_CYAZ01000096.1, there are:
INFO     : - 0 complete integron(s) found with a total 0 attC site(s)
INFO     : - 0 CALIN element(s) found with a total of 0 attC site(s)
INFO     : - 0 In0 element(s) found with a total of 0 attC site
INFO     : Writing out results for replicon NZ_CYAZ01000096.1
INFO     : ############ Processing replicon NZ_CYAZ01000097.1 (97/327) ############

INFO     : Starting Default search ... :
INFO     : Default search done... : 
INFO     : In replicon NZ_CYAZ01000097.1, there are:
INFO     : - 0 complete integron(s) found with a total 0 attC site(s)
INFO     : - 0 CALIN element(s) found with a total of 0 attC site(s)
INFO     : - 0 In0 element(s) found with a total of 0 attC site
INFO     : Starting search with local_max...:
INFO     : Search with local_max done... :
INFO     : In replicon NZ_CYAZ01000097.1, there are:
INFO     : - 0 complete integron(s) found with a total 0 attC site(s)
INFO     : - 0 CALIN element(s) found with a total of 0 attC site(s)
INFO     : - 0 In0 element(s) found with a total of 0 attC site
INFO     : Writing out results for replicon NZ_CYAZ01000097.1
INFO     : ############ Processing replicon NZ_CYAZ01000098.1 (98/327) ############

INFO     : Starting Default search ... :
INFO     : Default search done... : 
INFO     : In replicon NZ_CYAZ01000098.1, there are:
INFO     : - 0 complete integron(s) found with a total 0 attC site(s)
INFO     : - 0 CALIN element(s) found with a total of 0 attC site(s)
INFO     : - 0 In0 element(s) found with a total of 0 attC site
INFO     : Starting search with local_max...:
INFO     : Search with local_max done... :
INFO     : In replicon NZ_CYAZ01000098.1, there are:
INFO     : - 0 complete integron(s) found with a total 0 attC site(s)
INFO     : - 0 CALIN element(s) found with a total of 0 attC site(s)
INFO     : - 0 In0 element(s) found with a total of 0 attC site
INFO     : Writing out results for replicon NZ_CYAZ01000098.1
INFO     : ############ Processing replicon NZ_CYAZ01000099.1 (99/327) ############

INFO     : Starting Default search ... :
INFO     : Default search done... : 
INFO     : In replicon NZ_CYAZ01000099.1, there are:
INFO     : - 0 complete integron(s) found with a total 0 attC site(s)
INFO     : - 0 CALIN element(s) found with a total of 0 attC site(s)
INFO     : - 0 In0 element(s) found with a total of 0 attC site
INFO     : Starting search with local_max...:
INFO     : Search with local_max done... :
INFO     : In replicon NZ_CYAZ01000099.1, there are:
INFO     : - 0 complete integron(s) found with a total 0 attC site(s)
INFO     : - 0 CALIN element(s) found with a total of 0 attC site(s)
INFO     : - 0 In0 element(s) found with a total of 0 attC site
INFO     : Writing out results for replicon NZ_CYAZ01000099.1
INFO     : ############ Processing replicon NZ_CYAZ01000100.1 (100/327) ############

INFO     : Starting Default search ... :
INFO     : Default search done... : 
INFO     : In replicon NZ_CYAZ01000100.1, there are:
INFO     : - 0 complete integron(s) found with a total 0 attC site(s)
INFO     : - 0 CALIN element(s) found with a total of 0 attC site(s)
INFO     : - 0 In0 element(s) found with a total of 0 attC site
INFO     : Starting search with local_max...:
INFO     : Search with local_max done... :
INFO     : In replicon NZ_CYAZ01000100.1, there are:
INFO     : - 0 complete integron(s) found with a total 0 attC site(s)
INFO     : - 0 CALIN element(s) found with a total of 0 attC site(s)
INFO     : - 0 In0 element(s) found with a total of 0 attC site
INFO     : Writing out results for replicon NZ_CYAZ01000100.1
INFO     : ############ Processing replicon NZ_CYAZ01000101.1 (101/327) ############

INFO     : Starting Default search ... :
INFO     : Default search done... : 
INFO     : In replicon NZ_CYAZ01000101.1, there are:
INFO     : - 0 complete integron(s) found with a total 0 attC site(s)
INFO     : - 0 CALIN element(s) found with a total of 0 attC site(s)
INFO     : - 0 In0 element(s) found with a total of 0 attC site
INFO     : Starting search with local_max...:
INFO     : Search with local_max done... :
INFO     : In replicon NZ_CYAZ01000101.1, there are:
INFO     : - 0 complete integron(s) found with a total 0 attC site(s)
INFO     : - 0 CALIN element(s) found with a total of 0 attC site(s)
INFO     : - 0 In0 element(s) found with a total of 0 attC site
INFO     : Writing out results for replicon NZ_CYAZ01000101.1
INFO     : ############ Processing replicon NZ_CYAZ01000102.1 (102/327) ############

INFO     : Starting Default search ... :
INFO     : Default search done... : 
INFO     : In replicon NZ_CYAZ01000102.1, there are:
INFO     : - 0 complete integron(s) found with a total 0 attC site(s)
INFO     : - 0 CALIN element(s) found with a total of 0 attC site(s)
INFO     : - 0 In0 element(s) found with a total of 0 attC site
INFO     : Starting search with local_max...:
INFO     : Search with local_max done... :
INFO     : In replicon NZ_CYAZ01000102.1, there are:
INFO     : - 0 complete integron(s) found with a total 0 attC site(s)
INFO     : - 0 CALIN element(s) found with a total of 0 attC site(s)
INFO     : - 0 In0 element(s) found with a total of 0 attC site
INFO     : Writing out results for replicon NZ_CYAZ01000102.1
INFO     : ############ Processing replicon NZ_CYAZ01000103.1 (103/327) ############

INFO     : Starting Default search ... :
INFO     : Default search done... : 
INFO     : In replicon NZ_CYAZ01000103.1, there are:
INFO     : - 0 complete integron(s) found with a total 0 attC site(s)
INFO     : - 0 CALIN element(s) found with a total of 0 attC site(s)
INFO     : - 0 In0 element(s) found with a total of 0 attC site
INFO     : Starting search with local_max...:
INFO     : Search with local_max done... :
INFO     : In replicon NZ_CYAZ01000103.1, there are:
INFO     : - 0 complete integron(s) found with a total 0 attC site(s)
INFO     : - 0 CALIN element(s) found with a total of 0 attC site(s)
INFO     : - 0 In0 element(s) found with a total of 0 attC site
INFO     : Writing out results for replicon NZ_CYAZ01000103.1
INFO     : ############ Processing replicon NZ_CYAZ01000104.1 (104/327) ############

INFO     : Starting Default search ... :
INFO     : Default search done... : 
INFO     : In replicon NZ_CYAZ01000104.1, there are:
INFO     : - 0 complete integron(s) found with a total 0 attC site(s)
INFO     : - 0 CALIN element(s) found with a total of 0 attC site(s)
INFO     : - 0 In0 element(s) found with a total of 0 attC site
INFO     : Starting search with local_max...:
INFO     : Search with local_max done... :
INFO     : In replicon NZ_CYAZ01000104.1, there are:
INFO     : - 0 complete integron(s) found with a total 0 attC site(s)
INFO     : - 0 CALIN element(s) found with a total of 0 attC site(s)
INFO     : - 0 In0 element(s) found with a total of 0 attC site
INFO     : Writing out results for replicon NZ_CYAZ01000104.1
INFO     : ############ Processing replicon NZ_CYAZ01000105.1 (105/327) ############

INFO     : Starting Default search ... :
INFO     : Default search done... : 
INFO     : In replicon NZ_CYAZ01000105.1, there are:
INFO     : - 0 complete integron(s) found with a total 0 attC site(s)
INFO     : - 0 CALIN element(s) found with a total of 0 attC site(s)
INFO     : - 0 In0 element(s) found with a total of 0 attC site
INFO     : Starting search with local_max...:
INFO     : Search with local_max done... :
INFO     : In replicon NZ_CYAZ01000105.1, there are:
INFO     : - 0 complete integron(s) found with a total 0 attC site(s)
INFO     : - 0 CALIN element(s) found with a total of 0 attC site(s)
INFO     : - 0 In0 element(s) found with a total of 0 attC site
INFO     : Writing out results for replicon NZ_CYAZ01000105.1
INFO     : ############ Processing replicon NZ_CYAZ01000106.1 (106/327) ############

INFO     : Starting Default search ... :
INFO     : Default search done... : 
INFO     : In replicon NZ_CYAZ01000106.1, there are:
INFO     : - 0 complete integron(s) found with a total 0 attC site(s)
INFO     : - 0 CALIN element(s) found with a total of 0 attC site(s)
INFO     : - 0 In0 element(s) found with a total of 0 attC site
INFO     : Starting search with local_max...:
INFO     : Search with local_max done... :
INFO     : In replicon NZ_CYAZ01000106.1, there are:
INFO     : - 0 complete integron(s) found with a total 0 attC site(s)
INFO     : - 0 CALIN element(s) found with a total of 0 attC site(s)
INFO     : - 0 In0 element(s) found with a total of 0 attC site
INFO     : Writing out results for replicon NZ_CYAZ01000106.1
INFO     : ############ Processing replicon NZ_CYAZ01000107.1 (107/327) ############

INFO     : Starting Default search ... :
INFO     : Default search done... : 
INFO     : In replicon NZ_CYAZ01000107.1, there are:
INFO     : - 0 complete integron(s) found with a total 0 attC site(s)
INFO     : - 0 CALIN element(s) found with a total of 0 attC site(s)
INFO     : - 0 In0 element(s) found with a total of 0 attC site
INFO     : Starting search with local_max...:
INFO     : Search with local_max done... :
INFO     : In replicon NZ_CYAZ01000107.1, there are:
INFO     : - 0 complete integron(s) found with a total 0 attC site(s)
INFO     : - 0 CALIN element(s) found with a total of 0 attC site(s)
INFO     : - 0 In0 element(s) found with a total of 0 attC site
INFO     : Writing out results for replicon NZ_CYAZ01000107.1
INFO     : ############ Processing replicon NZ_CYAZ01000108.1 (108/327) ############

INFO     : Starting Default search ... :
INFO     : Default search done... : 
INFO     : In replicon NZ_CYAZ01000108.1, there are:
INFO     : - 0 complete integron(s) found with a total 0 attC site(s)
INFO     : - 0 CALIN element(s) found with a total of 0 attC site(s)
INFO     : - 0 In0 element(s) found with a total of 0 attC site
INFO     : Starting search with local_max...:
INFO     : Search with local_max done... :
INFO     : In replicon NZ_CYAZ01000108.1, there are:
INFO     : - 0 complete integron(s) found with a total 0 attC site(s)
INFO     : - 0 CALIN element(s) found with a total of 0 attC site(s)
INFO     : - 0 In0 element(s) found with a total of 0 attC site
INFO     : Writing out results for replicon NZ_CYAZ01000108.1
INFO     : ############ Processing replicon NZ_CYAZ01000109.1 (109/327) ############

INFO     : Starting Default search ... :
INFO     : Default search done... : 
INFO     : In replicon NZ_CYAZ01000109.1, there are:
INFO     : - 0 complete integron(s) found with a total 0 attC site(s)
INFO     : - 0 CALIN element(s) found with a total of 0 attC site(s)
INFO     : - 0 In0 element(s) found with a total of 0 attC site
INFO     : Starting search with local_max...:
INFO     : Search with local_max done... :
INFO     : In replicon NZ_CYAZ01000109.1, there are:
INFO     : - 0 complete integron(s) found with a total 0 attC site(s)
INFO     : - 0 CALIN element(s) found with a total of 0 attC site(s)
INFO     : - 0 In0 element(s) found with a total of 0 attC site
INFO     : Writing out results for replicon NZ_CYAZ01000109.1
INFO     : ############ Processing replicon NZ_CYAZ01000110.1 (110/327) ############

INFO     : Starting Default search ... :
INFO     : Default search done... : 
INFO     : In replicon NZ_CYAZ01000110.1, there are:
INFO     : - 0 complete integron(s) found with a total 0 attC site(s)
INFO     : - 0 CALIN element(s) found with a total of 0 attC site(s)
INFO     : - 0 In0 element(s) found with a total of 0 attC site
INFO     : Starting search with local_max...:
INFO     : Search with local_max done... :
INFO     : In replicon NZ_CYAZ01000110.1, there are:
INFO     : - 0 complete integron(s) found with a total 0 attC site(s)
INFO     : - 0 CALIN element(s) found with a total of 0 attC site(s)
INFO     : - 0 In0 element(s) found with a total of 0 attC site
INFO     : Writing out results for replicon NZ_CYAZ01000110.1
INFO     : ############ Processing replicon NZ_CYAZ01000111.1 (111/327) ############

INFO     : Starting Default search ... :
INFO     : Default search done... : 
INFO     : In replicon NZ_CYAZ01000111.1, there are:
INFO     : - 0 complete integron(s) found with a total 0 attC site(s)
INFO     : - 0 CALIN element(s) found with a total of 0 attC site(s)
INFO     : - 0 In0 element(s) found with a total of 0 attC site
INFO     : Starting search with local_max...:
INFO     : Search with local_max done... :
INFO     : In replicon NZ_CYAZ01000111.1, there are:
INFO     : - 0 complete integron(s) found with a total 0 attC site(s)
INFO     : - 0 CALIN element(s) found with a total of 0 attC site(s)
INFO     : - 0 In0 element(s) found with a total of 0 attC site
INFO     : Writing out results for replicon NZ_CYAZ01000111.1
INFO     : ############ Processing replicon NZ_CYAZ01000112.1 (112/327) ############

INFO     : Starting Default search ... :
INFO     : Default search done... : 
INFO     : In replicon NZ_CYAZ01000112.1, there are:
INFO     : - 0 complete integron(s) found with a total 0 attC site(s)
INFO     : - 0 CALIN element(s) found with a total of 0 attC site(s)
INFO     : - 0 In0 element(s) found with a total of 0 attC site
INFO     : Starting search with local_max...:
INFO     : Search with local_max done... :
INFO     : In replicon NZ_CYAZ01000112.1, there are:
INFO     : - 0 complete integron(s) found with a total 0 attC site(s)
INFO     : - 0 CALIN element(s) found with a total of 0 attC site(s)
INFO     : - 0 In0 element(s) found with a total of 0 attC site
INFO     : Writing out results for replicon NZ_CYAZ01000112.1
INFO     : ############ Processing replicon NZ_CYAZ01000113.1 (113/327) ############

INFO     : Starting Default search ... :
INFO     : Default search done... : 
INFO     : In replicon NZ_CYAZ01000113.1, there are:
INFO     : - 0 complete integron(s) found with a total 0 attC site(s)
INFO     : - 0 CALIN element(s) found with a total of 0 attC site(s)
INFO     : - 0 In0 element(s) found with a total of 0 attC site
INFO     : Starting search with local_max...:
INFO     : Search with local_max done... :
INFO     : In replicon NZ_CYAZ01000113.1, there are:
INFO     : - 0 complete integron(s) found with a total 0 attC site(s)
INFO     : - 0 CALIN element(s) found with a total of 0 attC site(s)
INFO     : - 0 In0 element(s) found with a total of 0 attC site
INFO     : Writing out results for replicon NZ_CYAZ01000113.1
INFO     : ############ Processing replicon NZ_CYAZ01000114.1 (114/327) ############

INFO     : Starting Default search ... :
INFO     : Default search done... : 
INFO     : In replicon NZ_CYAZ01000114.1, there are:
INFO     : - 0 complete integron(s) found with a total 0 attC site(s)
INFO     : - 0 CALIN element(s) found with a total of 0 attC site(s)
INFO     : - 0 In0 element(s) found with a total of 0 attC site
INFO     : Starting search with local_max...:
INFO     : Search with local_max done... :
INFO     : In replicon NZ_CYAZ01000114.1, there are:
INFO     : - 0 complete integron(s) found with a total 0 attC site(s)
INFO     : - 0 CALIN element(s) found with a total of 0 attC site(s)
INFO     : - 0 In0 element(s) found with a total of 0 attC site
INFO     : Writing out results for replicon NZ_CYAZ01000114.1
INFO     : ############ Processing replicon NZ_CYAZ01000115.1 (115/327) ############

INFO     : Starting Default search ... :
INFO     : Default search done... : 
INFO     : In replicon NZ_CYAZ01000115.1, there are:
INFO     : - 0 complete integron(s) found with a total 0 attC site(s)
INFO     : - 0 CALIN element(s) found with a total of 0 attC site(s)
INFO     : - 0 In0 element(s) found with a total of 0 attC site
INFO     : Starting search with local_max...:
INFO     : Search with local_max done... :
INFO     : In replicon NZ_CYAZ01000115.1, there are:
INFO     : - 0 complete integron(s) found with a total 0 attC site(s)
INFO     : - 0 CALIN element(s) found with a total of 0 attC site(s)
INFO     : - 0 In0 element(s) found with a total of 0 attC site
INFO     : Writing out results for replicon NZ_CYAZ01000115.1
INFO     : ############ Processing replicon NZ_CYAZ01000116.1 (116/327) ############

INFO     : Starting Default search ... :
INFO     : Default search done... : 
INFO     : In replicon NZ_CYAZ01000116.1, there are:
INFO     : - 0 complete integron(s) found with a total 0 attC site(s)
INFO     : - 0 CALIN element(s) found with a total of 0 attC site(s)
INFO     : - 0 In0 element(s) found with a total of 0 attC site
INFO     : Starting search with local_max...:
INFO     : Search with local_max done... :
INFO     : In replicon NZ_CYAZ01000116.1, there are:
INFO     : - 0 complete integron(s) found with a total 0 attC site(s)
INFO     : - 0 CALIN element(s) found with a total of 0 attC site(s)
INFO     : - 0 In0 element(s) found with a total of 0 attC site
INFO     : Writing out results for replicon NZ_CYAZ01000116.1
INFO     : ############ Processing replicon NZ_CYAZ01000117.1 (117/327) ############

INFO     : Starting Default search ... :
INFO     : Default search done... : 
INFO     : In replicon NZ_CYAZ01000117.1, there are:
INFO     : - 0 complete integron(s) found with a total 0 attC site(s)
INFO     : - 0 CALIN element(s) found with a total of 0 attC site(s)
INFO     : - 0 In0 element(s) found with a total of 0 attC site
INFO     : Starting search with local_max...:
INFO     : Search with local_max done... :
INFO     : In replicon NZ_CYAZ01000117.1, there are:
INFO     : - 0 complete integron(s) found with a total 0 attC site(s)
INFO     : - 0 CALIN element(s) found with a total of 0 attC site(s)
INFO     : - 0 In0 element(s) found with a total of 0 attC site
INFO     : Writing out results for replicon NZ_CYAZ01000117.1
INFO     : ############ Processing replicon NZ_CYAZ01000118.1 (118/327) ############

INFO     : Starting Default search ... :
INFO     : Default search done... : 
INFO     : In replicon NZ_CYAZ01000118.1, there are:
INFO     : - 0 complete integron(s) found with a total 0 attC site(s)
INFO     : - 0 CALIN element(s) found with a total of 0 attC site(s)
INFO     : - 0 In0 element(s) found with a total of 0 attC site
INFO     : Starting search with local_max...:
INFO     : Search with local_max done... :
INFO     : In replicon NZ_CYAZ01000118.1, there are:
INFO     : - 0 complete integron(s) found with a total 0 attC site(s)
INFO     : - 0 CALIN element(s) found with a total of 0 attC site(s)
INFO     : - 0 In0 element(s) found with a total of 0 attC site
INFO     : Writing out results for replicon NZ_CYAZ01000118.1
INFO     : ############ Processing replicon NZ_CYAZ01000119.1 (119/327) ############

INFO     : Starting Default search ... :
INFO     : Default search done... : 
INFO     : In replicon NZ_CYAZ01000119.1, there are:
INFO     : - 0 complete integron(s) found with a total 0 attC site(s)
INFO     : - 0 CALIN element(s) found with a total of 0 attC site(s)
INFO     : - 0 In0 element(s) found with a total of 0 attC site
INFO     : Starting search with local_max...:
INFO     : Search with local_max done... :
INFO     : In replicon NZ_CYAZ01000119.1, there are:
INFO     : - 0 complete integron(s) found with a total 0 attC site(s)
INFO     : - 0 CALIN element(s) found with a total of 0 attC site(s)
INFO     : - 0 In0 element(s) found with a total of 0 attC site
INFO     : Writing out results for replicon NZ_CYAZ01000119.1
INFO     : ############ Processing replicon NZ_CYAZ01000120.1 (120/327) ############

INFO     : Starting Default search ... :
INFO     : Default search done... : 
INFO     : In replicon NZ_CYAZ01000120.1, there are:
INFO     : - 0 complete integron(s) found with a total 0 attC site(s)
INFO     : - 0 CALIN element(s) found with a total of 0 attC site(s)
INFO     : - 0 In0 element(s) found with a total of 0 attC site
INFO     : Starting search with local_max...:
INFO     : Search with local_max done... :
INFO     : In replicon NZ_CYAZ01000120.1, there are:
INFO     : - 0 complete integron(s) found with a total 0 attC site(s)
INFO     : - 0 CALIN element(s) found with a total of 0 attC site(s)
INFO     : - 0 In0 element(s) found with a total of 0 attC site
INFO     : Writing out results for replicon NZ_CYAZ01000120.1
INFO     : ############ Processing replicon NZ_CYAZ01000121.1 (121/327) ############

INFO     : Starting Default search ... :
INFO     : Default search done... : 
INFO     : In replicon NZ_CYAZ01000121.1, there are:
INFO     : - 0 complete integron(s) found with a total 0 attC site(s)
INFO     : - 0 CALIN element(s) found with a total of 0 attC site(s)
INFO     : - 0 In0 element(s) found with a total of 0 attC site
INFO     : Starting search with local_max...:
INFO     : Search with local_max done... :
INFO     : In replicon NZ_CYAZ01000121.1, there are:
INFO     : - 0 complete integron(s) found with a total 0 attC site(s)
INFO     : - 0 CALIN element(s) found with a total of 0 attC site(s)
INFO     : - 0 In0 element(s) found with a total of 0 attC site
INFO     : Writing out results for replicon NZ_CYAZ01000121.1
INFO     : ############ Processing replicon NZ_CYAZ01000122.1 (122/327) ############

INFO     : Starting Default search ... :
INFO     : Default search done... : 
INFO     : In replicon NZ_CYAZ01000122.1, there are:
INFO     : - 0 complete integron(s) found with a total 0 attC site(s)
INFO     : - 0 CALIN element(s) found with a total of 0 attC site(s)
INFO     : - 0 In0 element(s) found with a total of 0 attC site
INFO     : Starting search with local_max...:
INFO     : Search with local_max done... :
INFO     : In replicon NZ_CYAZ01000122.1, there are:
INFO     : - 0 complete integron(s) found with a total 0 attC site(s)
INFO     : - 0 CALIN element(s) found with a total of 0 attC site(s)
INFO     : - 0 In0 element(s) found with a total of 0 attC site
INFO     : Writing out results for replicon NZ_CYAZ01000122.1
INFO     : ############ Processing replicon NZ_CYAZ01000123.1 (123/327) ############

INFO     : Starting Default search ... :
INFO     : Default search done... : 
INFO     : In replicon NZ_CYAZ01000123.1, there are:
INFO     : - 0 complete integron(s) found with a total 0 attC site(s)
INFO     : - 0 CALIN element(s) found with a total of 0 attC site(s)
INFO     : - 0 In0 element(s) found with a total of 0 attC site
INFO     : Starting search with local_max...:
INFO     : Search with local_max done... :
INFO     : In replicon NZ_CYAZ01000123.1, there are:
INFO     : - 0 complete integron(s) found with a total 0 attC site(s)
INFO     : - 0 CALIN element(s) found with a total of 0 attC site(s)
INFO     : - 0 In0 element(s) found with a total of 0 attC site
INFO     : Writing out results for replicon NZ_CYAZ01000123.1
INFO     : ############ Processing replicon NZ_CYAZ01000124.1 (124/327) ############

INFO     : Starting Default search ... :
INFO     : Default search done... : 
INFO     : In replicon NZ_CYAZ01000124.1, there are:
INFO     : - 0 complete integron(s) found with a total 0 attC site(s)
INFO     : - 0 CALIN element(s) found with a total of 0 attC site(s)
INFO     : - 0 In0 element(s) found with a total of 0 attC site
INFO     : Starting search with local_max...:
INFO     : Search with local_max done... :
INFO     : In replicon NZ_CYAZ01000124.1, there are:
INFO     : - 0 complete integron(s) found with a total 0 attC site(s)
INFO     : - 0 CALIN element(s) found with a total of 0 attC site(s)
INFO     : - 0 In0 element(s) found with a total of 0 attC site
INFO     : Writing out results for replicon NZ_CYAZ01000124.1
INFO     : ############ Processing replicon NZ_CYAZ01000125.1 (125/327) ############

INFO     : Starting Default search ... :
INFO     : Default search done... : 
INFO     : In replicon NZ_CYAZ01000125.1, there are:
INFO     : - 0 complete integron(s) found with a total 0 attC site(s)
INFO     : - 0 CALIN element(s) found with a total of 0 attC site(s)
INFO     : - 0 In0 element(s) found with a total of 0 attC site
INFO     : Starting search with local_max...:
INFO     : Search with local_max done... :
INFO     : In replicon NZ_CYAZ01000125.1, there are:
INFO     : - 0 complete integron(s) found with a total 0 attC site(s)
INFO     : - 0 CALIN element(s) found with a total of 0 attC site(s)
INFO     : - 0 In0 element(s) found with a total of 0 attC site
INFO     : Writing out results for replicon NZ_CYAZ01000125.1
INFO     : ############ Processing replicon NZ_CYAZ01000126.1 (126/327) ############

INFO     : Starting Default search ... :
INFO     : Default search done... : 
INFO     : In replicon NZ_CYAZ01000126.1, there are:
INFO     : - 0 complete integron(s) found with a total 0 attC site(s)
INFO     : - 0 CALIN element(s) found with a total of 0 attC site(s)
INFO     : - 0 In0 element(s) found with a total of 0 attC site
INFO     : Starting search with local_max...:
INFO     : Search with local_max done... :
INFO     : In replicon NZ_CYAZ01000126.1, there are:
INFO     : - 0 complete integron(s) found with a total 0 attC site(s)
INFO     : - 0 CALIN element(s) found with a total of 0 attC site(s)
INFO     : - 0 In0 element(s) found with a total of 0 attC site
INFO     : Writing out results for replicon NZ_CYAZ01000126.1
INFO     : ############ Processing replicon NZ_CYAZ01000127.1 (127/327) ############

INFO     : Starting Default search ... :
INFO     : Default search done... : 
INFO     : In replicon NZ_CYAZ01000127.1, there are:
INFO     : - 0 complete integron(s) found with a total 0 attC site(s)
INFO     : - 0 CALIN element(s) found with a total of 0 attC site(s)
INFO     : - 0 In0 element(s) found with a total of 0 attC site
INFO     : Starting search with local_max...:
INFO     : Search with local_max done... :
INFO     : In replicon NZ_CYAZ01000127.1, there are:
INFO     : - 0 complete integron(s) found with a total 0 attC site(s)
INFO     : - 0 CALIN element(s) found with a total of 0 attC site(s)
INFO     : - 0 In0 element(s) found with a total of 0 attC site
INFO     : Writing out results for replicon NZ_CYAZ01000127.1
INFO     : ############ Processing replicon NZ_CYAZ01000128.1 (128/327) ############

INFO     : Starting Default search ... :
INFO     : Default search done... : 
INFO     : In replicon NZ_CYAZ01000128.1, there are:
INFO     : - 0 complete integron(s) found with a total 0 attC site(s)
INFO     : - 0 CALIN element(s) found with a total of 0 attC site(s)
INFO     : - 0 In0 element(s) found with a total of 0 attC site
INFO     : Starting search with local_max...:
INFO     : Search with local_max done... :
INFO     : In replicon NZ_CYAZ01000128.1, there are:
INFO     : - 0 complete integron(s) found with a total 0 attC site(s)
INFO     : - 0 CALIN element(s) found with a total of 0 attC site(s)
INFO     : - 0 In0 element(s) found with a total of 0 attC site
INFO     : Writing out results for replicon NZ_CYAZ01000128.1
INFO     : ############ Processing replicon NZ_CYAZ01000129.1 (129/327) ############

INFO     : Starting Default search ... :
INFO     : Default search done... : 
INFO     : In replicon NZ_CYAZ01000129.1, there are:
INFO     : - 0 complete integron(s) found with a total 0 attC site(s)
INFO     : - 0 CALIN element(s) found with a total of 0 attC site(s)
INFO     : - 0 In0 element(s) found with a total of 0 attC site
INFO     : Starting search with local_max...:
INFO     : Search with local_max done... :
INFO     : In replicon NZ_CYAZ01000129.1, there are:
INFO     : - 0 complete integron(s) found with a total 0 attC site(s)
INFO     : - 0 CALIN element(s) found with a total of 0 attC site(s)
INFO     : - 0 In0 element(s) found with a total of 0 attC site
INFO     : Writing out results for replicon NZ_CYAZ01000129.1
INFO     : ############ Processing replicon NZ_CYAZ01000130.1 (130/327) ############

INFO     : Starting Default search ... :
INFO     : Default search done... : 
INFO     : In replicon NZ_CYAZ01000130.1, there are:
INFO     : - 0 complete integron(s) found with a total 0 attC site(s)
INFO     : - 0 CALIN element(s) found with a total of 0 attC site(s)
INFO     : - 0 In0 element(s) found with a total of 0 attC site
INFO     : Starting search with local_max...:
INFO     : Search with local_max done... :
INFO     : In replicon NZ_CYAZ01000130.1, there are:
INFO     : - 0 complete integron(s) found with a total 0 attC site(s)
INFO     : - 0 CALIN element(s) found with a total of 0 attC site(s)
INFO     : - 0 In0 element(s) found with a total of 0 attC site
INFO     : Writing out results for replicon NZ_CYAZ01000130.1
INFO     : ############ Processing replicon NZ_CYAZ01000131.1 (131/327) ############

INFO     : Starting Default search ... :
INFO     : Default search done... : 
INFO     : In replicon NZ_CYAZ01000131.1, there are:
INFO     : - 0 complete integron(s) found with a total 0 attC site(s)
INFO     : - 0 CALIN element(s) found with a total of 0 attC site(s)
INFO     : - 0 In0 element(s) found with a total of 0 attC site
INFO     : Starting search with local_max...:
INFO     : Search with local_max done... :
INFO     : In replicon NZ_CYAZ01000131.1, there are:
INFO     : - 0 complete integron(s) found with a total 0 attC site(s)
INFO     : - 0 CALIN element(s) found with a total of 0 attC site(s)
INFO     : - 0 In0 element(s) found with a total of 0 attC site
INFO     : Writing out results for replicon NZ_CYAZ01000131.1
INFO     : ############ Processing replicon NZ_CYAZ01000132.1 (132/327) ############

INFO     : Starting Default search ... :
INFO     : Default search done... : 
INFO     : In replicon NZ_CYAZ01000132.1, there are:
INFO     : - 0 complete integron(s) found with a total 0 attC site(s)
INFO     : - 0 CALIN element(s) found with a total of 0 attC site(s)
INFO     : - 0 In0 element(s) found with a total of 0 attC site
INFO     : Starting search with local_max...:
INFO     : Search with local_max done... :
INFO     : In replicon NZ_CYAZ01000132.1, there are:
INFO     : - 0 complete integron(s) found with a total 0 attC site(s)
INFO     : - 0 CALIN element(s) found with a total of 0 attC site(s)
INFO     : - 0 In0 element(s) found with a total of 0 attC site
INFO     : Writing out results for replicon NZ_CYAZ01000132.1
INFO     : ############ Processing replicon NZ_CYAZ01000133.1 (133/327) ############

INFO     : Starting Default search ... :
INFO     : Default search done... : 
INFO     : In replicon NZ_CYAZ01000133.1, there are:
INFO     : - 0 complete integron(s) found with a total 0 attC site(s)
INFO     : - 1 CALIN element(s) found with a total of 1 attC site(s)
INFO     : - 0 In0 element(s) found with a total of 0 attC site
INFO     : Starting search with local_max...:
INFO     : Search with local_max done... :
INFO     : In replicon NZ_CYAZ01000133.1, there are:
INFO     : - 0 complete integron(s) found with a total 0 attC site(s)
INFO     : - 0 CALIN element(s) found with a total of 0 attC site(s)
INFO     : - 0 In0 element(s) found with a total of 0 attC site
INFO     : Writing out results for replicon NZ_CYAZ01000133.1
INFO     : ############ Processing replicon NZ_CYAZ01000134.1 (134/327) ############

INFO     : Starting Default search ... :
INFO     : Default search done... : 
INFO     : In replicon NZ_CYAZ01000134.1, there are:
INFO     : - 0 complete integron(s) found with a total 0 attC site(s)
INFO     : - 0 CALIN element(s) found with a total of 0 attC site(s)
INFO     : - 0 In0 element(s) found with a total of 0 attC site
INFO     : Starting search with local_max...:
INFO     : Search with local_max done... :
INFO     : In replicon NZ_CYAZ01000134.1, there are:
INFO     : - 0 complete integron(s) found with a total 0 attC site(s)
INFO     : - 0 CALIN element(s) found with a total of 0 attC site(s)
INFO     : - 0 In0 element(s) found with a total of 0 attC site
INFO     : Writing out results for replicon NZ_CYAZ01000134.1
INFO     : ############ Processing replicon NZ_CYAZ01000135.1 (135/327) ############

INFO     : Starting Default search ... :
INFO     : Default search done... : 
INFO     : In replicon NZ_CYAZ01000135.1, there are:
INFO     : - 0 complete integron(s) found with a total 0 attC site(s)
INFO     : - 0 CALIN element(s) found with a total of 0 attC site(s)
INFO     : - 0 In0 element(s) found with a total of 0 attC site
INFO     : Starting search with local_max...:
INFO     : Search with local_max done... :
INFO     : In replicon NZ_CYAZ01000135.1, there are:
INFO     : - 0 complete integron(s) found with a total 0 attC site(s)
INFO     : - 0 CALIN element(s) found with a total of 0 attC site(s)
INFO     : - 0 In0 element(s) found with a total of 0 attC site
INFO     : Writing out results for replicon NZ_CYAZ01000135.1
INFO     : ############ Processing replicon NZ_CYAZ01000136.1 (136/327) ############

INFO     : Starting Default search ... :
INFO     : Default search done... : 
INFO     : In replicon NZ_CYAZ01000136.1, there are:
INFO     : - 0 complete integron(s) found with a total 0 attC site(s)
INFO     : - 0 CALIN element(s) found with a total of 0 attC site(s)
INFO     : - 0 In0 element(s) found with a total of 0 attC site
INFO     : Starting search with local_max...:
INFO     : Search with local_max done... :
INFO     : In replicon NZ_CYAZ01000136.1, there are:
INFO     : - 0 complete integron(s) found with a total 0 attC site(s)
INFO     : - 0 CALIN element(s) found with a total of 0 attC site(s)
INFO     : - 0 In0 element(s) found with a total of 0 attC site
INFO     : Writing out results for replicon NZ_CYAZ01000136.1
INFO     : ############ Processing replicon NZ_CYAZ01000137.1 (137/327) ############

INFO     : Starting Default search ... :
INFO     : Default search done... : 
INFO     : In replicon NZ_CYAZ01000137.1, there are:
INFO     : - 0 complete integron(s) found with a total 0 attC site(s)
INFO     : - 0 CALIN element(s) found with a total of 0 attC site(s)
INFO     : - 0 In0 element(s) found with a total of 0 attC site
INFO     : Starting search with local_max...:
INFO     : Search with local_max done... :
INFO     : In replicon NZ_CYAZ01000137.1, there are:
INFO     : - 0 complete integron(s) found with a total 0 attC site(s)
INFO     : - 0 CALIN element(s) found with a total of 0 attC site(s)
INFO     : - 0 In0 element(s) found with a total of 0 attC site
INFO     : Writing out results for replicon NZ_CYAZ01000137.1
INFO     : ############ Processing replicon NZ_CYAZ01000138.1 (138/327) ############

INFO     : Starting Default search ... :
INFO     : Default search done... : 
INFO     : In replicon NZ_CYAZ01000138.1, there are:
INFO     : - 0 complete integron(s) found with a total 0 attC site(s)
INFO     : - 0 CALIN element(s) found with a total of 0 attC site(s)
INFO     : - 0 In0 element(s) found with a total of 0 attC site
INFO     : Starting search with local_max...:
INFO     : Search with local_max done... :
INFO     : In replicon NZ_CYAZ01000138.1, there are:
INFO     : - 0 complete integron(s) found with a total 0 attC site(s)
INFO     : - 0 CALIN element(s) found with a total of 0 attC site(s)
INFO     : - 0 In0 element(s) found with a total of 0 attC site
INFO     : Writing out results for replicon NZ_CYAZ01000138.1
INFO     : ############ Processing replicon NZ_CYAZ01000139.1 (139/327) ############

INFO     : Starting Default search ... :
INFO     : Default search done... : 
INFO     : In replicon NZ_CYAZ01000139.1, there are:
INFO     : - 0 complete integron(s) found with a total 0 attC site(s)
INFO     : - 0 CALIN element(s) found with a total of 0 attC site(s)
INFO     : - 0 In0 element(s) found with a total of 0 attC site
INFO     : Starting search with local_max...:
INFO     : Search with local_max done... :
INFO     : In replicon NZ_CYAZ01000139.1, there are:
INFO     : - 0 complete integron(s) found with a total 0 attC site(s)
INFO     : - 0 CALIN element(s) found with a total of 0 attC site(s)
INFO     : - 0 In0 element(s) found with a total of 0 attC site
INFO     : Writing out results for replicon NZ_CYAZ01000139.1
INFO     : ############ Processing replicon NZ_CYAZ01000140.1 (140/327) ############

INFO     : Starting Default search ... :
INFO     : Default search done... : 
INFO     : In replicon NZ_CYAZ01000140.1, there are:
INFO     : - 0 complete integron(s) found with a total 0 attC site(s)
INFO     : - 0 CALIN element(s) found with a total of 0 attC site(s)
INFO     : - 0 In0 element(s) found with a total of 0 attC site
INFO     : Starting search with local_max...:
INFO     : Search with local_max done... :
INFO     : In replicon NZ_CYAZ01000140.1, there are:
INFO     : - 0 complete integron(s) found with a total 0 attC site(s)
INFO     : - 0 CALIN element(s) found with a total of 0 attC site(s)
INFO     : - 0 In0 element(s) found with a total of 0 attC site
INFO     : Writing out results for replicon NZ_CYAZ01000140.1
INFO     : ############ Processing replicon NZ_CYAZ01000141.1 (141/327) ############

INFO     : Starting Default search ... :
INFO     : Default search done... : 
INFO     : In replicon NZ_CYAZ01000141.1, there are:
INFO     : - 0 complete integron(s) found with a total 0 attC site(s)
INFO     : - 0 CALIN element(s) found with a total of 0 attC site(s)
INFO     : - 0 In0 element(s) found with a total of 0 attC site
INFO     : Starting search with local_max...:
INFO     : Search with local_max done... :
INFO     : In replicon NZ_CYAZ01000141.1, there are:
INFO     : - 0 complete integron(s) found with a total 0 attC site(s)
INFO     : - 0 CALIN element(s) found with a total of 0 attC site(s)
INFO     : - 0 In0 element(s) found with a total of 0 attC site
INFO     : Writing out results for replicon NZ_CYAZ01000141.1
INFO     : ############ Processing replicon NZ_CYAZ01000142.1 (142/327) ############

INFO     : Starting Default search ... :
INFO     : Default search done... : 
INFO     : In replicon NZ_CYAZ01000142.1, there are:
INFO     : - 0 complete integron(s) found with a total 0 attC site(s)
INFO     : - 0 CALIN element(s) found with a total of 0 attC site(s)
INFO     : - 0 In0 element(s) found with a total of 0 attC site
INFO     : Starting search with local_max...:
INFO     : Search with local_max done... :
INFO     : In replicon NZ_CYAZ01000142.1, there are:
INFO     : - 0 complete integron(s) found with a total 0 attC site(s)
INFO     : - 0 CALIN element(s) found with a total of 0 attC site(s)
INFO     : - 0 In0 element(s) found with a total of 0 attC site
INFO     : Writing out results for replicon NZ_CYAZ01000142.1
INFO     : ############ Processing replicon NZ_CYAZ01000143.1 (143/327) ############

INFO     : Starting Default search ... :
INFO     : Default search done... : 
INFO     : In replicon NZ_CYAZ01000143.1, there are:
INFO     : - 0 complete integron(s) found with a total 0 attC site(s)
INFO     : - 0 CALIN element(s) found with a total of 0 attC site(s)
INFO     : - 0 In0 element(s) found with a total of 0 attC site
INFO     : Starting search with local_max...:
INFO     : Search with local_max done... :
INFO     : In replicon NZ_CYAZ01000143.1, there are:
INFO     : - 0 complete integron(s) found with a total 0 attC site(s)
INFO     : - 0 CALIN element(s) found with a total of 0 attC site(s)
INFO     : - 0 In0 element(s) found with a total of 0 attC site
INFO     : Writing out results for replicon NZ_CYAZ01000143.1
INFO     : ############ Processing replicon NZ_CYAZ01000144.1 (144/327) ############

INFO     : Starting Default search ... :
INFO     : Default search done... : 
INFO     : In replicon NZ_CYAZ01000144.1, there are:
INFO     : - 0 complete integron(s) found with a total 0 attC site(s)
INFO     : - 0 CALIN element(s) found with a total of 0 attC site(s)
INFO     : - 0 In0 element(s) found with a total of 0 attC site
INFO     : Starting search with local_max...:
INFO     : Search with local_max done... :
INFO     : In replicon NZ_CYAZ01000144.1, there are:
INFO     : - 0 complete integron(s) found with a total 0 attC site(s)
INFO     : - 0 CALIN element(s) found with a total of 0 attC site(s)
INFO     : - 0 In0 element(s) found with a total of 0 attC site
INFO     : Writing out results for replicon NZ_CYAZ01000144.1
INFO     : ############ Processing replicon NZ_CYAZ01000145.1 (145/327) ############

INFO     : Starting Default search ... :
INFO     : Default search done... : 
INFO     : In replicon NZ_CYAZ01000145.1, there are:
INFO     : - 0 complete integron(s) found with a total 0 attC site(s)
INFO     : - 0 CALIN element(s) found with a total of 0 attC site(s)
INFO     : - 0 In0 element(s) found with a total of 0 attC site
INFO     : Starting search with local_max...:
INFO     : Search with local_max done... :
INFO     : In replicon NZ_CYAZ01000145.1, there are:
INFO     : - 0 complete integron(s) found with a total 0 attC site(s)
INFO     : - 0 CALIN element(s) found with a total of 0 attC site(s)
INFO     : - 0 In0 element(s) found with a total of 0 attC site
INFO     : Writing out results for replicon NZ_CYAZ01000145.1
INFO     : ############ Processing replicon NZ_CYAZ01000146.1 (146/327) ############

INFO     : Starting Default search ... :
INFO     : Default search done... : 
INFO     : In replicon NZ_CYAZ01000146.1, there are:
INFO     : - 0 complete integron(s) found with a total 0 attC site(s)
INFO     : - 0 CALIN element(s) found with a total of 0 attC site(s)
INFO     : - 0 In0 element(s) found with a total of 0 attC site
INFO     : Starting search with local_max...:
INFO     : Search with local_max done... :
INFO     : In replicon NZ_CYAZ01000146.1, there are:
INFO     : - 0 complete integron(s) found with a total 0 attC site(s)
INFO     : - 0 CALIN element(s) found with a total of 0 attC site(s)
INFO     : - 0 In0 element(s) found with a total of 0 attC site
INFO     : Writing out results for replicon NZ_CYAZ01000146.1
INFO     : ############ Processing replicon NZ_CYAZ01000147.1 (147/327) ############

INFO     : Starting Default search ... :
INFO     : Default search done... : 
INFO     : In replicon NZ_CYAZ01000147.1, there are:
INFO     : - 0 complete integron(s) found with a total 0 attC site(s)
INFO     : - 0 CALIN element(s) found with a total of 0 attC site(s)
INFO     : - 0 In0 element(s) found with a total of 0 attC site
INFO     : Starting search with local_max...:
INFO     : Search with local_max done... :
INFO     : In replicon NZ_CYAZ01000147.1, there are:
INFO     : - 0 complete integron(s) found with a total 0 attC site(s)
INFO     : - 0 CALIN element(s) found with a total of 0 attC site(s)
INFO     : - 0 In0 element(s) found with a total of 0 attC site
INFO     : Writing out results for replicon NZ_CYAZ01000147.1
INFO     : ############ Processing replicon NZ_CYAZ01000148.1 (148/327) ############

INFO     : Starting Default search ... :
INFO     : Default search done... : 
INFO     : In replicon NZ_CYAZ01000148.1, there are:
INFO     : - 0 complete integron(s) found with a total 0 attC site(s)
INFO     : - 0 CALIN element(s) found with a total of 0 attC site(s)
INFO     : - 0 In0 element(s) found with a total of 0 attC site
INFO     : Starting search with local_max...:
INFO     : Search with local_max done... :
INFO     : In replicon NZ_CYAZ01000148.1, there are:
INFO     : - 0 complete integron(s) found with a total 0 attC site(s)
INFO     : - 0 CALIN element(s) found with a total of 0 attC site(s)
INFO     : - 0 In0 element(s) found with a total of 0 attC site
INFO     : Writing out results for replicon NZ_CYAZ01000148.1
INFO     : ############ Processing replicon NZ_CYAZ01000149.1 (149/327) ############

INFO     : Starting Default search ... :
INFO     : Default search done... : 
INFO     : In replicon NZ_CYAZ01000149.1, there are:
INFO     : - 0 complete integron(s) found with a total 0 attC site(s)
INFO     : - 0 CALIN element(s) found with a total of 0 attC site(s)
INFO     : - 0 In0 element(s) found with a total of 0 attC site
INFO     : Starting search with local_max...:
INFO     : Search with local_max done... :
INFO     : In replicon NZ_CYAZ01000149.1, there are:
INFO     : - 0 complete integron(s) found with a total 0 attC site(s)
INFO     : - 0 CALIN element(s) found with a total of 0 attC site(s)
INFO     : - 0 In0 element(s) found with a total of 0 attC site
INFO     : Writing out results for replicon NZ_CYAZ01000149.1
INFO     : ############ Processing replicon NZ_CYAZ01000150.1 (150/327) ############

INFO     : Starting Default search ... :
INFO     : Default search done... : 
INFO     : In replicon NZ_CYAZ01000150.1, there are:
INFO     : - 0 complete integron(s) found with a total 0 attC site(s)
INFO     : - 0 CALIN element(s) found with a total of 0 attC site(s)
INFO     : - 0 In0 element(s) found with a total of 0 attC site
INFO     : Starting search with local_max...:
INFO     : Search with local_max done... :
INFO     : In replicon NZ_CYAZ01000150.1, there are:
INFO     : - 0 complete integron(s) found with a total 0 attC site(s)
INFO     : - 0 CALIN element(s) found with a total of 0 attC site(s)
INFO     : - 0 In0 element(s) found with a total of 0 attC site
INFO     : Writing out results for replicon NZ_CYAZ01000150.1
INFO     : ############ Processing replicon NZ_CYAZ01000151.1 (151/327) ############

INFO     : Starting Default search ... :
INFO     : Default search done... : 
INFO     : In replicon NZ_CYAZ01000151.1, there are:
INFO     : - 0 complete integron(s) found with a total 0 attC site(s)
INFO     : - 0 CALIN element(s) found with a total of 0 attC site(s)
INFO     : - 0 In0 element(s) found with a total of 0 attC site
INFO     : Starting search with local_max...:
INFO     : Search with local_max done... :
INFO     : In replicon NZ_CYAZ01000151.1, there are:
INFO     : - 0 complete integron(s) found with a total 0 attC site(s)
INFO     : - 0 CALIN element(s) found with a total of 0 attC site(s)
INFO     : - 0 In0 element(s) found with a total of 0 attC site
INFO     : Writing out results for replicon NZ_CYAZ01000151.1
INFO     : ############ Processing replicon NZ_CYAZ01000152.1 (152/327) ############

INFO     : Starting Default search ... :
INFO     : Default search done... : 
INFO     : In replicon NZ_CYAZ01000152.1, there are:
INFO     : - 0 complete integron(s) found with a total 0 attC site(s)
INFO     : - 0 CALIN element(s) found with a total of 0 attC site(s)
INFO     : - 0 In0 element(s) found with a total of 0 attC site
INFO     : Starting search with local_max...:
INFO     : Search with local_max done... :
INFO     : In replicon NZ_CYAZ01000152.1, there are:
INFO     : - 0 complete integron(s) found with a total 0 attC site(s)
INFO     : - 0 CALIN element(s) found with a total of 0 attC site(s)
INFO     : - 0 In0 element(s) found with a total of 0 attC site
INFO     : Writing out results for replicon NZ_CYAZ01000152.1
INFO     : ############ Processing replicon NZ_CYAZ01000153.1 (153/327) ############

INFO     : Starting Default search ... :
INFO     : Default search done... : 
INFO     : In replicon NZ_CYAZ01000153.1, there are:
INFO     : - 0 complete integron(s) found with a total 0 attC site(s)
INFO     : - 0 CALIN element(s) found with a total of 0 attC site(s)
INFO     : - 0 In0 element(s) found with a total of 0 attC site
INFO     : Starting search with local_max...:
INFO     : Search with local_max done... :
INFO     : In replicon NZ_CYAZ01000153.1, there are:
INFO     : - 0 complete integron(s) found with a total 0 attC site(s)
INFO     : - 0 CALIN element(s) found with a total of 0 attC site(s)
INFO     : - 0 In0 element(s) found with a total of 0 attC site
INFO     : Writing out results for replicon NZ_CYAZ01000153.1
INFO     : ############ Processing replicon NZ_CYAZ01000154.1 (154/327) ############

INFO     : Starting Default search ... :
INFO     : Default search done... : 
INFO     : In replicon NZ_CYAZ01000154.1, there are:
INFO     : - 0 complete integron(s) found with a total 0 attC site(s)
INFO     : - 0 CALIN element(s) found with a total of 0 attC site(s)
INFO     : - 0 In0 element(s) found with a total of 0 attC site
INFO     : Starting search with local_max...:
INFO     : Search with local_max done... :
INFO     : In replicon NZ_CYAZ01000154.1, there are:
INFO     : - 0 complete integron(s) found with a total 0 attC site(s)
INFO     : - 0 CALIN element(s) found with a total of 0 attC site(s)
INFO     : - 0 In0 element(s) found with a total of 0 attC site
INFO     : Writing out results for replicon NZ_CYAZ01000154.1
INFO     : ############ Processing replicon NZ_CYAZ01000155.1 (155/327) ############

INFO     : Starting Default search ... :
INFO     : Default search done... : 
INFO     : In replicon NZ_CYAZ01000155.1, there are:
INFO     : - 0 complete integron(s) found with a total 0 attC site(s)
INFO     : - 0 CALIN element(s) found with a total of 0 attC site(s)
INFO     : - 0 In0 element(s) found with a total of 0 attC site
INFO     : Starting search with local_max...:
INFO     : Search with local_max done... :
INFO     : In replicon NZ_CYAZ01000155.1, there are:
INFO     : - 0 complete integron(s) found with a total 0 attC site(s)
INFO     : - 0 CALIN element(s) found with a total of 0 attC site(s)
INFO     : - 0 In0 element(s) found with a total of 0 attC site
INFO     : Writing out results for replicon NZ_CYAZ01000155.1
INFO     : ############ Processing replicon NZ_CYAZ01000156.1 (156/327) ############

INFO     : Starting Default search ... :
INFO     : Default search done... : 
INFO     : In replicon NZ_CYAZ01000156.1, there are:
INFO     : - 0 complete integron(s) found with a total 0 attC site(s)
INFO     : - 0 CALIN element(s) found with a total of 0 attC site(s)
INFO     : - 0 In0 element(s) found with a total of 0 attC site
INFO     : Starting search with local_max...:
INFO     : Search with local_max done... :
INFO     : In replicon NZ_CYAZ01000156.1, there are:
INFO     : - 0 complete integron(s) found with a total 0 attC site(s)
INFO     : - 0 CALIN element(s) found with a total of 0 attC site(s)
INFO     : - 0 In0 element(s) found with a total of 0 attC site
INFO     : Writing out results for replicon NZ_CYAZ01000156.1
INFO     : ############ Processing replicon NZ_CYAZ01000157.1 (157/327) ############

INFO     : Starting Default search ... :
INFO     : Default search done... : 
INFO     : In replicon NZ_CYAZ01000157.1, there are:
INFO     : - 0 complete integron(s) found with a total 0 attC site(s)
INFO     : - 0 CALIN element(s) found with a total of 0 attC site(s)
INFO     : - 0 In0 element(s) found with a total of 0 attC site
INFO     : Starting search with local_max...:
INFO     : Search with local_max done... :
INFO     : In replicon NZ_CYAZ01000157.1, there are:
INFO     : - 0 complete integron(s) found with a total 0 attC site(s)
INFO     : - 0 CALIN element(s) found with a total of 0 attC site(s)
INFO     : - 0 In0 element(s) found with a total of 0 attC site
INFO     : Writing out results for replicon NZ_CYAZ01000157.1
INFO     : ############ Processing replicon NZ_CYAZ01000158.1 (158/327) ############

INFO     : Starting Default search ... :
INFO     : Default search done... : 
INFO     : In replicon NZ_CYAZ01000158.1, there are:
INFO     : - 0 complete integron(s) found with a total 0 attC site(s)
INFO     : - 0 CALIN element(s) found with a total of 0 attC site(s)
INFO     : - 0 In0 element(s) found with a total of 0 attC site
INFO     : Starting search with local_max...:
INFO     : Search with local_max done... :
INFO     : In replicon NZ_CYAZ01000158.1, there are:
INFO     : - 0 complete integron(s) found with a total 0 attC site(s)
INFO     : - 0 CALIN element(s) found with a total of 0 attC site(s)
INFO     : - 0 In0 element(s) found with a total of 0 attC site
INFO     : Writing out results for replicon NZ_CYAZ01000158.1
INFO     : ############ Processing replicon NZ_CYAZ01000159.1 (159/327) ############

INFO     : Starting Default search ... :
INFO     : Default search done... : 
INFO     : In replicon NZ_CYAZ01000159.1, there are:
INFO     : - 0 complete integron(s) found with a total 0 attC site(s)
INFO     : - 0 CALIN element(s) found with a total of 0 attC site(s)
INFO     : - 0 In0 element(s) found with a total of 0 attC site
INFO     : Starting search with local_max...:
INFO     : Search with local_max done... :
INFO     : In replicon NZ_CYAZ01000159.1, there are:
INFO     : - 0 complete integron(s) found with a total 0 attC site(s)
INFO     : - 0 CALIN element(s) found with a total of 0 attC site(s)
INFO     : - 0 In0 element(s) found with a total of 0 attC site
INFO     : Writing out results for replicon NZ_CYAZ01000159.1
INFO     : ############ Processing replicon NZ_CYAZ01000160.1 (160/327) ############

INFO     : Starting Default search ... :
INFO     : Default search done... : 
INFO     : In replicon NZ_CYAZ01000160.1, there are:
INFO     : - 0 complete integron(s) found with a total 0 attC site(s)
INFO     : - 0 CALIN element(s) found with a total of 0 attC site(s)
INFO     : - 0 In0 element(s) found with a total of 0 attC site
INFO     : Starting search with local_max...:
INFO     : Search with local_max done... :
INFO     : In replicon NZ_CYAZ01000160.1, there are:
INFO     : - 0 complete integron(s) found with a total 0 attC site(s)
INFO     : - 0 CALIN element(s) found with a total of 0 attC site(s)
INFO     : - 0 In0 element(s) found with a total of 0 attC site
INFO     : Writing out results for replicon NZ_CYAZ01000160.1
INFO     : ############ Processing replicon NZ_CYAZ01000161.1 (161/327) ############

INFO     : Starting Default search ... :
INFO     : Default search done... : 
INFO     : In replicon NZ_CYAZ01000161.1, there are:
INFO     : - 0 complete integron(s) found with a total 0 attC site(s)
INFO     : - 0 CALIN element(s) found with a total of 0 attC site(s)
INFO     : - 0 In0 element(s) found with a total of 0 attC site
INFO     : Starting search with local_max...:
INFO     : Search with local_max done... :
INFO     : In replicon NZ_CYAZ01000161.1, there are:
INFO     : - 0 complete integron(s) found with a total 0 attC site(s)
INFO     : - 0 CALIN element(s) found with a total of 0 attC site(s)
INFO     : - 0 In0 element(s) found with a total of 0 attC site
INFO     : Writing out results for replicon NZ_CYAZ01000161.1
INFO     : ############ Processing replicon NZ_CYAZ01000162.1 (162/327) ############

INFO     : Starting Default search ... :
INFO     : Default search done... : 
INFO     : In replicon NZ_CYAZ01000162.1, there are:
INFO     : - 0 complete integron(s) found with a total 0 attC site(s)
INFO     : - 0 CALIN element(s) found with a total of 0 attC site(s)
INFO     : - 0 In0 element(s) found with a total of 0 attC site
INFO     : Starting search with local_max...:
INFO     : Search with local_max done... :
INFO     : In replicon NZ_CYAZ01000162.1, there are:
INFO     : - 0 complete integron(s) found with a total 0 attC site(s)
INFO     : - 0 CALIN element(s) found with a total of 0 attC site(s)
INFO     : - 0 In0 element(s) found with a total of 0 attC site
INFO     : Writing out results for replicon NZ_CYAZ01000162.1
INFO     : ############ Processing replicon NZ_CYAZ01000163.1 (163/327) ############

INFO     : Starting Default search ... :
INFO     : Default search done... : 
INFO     : In replicon NZ_CYAZ01000163.1, there are:
INFO     : - 0 complete integron(s) found with a total 0 attC site(s)
INFO     : - 0 CALIN element(s) found with a total of 0 attC site(s)
INFO     : - 0 In0 element(s) found with a total of 0 attC site
INFO     : Starting search with local_max...:
INFO     : Search with local_max done... :
INFO     : In replicon NZ_CYAZ01000163.1, there are:
INFO     : - 0 complete integron(s) found with a total 0 attC site(s)
INFO     : - 0 CALIN element(s) found with a total of 0 attC site(s)
INFO     : - 0 In0 element(s) found with a total of 0 attC site
INFO     : Writing out results for replicon NZ_CYAZ01000163.1
INFO     : ############ Processing replicon NZ_CYAZ01000164.1 (164/327) ############

INFO     : Starting Default search ... :
INFO     : Default search done... : 
INFO     : In replicon NZ_CYAZ01000164.1, there are:
INFO     : - 0 complete integron(s) found with a total 0 attC site(s)
INFO     : - 0 CALIN element(s) found with a total of 0 attC site(s)
INFO     : - 0 In0 element(s) found with a total of 0 attC site
INFO     : Starting search with local_max...:
INFO     : Search with local_max done... :
INFO     : In replicon NZ_CYAZ01000164.1, there are:
INFO     : - 0 complete integron(s) found with a total 0 attC site(s)
INFO     : - 0 CALIN element(s) found with a total of 0 attC site(s)
INFO     : - 0 In0 element(s) found with a total of 0 attC site
INFO     : Writing out results for replicon NZ_CYAZ01000164.1
INFO     : ############ Processing replicon NZ_CYAZ01000165.1 (165/327) ############

INFO     : Starting Default search ... :
INFO     : Default search done... : 
INFO     : In replicon NZ_CYAZ01000165.1, there are:
INFO     : - 0 complete integron(s) found with a total 0 attC site(s)
INFO     : - 0 CALIN element(s) found with a total of 0 attC site(s)
INFO     : - 0 In0 element(s) found with a total of 0 attC site
INFO     : Starting search with local_max...:
INFO     : Search with local_max done... :
INFO     : In replicon NZ_CYAZ01000165.1, there are:
INFO     : - 0 complete integron(s) found with a total 0 attC site(s)
INFO     : - 0 CALIN element(s) found with a total of 0 attC site(s)
INFO     : - 0 In0 element(s) found with a total of 0 attC site
INFO     : Writing out results for replicon NZ_CYAZ01000165.1
INFO     : ############ Processing replicon NZ_CYAZ01000166.1 (166/327) ############

INFO     : Starting Default search ... :
INFO     : Default search done... : 
INFO     : In replicon NZ_CYAZ01000166.1, there are:
INFO     : - 0 complete integron(s) found with a total 0 attC site(s)
INFO     : - 0 CALIN element(s) found with a total of 0 attC site(s)
INFO     : - 0 In0 element(s) found with a total of 0 attC site
INFO     : Starting search with local_max...:
INFO     : Search with local_max done... :
INFO     : In replicon NZ_CYAZ01000166.1, there are:
INFO     : - 0 complete integron(s) found with a total 0 attC site(s)
INFO     : - 0 CALIN element(s) found with a total of 0 attC site(s)
INFO     : - 0 In0 element(s) found with a total of 0 attC site
INFO     : Writing out results for replicon NZ_CYAZ01000166.1
INFO     : ############ Processing replicon NZ_CYAZ01000167.1 (167/327) ############

INFO     : Starting Default search ... :
INFO     : Default search done... : 
INFO     : In replicon NZ_CYAZ01000167.1, there are:
INFO     : - 0 complete integron(s) found with a total 0 attC site(s)
INFO     : - 0 CALIN element(s) found with a total of 0 attC site(s)
INFO     : - 0 In0 element(s) found with a total of 0 attC site
INFO     : Starting search with local_max...:
INFO     : Search with local_max done... :
INFO     : In replicon NZ_CYAZ01000167.1, there are:
INFO     : - 0 complete integron(s) found with a total 0 attC site(s)
INFO     : - 0 CALIN element(s) found with a total of 0 attC site(s)
INFO     : - 0 In0 element(s) found with a total of 0 attC site
INFO     : Writing out results for replicon NZ_CYAZ01000167.1
INFO     : ############ Processing replicon NZ_CYAZ01000168.1 (168/327) ############

INFO     : Starting Default search ... :
INFO     : Default search done... : 
INFO     : In replicon NZ_CYAZ01000168.1, there are:
INFO     : - 0 complete integron(s) found with a total 0 attC site(s)
INFO     : - 0 CALIN element(s) found with a total of 0 attC site(s)
INFO     : - 0 In0 element(s) found with a total of 0 attC site
INFO     : Starting search with local_max...:
INFO     : Search with local_max done... :
INFO     : In replicon NZ_CYAZ01000168.1, there are:
INFO     : - 0 complete integron(s) found with a total 0 attC site(s)
INFO     : - 0 CALIN element(s) found with a total of 0 attC site(s)
INFO     : - 0 In0 element(s) found with a total of 0 attC site
INFO     : Writing out results for replicon NZ_CYAZ01000168.1
INFO     : ############ Processing replicon NZ_CYAZ01000169.1 (169/327) ############

INFO     : Starting Default search ... :
INFO     : Default search done... : 
INFO     : In replicon NZ_CYAZ01000169.1, there are:
INFO     : - 0 complete integron(s) found with a total 0 attC site(s)
INFO     : - 0 CALIN element(s) found with a total of 0 attC site(s)
INFO     : - 0 In0 element(s) found with a total of 0 attC site
INFO     : Starting search with local_max...:
INFO     : Search with local_max done... :
INFO     : In replicon NZ_CYAZ01000169.1, there are:
INFO     : - 0 complete integron(s) found with a total 0 attC site(s)
INFO     : - 0 CALIN element(s) found with a total of 0 attC site(s)
INFO     : - 0 In0 element(s) found with a total of 0 attC site
INFO     : Writing out results for replicon NZ_CYAZ01000169.1
INFO     : ############ Processing replicon NZ_CYAZ01000170.1 (170/327) ############

INFO     : Starting Default search ... :
INFO     : Default search done... : 
INFO     : In replicon NZ_CYAZ01000170.1, there are:
INFO     : - 0 complete integron(s) found with a total 0 attC site(s)
INFO     : - 0 CALIN element(s) found with a total of 0 attC site(s)
INFO     : - 0 In0 element(s) found with a total of 0 attC site
INFO     : Starting search with local_max...:
INFO     : Search with local_max done... :
INFO     : In replicon NZ_CYAZ01000170.1, there are:
INFO     : - 0 complete integron(s) found with a total 0 attC site(s)
INFO     : - 0 CALIN element(s) found with a total of 0 attC site(s)
INFO     : - 0 In0 element(s) found with a total of 0 attC site
INFO     : Writing out results for replicon NZ_CYAZ01000170.1
INFO     : ############ Processing replicon NZ_CYAZ01000171.1 (171/327) ############

INFO     : Starting Default search ... :
INFO     : Default search done... : 
INFO     : In replicon NZ_CYAZ01000171.1, there are:
INFO     : - 0 complete integron(s) found with a total 0 attC site(s)
INFO     : - 0 CALIN element(s) found with a total of 0 attC site(s)
INFO     : - 0 In0 element(s) found with a total of 0 attC site
INFO     : Starting search with local_max...:
INFO     : Search with local_max done... :
INFO     : In replicon NZ_CYAZ01000171.1, there are:
INFO     : - 0 complete integron(s) found with a total 0 attC site(s)
INFO     : - 0 CALIN element(s) found with a total of 0 attC site(s)
INFO     : - 0 In0 element(s) found with a total of 0 attC site
INFO     : Writing out results for replicon NZ_CYAZ01000171.1
INFO     : ############ Processing replicon NZ_CYAZ01000172.1 (172/327) ############

INFO     : Starting Default search ... :
INFO     : Default search done... : 
INFO     : In replicon NZ_CYAZ01000172.1, there are:
INFO     : - 0 complete integron(s) found with a total 0 attC site(s)
INFO     : - 0 CALIN element(s) found with a total of 0 attC site(s)
INFO     : - 0 In0 element(s) found with a total of 0 attC site
INFO     : Starting search with local_max...:
INFO     : Search with local_max done... :
INFO     : In replicon NZ_CYAZ01000172.1, there are:
INFO     : - 0 complete integron(s) found with a total 0 attC site(s)
INFO     : - 0 CALIN element(s) found with a total of 0 attC site(s)
INFO     : - 0 In0 element(s) found with a total of 0 attC site
INFO     : Writing out results for replicon NZ_CYAZ01000172.1
INFO     : ############ Processing replicon NZ_CYAZ01000173.1 (173/327) ############

INFO     : Starting Default search ... :
INFO     : Default search done... : 
INFO     : In replicon NZ_CYAZ01000173.1, there are:
INFO     : - 0 complete integron(s) found with a total 0 attC site(s)
INFO     : - 0 CALIN element(s) found with a total of 0 attC site(s)
INFO     : - 0 In0 element(s) found with a total of 0 attC site
INFO     : Starting search with local_max...:
INFO     : Search with local_max done... :
INFO     : In replicon NZ_CYAZ01000173.1, there are:
INFO     : - 0 complete integron(s) found with a total 0 attC site(s)
INFO     : - 0 CALIN element(s) found with a total of 0 attC site(s)
INFO     : - 0 In0 element(s) found with a total of 0 attC site
INFO     : Writing out results for replicon NZ_CYAZ01000173.1
INFO     : ############ Processing replicon NZ_CYAZ01000174.1 (174/327) ############

INFO     : Starting Default search ... :
INFO     : Default search done... : 
INFO     : In replicon NZ_CYAZ01000174.1, there are:
INFO     : - 0 complete integron(s) found with a total 0 attC site(s)
INFO     : - 0 CALIN element(s) found with a total of 0 attC site(s)
INFO     : - 0 In0 element(s) found with a total of 0 attC site
INFO     : Starting search with local_max...:
INFO     : Search with local_max done... :
INFO     : In replicon NZ_CYAZ01000174.1, there are:
INFO     : - 0 complete integron(s) found with a total 0 attC site(s)
INFO     : - 0 CALIN element(s) found with a total of 0 attC site(s)
INFO     : - 0 In0 element(s) found with a total of 0 attC site
INFO     : Writing out results for replicon NZ_CYAZ01000174.1
INFO     : ############ Processing replicon NZ_CYAZ01000175.1 (175/327) ############

INFO     : Starting Default search ... :
INFO     : Default search done... : 
INFO     : In replicon NZ_CYAZ01000175.1, there are:
INFO     : - 0 complete integron(s) found with a total 0 attC site(s)
INFO     : - 0 CALIN element(s) found with a total of 0 attC site(s)
INFO     : - 0 In0 element(s) found with a total of 0 attC site
INFO     : Starting search with local_max...:
INFO     : Search with local_max done... :
INFO     : In replicon NZ_CYAZ01000175.1, there are:
INFO     : - 0 complete integron(s) found with a total 0 attC site(s)
INFO     : - 0 CALIN element(s) found with a total of 0 attC site(s)
INFO     : - 0 In0 element(s) found with a total of 0 attC site
INFO     : Writing out results for replicon NZ_CYAZ01000175.1
INFO     : ############ Processing replicon NZ_CYAZ01000176.1 (176/327) ############

INFO     : Starting Default search ... :
INFO     : Default search done... : 
INFO     : In replicon NZ_CYAZ01000176.1, there are:
INFO     : - 0 complete integron(s) found with a total 0 attC site(s)
INFO     : - 0 CALIN element(s) found with a total of 0 attC site(s)
INFO     : - 0 In0 element(s) found with a total of 0 attC site
INFO     : Starting search with local_max...:
INFO     : Search with local_max done... :
INFO     : In replicon NZ_CYAZ01000176.1, there are:
INFO     : - 0 complete integron(s) found with a total 0 attC site(s)
INFO     : - 0 CALIN element(s) found with a total of 0 attC site(s)
INFO     : - 0 In0 element(s) found with a total of 0 attC site
INFO     : Writing out results for replicon NZ_CYAZ01000176.1
INFO     : ############ Processing replicon NZ_CYAZ01000177.1 (177/327) ############

INFO     : Starting Default search ... :
INFO     : Default search done... : 
INFO     : In replicon NZ_CYAZ01000177.1, there are:
INFO     : - 0 complete integron(s) found with a total 0 attC site(s)
INFO     : - 0 CALIN element(s) found with a total of 0 attC site(s)
INFO     : - 0 In0 element(s) found with a total of 0 attC site
INFO     : Starting search with local_max...:
INFO     : Search with local_max done... :
INFO     : In replicon NZ_CYAZ01000177.1, there are:
INFO     : - 0 complete integron(s) found with a total 0 attC site(s)
INFO     : - 0 CALIN element(s) found with a total of 0 attC site(s)
INFO     : - 0 In0 element(s) found with a total of 0 attC site
INFO     : Writing out results for replicon NZ_CYAZ01000177.1
INFO     : ############ Processing replicon NZ_CYAZ01000178.1 (178/327) ############

INFO     : Starting Default search ... :
INFO     : Default search done... : 
INFO     : In replicon NZ_CYAZ01000178.1, there are:
INFO     : - 0 complete integron(s) found with a total 0 attC site(s)
INFO     : - 0 CALIN element(s) found with a total of 0 attC site(s)
INFO     : - 0 In0 element(s) found with a total of 0 attC site
INFO     : Starting search with local_max...:
INFO     : Search with local_max done... :
INFO     : In replicon NZ_CYAZ01000178.1, there are:
INFO     : - 0 complete integron(s) found with a total 0 attC site(s)
INFO     : - 0 CALIN element(s) found with a total of 0 attC site(s)
INFO     : - 0 In0 element(s) found with a total of 0 attC site
INFO     : Writing out results for replicon NZ_CYAZ01000178.1
INFO     : ############ Processing replicon NZ_CYAZ01000179.1 (179/327) ############

INFO     : Starting Default search ... :
INFO     : Default search done... : 
INFO     : In replicon NZ_CYAZ01000179.1, there are:
INFO     : - 0 complete integron(s) found with a total 0 attC site(s)
INFO     : - 0 CALIN element(s) found with a total of 0 attC site(s)
INFO     : - 0 In0 element(s) found with a total of 0 attC site
INFO     : Starting search with local_max...:
INFO     : Search with local_max done... :
INFO     : In replicon NZ_CYAZ01000179.1, there are:
INFO     : - 0 complete integron(s) found with a total 0 attC site(s)
INFO     : - 0 CALIN element(s) found with a total of 0 attC site(s)
INFO     : - 0 In0 element(s) found with a total of 0 attC site
INFO     : Writing out results for replicon NZ_CYAZ01000179.1
INFO     : ############ Processing replicon NZ_CYAZ01000180.1 (180/327) ############

INFO     : Starting Default search ... :
INFO     : Default search done... : 
INFO     : In replicon NZ_CYAZ01000180.1, there are:
INFO     : - 0 complete integron(s) found with a total 0 attC site(s)
INFO     : - 0 CALIN element(s) found with a total of 0 attC site(s)
INFO     : - 0 In0 element(s) found with a total of 0 attC site
INFO     : Starting search with local_max...:
INFO     : Search with local_max done... :
INFO     : In replicon NZ_CYAZ01000180.1, there are:
INFO     : - 0 complete integron(s) found with a total 0 attC site(s)
INFO     : - 0 CALIN element(s) found with a total of 0 attC site(s)
INFO     : - 0 In0 element(s) found with a total of 0 attC site
INFO     : Writing out results for replicon NZ_CYAZ01000180.1
INFO     : ############ Processing replicon NZ_CYAZ01000181.1 (181/327) ############

INFO     : Starting Default search ... :
INFO     : Default search done... : 
INFO     : In replicon NZ_CYAZ01000181.1, there are:
INFO     : - 0 complete integron(s) found with a total 0 attC site(s)
INFO     : - 0 CALIN element(s) found with a total of 0 attC site(s)
INFO     : - 0 In0 element(s) found with a total of 0 attC site
INFO     : Starting search with local_max...:
INFO     : Search with local_max done... :
INFO     : In replicon NZ_CYAZ01000181.1, there are:
INFO     : - 0 complete integron(s) found with a total 0 attC site(s)
INFO     : - 0 CALIN element(s) found with a total of 0 attC site(s)
INFO     : - 0 In0 element(s) found with a total of 0 attC site
INFO     : Writing out results for replicon NZ_CYAZ01000181.1
INFO     : ############ Processing replicon NZ_CYAZ01000182.1 (182/327) ############

INFO     : Starting Default search ... :
INFO     : Default search done... : 
INFO     : In replicon NZ_CYAZ01000182.1, there are:
INFO     : - 0 complete integron(s) found with a total 0 attC site(s)
INFO     : - 0 CALIN element(s) found with a total of 0 attC site(s)
INFO     : - 0 In0 element(s) found with a total of 0 attC site
INFO     : Starting search with local_max...:
INFO     : Search with local_max done... :
INFO     : In replicon NZ_CYAZ01000182.1, there are:
INFO     : - 0 complete integron(s) found with a total 0 attC site(s)
INFO     : - 0 CALIN element(s) found with a total of 0 attC site(s)
INFO     : - 0 In0 element(s) found with a total of 0 attC site
INFO     : Writing out results for replicon NZ_CYAZ01000182.1
INFO     : ############ Processing replicon NZ_CYAZ01000183.1 (183/327) ############

INFO     : Starting Default search ... :
INFO     : Default search done... : 
INFO     : In replicon NZ_CYAZ01000183.1, there are:
INFO     : - 0 complete integron(s) found with a total 0 attC site(s)
INFO     : - 0 CALIN element(s) found with a total of 0 attC site(s)
INFO     : - 0 In0 element(s) found with a total of 0 attC site
INFO     : Starting search with local_max...:
INFO     : Search with local_max done... :
INFO     : In replicon NZ_CYAZ01000183.1, there are:
INFO     : - 0 complete integron(s) found with a total 0 attC site(s)
INFO     : - 0 CALIN element(s) found with a total of 0 attC site(s)
INFO     : - 0 In0 element(s) found with a total of 0 attC site
INFO     : Writing out results for replicon NZ_CYAZ01000183.1
INFO     : ############ Processing replicon NZ_CYAZ01000184.1 (184/327) ############

INFO     : Starting Default search ... :
INFO     : Default search done... : 
INFO     : In replicon NZ_CYAZ01000184.1, there are:
INFO     : - 0 complete integron(s) found with a total 0 attC site(s)
INFO     : - 0 CALIN element(s) found with a total of 0 attC site(s)
INFO     : - 0 In0 element(s) found with a total of 0 attC site
INFO     : Starting search with local_max...:
INFO     : Search with local_max done... :
INFO     : In replicon NZ_CYAZ01000184.1, there are:
INFO     : - 0 complete integron(s) found with a total 0 attC site(s)
INFO     : - 0 CALIN element(s) found with a total of 0 attC site(s)
INFO     : - 0 In0 element(s) found with a total of 0 attC site
INFO     : Writing out results for replicon NZ_CYAZ01000184.1
INFO     : ############ Processing replicon NZ_CYAZ01000185.1 (185/327) ############

INFO     : Starting Default search ... :
INFO     : Default search done... : 
INFO     : In replicon NZ_CYAZ01000185.1, there are:
INFO     : - 0 complete integron(s) found with a total 0 attC site(s)
INFO     : - 0 CALIN element(s) found with a total of 0 attC site(s)
INFO     : - 0 In0 element(s) found with a total of 0 attC site
INFO     : Starting search with local_max...:
INFO     : Search with local_max done... :
INFO     : In replicon NZ_CYAZ01000185.1, there are:
INFO     : - 0 complete integron(s) found with a total 0 attC site(s)
INFO     : - 0 CALIN element(s) found with a total of 0 attC site(s)
INFO     : - 0 In0 element(s) found with a total of 0 attC site
INFO     : Writing out results for replicon NZ_CYAZ01000185.1
INFO     : ############ Processing replicon NZ_CYAZ01000186.1 (186/327) ############

INFO     : Starting Default search ... :
INFO     : Default search done... : 
INFO     : In replicon NZ_CYAZ01000186.1, there are:
INFO     : - 0 complete integron(s) found with a total 0 attC site(s)
INFO     : - 0 CALIN element(s) found with a total of 0 attC site(s)
INFO     : - 0 In0 element(s) found with a total of 0 attC site
INFO     : Starting search with local_max...:
INFO     : Search with local_max done... :
INFO     : In replicon NZ_CYAZ01000186.1, there are:
INFO     : - 0 complete integron(s) found with a total 0 attC site(s)
INFO     : - 0 CALIN element(s) found with a total of 0 attC site(s)
INFO     : - 0 In0 element(s) found with a total of 0 attC site
INFO     : Writing out results for replicon NZ_CYAZ01000186.1
INFO     : ############ Processing replicon NZ_CYAZ01000187.1 (187/327) ############

INFO     : Starting Default search ... :
INFO     : Default search done... : 
INFO     : In replicon NZ_CYAZ01000187.1, there are:
INFO     : - 0 complete integron(s) found with a total 0 attC site(s)
INFO     : - 0 CALIN element(s) found with a total of 0 attC site(s)
INFO     : - 0 In0 element(s) found with a total of 0 attC site
INFO     : Starting search with local_max...:
INFO     : Search with local_max done... :
INFO     : In replicon NZ_CYAZ01000187.1, there are:
INFO     : - 0 complete integron(s) found with a total 0 attC site(s)
INFO     : - 0 CALIN element(s) found with a total of 0 attC site(s)
INFO     : - 0 In0 element(s) found with a total of 0 attC site
INFO     : Writing out results for replicon NZ_CYAZ01000187.1
INFO     : ############ Processing replicon NZ_CYAZ01000188.1 (188/327) ############

INFO     : Starting Default search ... :
INFO     : Default search done... : 
INFO     : In replicon NZ_CYAZ01000188.1, there are:
INFO     : - 0 complete integron(s) found with a total 0 attC site(s)
INFO     : - 0 CALIN element(s) found with a total of 0 attC site(s)
INFO     : - 0 In0 element(s) found with a total of 0 attC site
INFO     : Starting search with local_max...:
INFO     : Search with local_max done... :
INFO     : In replicon NZ_CYAZ01000188.1, there are:
INFO     : - 0 complete integron(s) found with a total 0 attC site(s)
INFO     : - 0 CALIN element(s) found with a total of 0 attC site(s)
INFO     : - 0 In0 element(s) found with a total of 0 attC site
INFO     : Writing out results for replicon NZ_CYAZ01000188.1
INFO     : ############ Processing replicon NZ_CYAZ01000189.1 (189/327) ############

INFO     : Starting Default search ... :
INFO     : Default search done... : 
INFO     : In replicon NZ_CYAZ01000189.1, there are:
INFO     : - 0 complete integron(s) found with a total 0 attC site(s)
INFO     : - 0 CALIN element(s) found with a total of 0 attC site(s)
INFO     : - 0 In0 element(s) found with a total of 0 attC site
INFO     : Starting search with local_max...:
INFO     : Search with local_max done... :
INFO     : In replicon NZ_CYAZ01000189.1, there are:
INFO     : - 0 complete integron(s) found with a total 0 attC site(s)
INFO     : - 0 CALIN element(s) found with a total of 0 attC site(s)
INFO     : - 0 In0 element(s) found with a total of 0 attC site
INFO     : Writing out results for replicon NZ_CYAZ01000189.1
INFO     : ############ Processing replicon NZ_CYAZ01000190.1 (190/327) ############

INFO     : Starting Default search ... :
INFO     : Default search done... : 
INFO     : In replicon NZ_CYAZ01000190.1, there are:
INFO     : - 0 complete integron(s) found with a total 0 attC site(s)
INFO     : - 0 CALIN element(s) found with a total of 0 attC site(s)
INFO     : - 0 In0 element(s) found with a total of 0 attC site
INFO     : Starting search with local_max...:
INFO     : Search with local_max done... :
INFO     : In replicon NZ_CYAZ01000190.1, there are:
INFO     : - 0 complete integron(s) found with a total 0 attC site(s)
INFO     : - 0 CALIN element(s) found with a total of 0 attC site(s)
INFO     : - 0 In0 element(s) found with a total of 0 attC site
INFO     : Writing out results for replicon NZ_CYAZ01000190.1
INFO     : ############ Processing replicon NZ_CYAZ01000191.1 (191/327) ############

INFO     : Starting Default search ... :
INFO     : Default search done... : 
INFO     : In replicon NZ_CYAZ01000191.1, there are:
INFO     : - 0 complete integron(s) found with a total 0 attC site(s)
INFO     : - 0 CALIN element(s) found with a total of 0 attC site(s)
INFO     : - 0 In0 element(s) found with a total of 0 attC site
INFO     : Starting search with local_max...:
INFO     : Search with local_max done... :
INFO     : In replicon NZ_CYAZ01000191.1, there are:
INFO     : - 0 complete integron(s) found with a total 0 attC site(s)
INFO     : - 0 CALIN element(s) found with a total of 0 attC site(s)
INFO     : - 0 In0 element(s) found with a total of 0 attC site
INFO     : Writing out results for replicon NZ_CYAZ01000191.1
INFO     : ############ Processing replicon NZ_CYAZ01000192.1 (192/327) ############

INFO     : Starting Default search ... :
INFO     : Default search done... : 
INFO     : In replicon NZ_CYAZ01000192.1, there are:
INFO     : - 0 complete integron(s) found with a total 0 attC site(s)
INFO     : - 0 CALIN element(s) found with a total of 0 attC site(s)
INFO     : - 0 In0 element(s) found with a total of 0 attC site
INFO     : Starting search with local_max...:
INFO     : Search with local_max done... :
INFO     : In replicon NZ_CYAZ01000192.1, there are:
INFO     : - 0 complete integron(s) found with a total 0 attC site(s)
INFO     : - 0 CALIN element(s) found with a total of 0 attC site(s)
INFO     : - 0 In0 element(s) found with a total of 0 attC site
INFO     : Writing out results for replicon NZ_CYAZ01000192.1
INFO     : ############ Processing replicon NZ_CYAZ01000193.1 (193/327) ############

INFO     : Starting Default search ... :
INFO     : Default search done... : 
INFO     : In replicon NZ_CYAZ01000193.1, there are:
INFO     : - 0 complete integron(s) found with a total 0 attC site(s)
INFO     : - 0 CALIN element(s) found with a total of 0 attC site(s)
INFO     : - 0 In0 element(s) found with a total of 0 attC site
INFO     : Starting search with local_max...:
INFO     : Search with local_max done... :
INFO     : In replicon NZ_CYAZ01000193.1, there are:
INFO     : - 0 complete integron(s) found with a total 0 attC site(s)
INFO     : - 0 CALIN element(s) found with a total of 0 attC site(s)
INFO     : - 0 In0 element(s) found with a total of 0 attC site
INFO     : Writing out results for replicon NZ_CYAZ01000193.1
INFO     : ############ Processing replicon NZ_CYAZ01000194.1 (194/327) ############

INFO     : Starting Default search ... :
INFO     : Default search done... : 
INFO     : In replicon NZ_CYAZ01000194.1, there are:
INFO     : - 0 complete integron(s) found with a total 0 attC site(s)
INFO     : - 0 CALIN element(s) found with a total of 0 attC site(s)
INFO     : - 0 In0 element(s) found with a total of 0 attC site
INFO     : Starting search with local_max...:
INFO     : Search with local_max done... :
INFO     : In replicon NZ_CYAZ01000194.1, there are:
INFO     : - 0 complete integron(s) found with a total 0 attC site(s)
INFO     : - 0 CALIN element(s) found with a total of 0 attC site(s)
INFO     : - 0 In0 element(s) found with a total of 0 attC site
INFO     : Writing out results for replicon NZ_CYAZ01000194.1
INFO     : ############ Processing replicon NZ_CYAZ01000195.1 (195/327) ############

INFO     : Starting Default search ... :
INFO     : Default search done... : 
INFO     : In replicon NZ_CYAZ01000195.1, there are:
INFO     : - 0 complete integron(s) found with a total 0 attC site(s)
INFO     : - 0 CALIN element(s) found with a total of 0 attC site(s)
INFO     : - 0 In0 element(s) found with a total of 0 attC site
INFO     : Starting search with local_max...:
INFO     : Search with local_max done... :
INFO     : In replicon NZ_CYAZ01000195.1, there are:
INFO     : - 0 complete integron(s) found with a total 0 attC site(s)
INFO     : - 0 CALIN element(s) found with a total of 0 attC site(s)
INFO     : - 0 In0 element(s) found with a total of 0 attC site
INFO     : Writing out results for replicon NZ_CYAZ01000195.1
INFO     : ############ Processing replicon NZ_CYAZ01000196.1 (196/327) ############

INFO     : Starting Default search ... :
INFO     : Default search done... : 
INFO     : In replicon NZ_CYAZ01000196.1, there are:
INFO     : - 0 complete integron(s) found with a total 0 attC site(s)
INFO     : - 0 CALIN element(s) found with a total of 0 attC site(s)
INFO     : - 0 In0 element(s) found with a total of 0 attC site
INFO     : Starting search with local_max...:
INFO     : Search with local_max done... :
INFO     : In replicon NZ_CYAZ01000196.1, there are:
INFO     : - 0 complete integron(s) found with a total 0 attC site(s)
INFO     : - 0 CALIN element(s) found with a total of 0 attC site(s)
INFO     : - 0 In0 element(s) found with a total of 0 attC site
INFO     : Writing out results for replicon NZ_CYAZ01000196.1
INFO     : ############ Processing replicon NZ_CYAZ01000197.1 (197/327) ############

INFO     : Starting Default search ... :
INFO     : Default search done... : 
INFO     : In replicon NZ_CYAZ01000197.1, there are:
INFO     : - 0 complete integron(s) found with a total 0 attC site(s)
INFO     : - 0 CALIN element(s) found with a total of 0 attC site(s)
INFO     : - 0 In0 element(s) found with a total of 0 attC site
INFO     : Starting search with local_max...:
INFO     : Search with local_max done... :
INFO     : In replicon NZ_CYAZ01000197.1, there are:
INFO     : - 0 complete integron(s) found with a total 0 attC site(s)
INFO     : - 0 CALIN element(s) found with a total of 0 attC site(s)
INFO     : - 0 In0 element(s) found with a total of 0 attC site
INFO     : Writing out results for replicon NZ_CYAZ01000197.1
INFO     : ############ Processing replicon NZ_CYAZ01000198.1 (198/327) ############

INFO     : Starting Default search ... :
INFO     : Default search done... : 
INFO     : In replicon NZ_CYAZ01000198.1, there are:
INFO     : - 0 complete integron(s) found with a total 0 attC site(s)
INFO     : - 0 CALIN element(s) found with a total of 0 attC site(s)
INFO     : - 0 In0 element(s) found with a total of 0 attC site
INFO     : Starting search with local_max...:
INFO     : Search with local_max done... :
INFO     : In replicon NZ_CYAZ01000198.1, there are:
INFO     : - 0 complete integron(s) found with a total 0 attC site(s)
INFO     : - 0 CALIN element(s) found with a total of 0 attC site(s)
INFO     : - 0 In0 element(s) found with a total of 0 attC site
INFO     : Writing out results for replicon NZ_CYAZ01000198.1
INFO     : ############ Processing replicon NZ_CYAZ01000199.1 (199/327) ############

INFO     : Starting Default search ... :
INFO     : Default search done... : 
INFO     : In replicon NZ_CYAZ01000199.1, there are:
INFO     : - 0 complete integron(s) found with a total 0 attC site(s)
INFO     : - 0 CALIN element(s) found with a total of 0 attC site(s)
INFO     : - 0 In0 element(s) found with a total of 0 attC site
INFO     : Starting search with local_max...:
INFO     : Search with local_max done... :
INFO     : In replicon NZ_CYAZ01000199.1, there are:
INFO     : - 0 complete integron(s) found with a total 0 attC site(s)
INFO     : - 0 CALIN element(s) found with a total of 0 attC site(s)
INFO     : - 0 In0 element(s) found with a total of 0 attC site
INFO     : Writing out results for replicon NZ_CYAZ01000199.1
INFO     : ############ Processing replicon NZ_CYAZ01000200.1 (200/327) ############

INFO     : Starting Default search ... :
INFO     : Default search done... : 
INFO     : In replicon NZ_CYAZ01000200.1, there are:
INFO     : - 0 complete integron(s) found with a total 0 attC site(s)
INFO     : - 0 CALIN element(s) found with a total of 0 attC site(s)
INFO     : - 0 In0 element(s) found with a total of 0 attC site
INFO     : Starting search with local_max...:
INFO     : Search with local_max done... :
INFO     : In replicon NZ_CYAZ01000200.1, there are:
INFO     : - 0 complete integron(s) found with a total 0 attC site(s)
INFO     : - 0 CALIN element(s) found with a total of 0 attC site(s)
INFO     : - 0 In0 element(s) found with a total of 0 attC site
INFO     : Writing out results for replicon NZ_CYAZ01000200.1
INFO     : ############ Processing replicon NZ_CYAZ01000201.1 (201/327) ############

INFO     : Starting Default search ... :
INFO     : Default search done... : 
INFO     : In replicon NZ_CYAZ01000201.1, there are:
INFO     : - 0 complete integron(s) found with a total 0 attC site(s)
INFO     : - 0 CALIN element(s) found with a total of 0 attC site(s)
INFO     : - 0 In0 element(s) found with a total of 0 attC site
INFO     : Starting search with local_max...:
INFO     : Search with local_max done... :
INFO     : In replicon NZ_CYAZ01000201.1, there are:
INFO     : - 0 complete integron(s) found with a total 0 attC site(s)
INFO     : - 0 CALIN element(s) found with a total of 0 attC site(s)
INFO     : - 0 In0 element(s) found with a total of 0 attC site
INFO     : Writing out results for replicon NZ_CYAZ01000201.1
INFO     : ############ Processing replicon NZ_CYAZ01000202.1 (202/327) ############

INFO     : Starting Default search ... :
INFO     : Default search done... : 
INFO     : In replicon NZ_CYAZ01000202.1, there are:
INFO     : - 0 complete integron(s) found with a total 0 attC site(s)
INFO     : - 0 CALIN element(s) found with a total of 0 attC site(s)
INFO     : - 0 In0 element(s) found with a total of 0 attC site
INFO     : Starting search with local_max...:
INFO     : Search with local_max done... :
INFO     : In replicon NZ_CYAZ01000202.1, there are:
INFO     : - 0 complete integron(s) found with a total 0 attC site(s)
INFO     : - 0 CALIN element(s) found with a total of 0 attC site(s)
INFO     : - 0 In0 element(s) found with a total of 0 attC site
INFO     : Writing out results for replicon NZ_CYAZ01000202.1
INFO     : ############ Processing replicon NZ_CYAZ01000203.1 (203/327) ############

INFO     : Starting Default search ... :
INFO     : Default search done... : 
INFO     : In replicon NZ_CYAZ01000203.1, there are:
INFO     : - 0 complete integron(s) found with a total 0 attC site(s)
INFO     : - 0 CALIN element(s) found with a total of 0 attC site(s)
INFO     : - 0 In0 element(s) found with a total of 0 attC site
INFO     : Starting search with local_max...:
INFO     : Search with local_max done... :
INFO     : In replicon NZ_CYAZ01000203.1, there are:
INFO     : - 0 complete integron(s) found with a total 0 attC site(s)
INFO     : - 0 CALIN element(s) found with a total of 0 attC site(s)
INFO     : - 0 In0 element(s) found with a total of 0 attC site
INFO     : Writing out results for replicon NZ_CYAZ01000203.1
INFO     : ############ Processing replicon NZ_CYAZ01000204.1 (204/327) ############

INFO     : Starting Default search ... :
INFO     : Default search done... : 
INFO     : In replicon NZ_CYAZ01000204.1, there are:
INFO     : - 0 complete integron(s) found with a total 0 attC site(s)
INFO     : - 0 CALIN element(s) found with a total of 0 attC site(s)
INFO     : - 0 In0 element(s) found with a total of 0 attC site
INFO     : Starting search with local_max...:
INFO     : Search with local_max done... :
INFO     : In replicon NZ_CYAZ01000204.1, there are:
INFO     : - 0 complete integron(s) found with a total 0 attC site(s)
INFO     : - 0 CALIN element(s) found with a total of 0 attC site(s)
INFO     : - 0 In0 element(s) found with a total of 0 attC site
INFO     : Writing out results for replicon NZ_CYAZ01000204.1
INFO     : ############ Processing replicon NZ_CYAZ01000205.1 (205/327) ############

INFO     : Starting Default search ... :
INFO     : Default search done... : 
INFO     : In replicon NZ_CYAZ01000205.1, there are:
INFO     : - 0 complete integron(s) found with a total 0 attC site(s)
INFO     : - 0 CALIN element(s) found with a total of 0 attC site(s)
INFO     : - 0 In0 element(s) found with a total of 0 attC site
INFO     : Starting search with local_max...:
INFO     : Search with local_max done... :
INFO     : In replicon NZ_CYAZ01000205.1, there are:
INFO     : - 0 complete integron(s) found with a total 0 attC site(s)
INFO     : - 0 CALIN element(s) found with a total of 0 attC site(s)
INFO     : - 0 In0 element(s) found with a total of 0 attC site
INFO     : Writing out results for replicon NZ_CYAZ01000205.1
INFO     : ############ Processing replicon NZ_CYAZ01000206.1 (206/327) ############

INFO     : Starting Default search ... :
INFO     : Default search done... : 
INFO     : In replicon NZ_CYAZ01000206.1, there are:
INFO     : - 0 complete integron(s) found with a total 0 attC site(s)
INFO     : - 0 CALIN element(s) found with a total of 0 attC site(s)
INFO     : - 0 In0 element(s) found with a total of 0 attC site
INFO     : Starting search with local_max...:
INFO     : Search with local_max done... :
INFO     : In replicon NZ_CYAZ01000206.1, there are:
INFO     : - 0 complete integron(s) found with a total 0 attC site(s)
INFO     : - 0 CALIN element(s) found with a total of 0 attC site(s)
INFO     : - 0 In0 element(s) found with a total of 0 attC site
INFO     : Writing out results for replicon NZ_CYAZ01000206.1
INFO     : ############ Processing replicon NZ_CYAZ01000207.1 (207/327) ############

INFO     : Starting Default search ... :
INFO     : Default search done... : 
INFO     : In replicon NZ_CYAZ01000207.1, there are:
INFO     : - 0 complete integron(s) found with a total 0 attC site(s)
INFO     : - 0 CALIN element(s) found with a total of 0 attC site(s)
INFO     : - 0 In0 element(s) found with a total of 0 attC site
INFO     : Starting search with local_max...:
INFO     : Search with local_max done... :
INFO     : In replicon NZ_CYAZ01000207.1, there are:
INFO     : - 0 complete integron(s) found with a total 0 attC site(s)
INFO     : - 0 CALIN element(s) found with a total of 0 attC site(s)
INFO     : - 0 In0 element(s) found with a total of 0 attC site
INFO     : Writing out results for replicon NZ_CYAZ01000207.1
INFO     : ############ Processing replicon NZ_CYAZ01000208.1 (208/327) ############

INFO     : Starting Default search ... :
INFO     : Default search done... : 
INFO     : In replicon NZ_CYAZ01000208.1, there are:
INFO     : - 0 complete integron(s) found with a total 0 attC site(s)
INFO     : - 0 CALIN element(s) found with a total of 0 attC site(s)
INFO     : - 0 In0 element(s) found with a total of 0 attC site
INFO     : Starting search with local_max...:
INFO     : Search with local_max done... :
INFO     : In replicon NZ_CYAZ01000208.1, there are:
INFO     : - 0 complete integron(s) found with a total 0 attC site(s)
INFO     : - 0 CALIN element(s) found with a total of 0 attC site(s)
INFO     : - 0 In0 element(s) found with a total of 0 attC site
INFO     : Writing out results for replicon NZ_CYAZ01000208.1
INFO     : ############ Processing replicon NZ_CYAZ01000209.1 (209/327) ############

INFO     : Starting Default search ... :
INFO     : Default search done... : 
INFO     : In replicon NZ_CYAZ01000209.1, there are:
INFO     : - 0 complete integron(s) found with a total 0 attC site(s)
INFO     : - 0 CALIN element(s) found with a total of 0 attC site(s)
INFO     : - 0 In0 element(s) found with a total of 0 attC site
INFO     : Starting search with local_max...:
INFO     : Search with local_max done... :
INFO     : In replicon NZ_CYAZ01000209.1, there are:
INFO     : - 0 complete integron(s) found with a total 0 attC site(s)
INFO     : - 0 CALIN element(s) found with a total of 0 attC site(s)
INFO     : - 0 In0 element(s) found with a total of 0 attC site
INFO     : Writing out results for replicon NZ_CYAZ01000209.1
INFO     : ############ Processing replicon NZ_CYAZ01000210.1 (210/327) ############

INFO     : Starting Default search ... :
INFO     : Default search done... : 
INFO     : In replicon NZ_CYAZ01000210.1, there are:
INFO     : - 0 complete integron(s) found with a total 0 attC site(s)
INFO     : - 0 CALIN element(s) found with a total of 0 attC site(s)
INFO     : - 0 In0 element(s) found with a total of 0 attC site
INFO     : Starting search with local_max...:
INFO     : Search with local_max done... :
INFO     : In replicon NZ_CYAZ01000210.1, there are:
INFO     : - 0 complete integron(s) found with a total 0 attC site(s)
INFO     : - 0 CALIN element(s) found with a total of 0 attC site(s)
INFO     : - 0 In0 element(s) found with a total of 0 attC site
INFO     : Writing out results for replicon NZ_CYAZ01000210.1
INFO     : ############ Processing replicon NZ_CYAZ01000211.1 (211/327) ############

INFO     : Starting Default search ... :
INFO     : Default search done... : 
INFO     : In replicon NZ_CYAZ01000211.1, there are:
INFO     : - 0 complete integron(s) found with a total 0 attC site(s)
INFO     : - 0 CALIN element(s) found with a total of 0 attC site(s)
INFO     : - 0 In0 element(s) found with a total of 0 attC site
INFO     : Starting search with local_max...:
INFO     : Search with local_max done... :
INFO     : In replicon NZ_CYAZ01000211.1, there are:
INFO     : - 0 complete integron(s) found with a total 0 attC site(s)
INFO     : - 0 CALIN element(s) found with a total of 0 attC site(s)
INFO     : - 0 In0 element(s) found with a total of 0 attC site
INFO     : Writing out results for replicon NZ_CYAZ01000211.1
INFO     : ############ Processing replicon NZ_CYAZ01000212.1 (212/327) ############

INFO     : Starting Default search ... :
INFO     : Default search done... : 
INFO     : In replicon NZ_CYAZ01000212.1, there are:
INFO     : - 0 complete integron(s) found with a total 0 attC site(s)
INFO     : - 0 CALIN element(s) found with a total of 0 attC site(s)
INFO     : - 0 In0 element(s) found with a total of 0 attC site
INFO     : Starting search with local_max...:
INFO     : Search with local_max done... :
INFO     : In replicon NZ_CYAZ01000212.1, there are:
INFO     : - 0 complete integron(s) found with a total 0 attC site(s)
INFO     : - 0 CALIN element(s) found with a total of 0 attC site(s)
INFO     : - 0 In0 element(s) found with a total of 0 attC site
INFO     : Writing out results for replicon NZ_CYAZ01000212.1
INFO     : ############ Processing replicon NZ_CYAZ01000213.1 (213/327) ############

INFO     : Starting Default search ... :
INFO     : Default search done... : 
INFO     : In replicon NZ_CYAZ01000213.1, there are:
INFO     : - 0 complete integron(s) found with a total 0 attC site(s)
INFO     : - 0 CALIN element(s) found with a total of 0 attC site(s)
INFO     : - 0 In0 element(s) found with a total of 0 attC site
INFO     : Starting search with local_max...:
INFO     : Search with local_max done... :
INFO     : In replicon NZ_CYAZ01000213.1, there are:
INFO     : - 0 complete integron(s) found with a total 0 attC site(s)
INFO     : - 0 CALIN element(s) found with a total of 0 attC site(s)
INFO     : - 0 In0 element(s) found with a total of 0 attC site
INFO     : Writing out results for replicon NZ_CYAZ01000213.1
INFO     : ############ Processing replicon NZ_CYAZ01000214.1 (214/327) ############

INFO     : Starting Default search ... :
INFO     : Default search done... : 
INFO     : In replicon NZ_CYAZ01000214.1, there are:
INFO     : - 0 complete integron(s) found with a total 0 attC site(s)
INFO     : - 0 CALIN element(s) found with a total of 0 attC site(s)
INFO     : - 0 In0 element(s) found with a total of 0 attC site
INFO     : Starting search with local_max...:
INFO     : Search with local_max done... :
INFO     : In replicon NZ_CYAZ01000214.1, there are:
INFO     : - 0 complete integron(s) found with a total 0 attC site(s)
INFO     : - 0 CALIN element(s) found with a total of 0 attC site(s)
INFO     : - 0 In0 element(s) found with a total of 0 attC site
INFO     : Writing out results for replicon NZ_CYAZ01000214.1
INFO     : ############ Processing replicon NZ_CYAZ01000215.1 (215/327) ############

INFO     : Starting Default search ... :
INFO     : Default search done... : 
INFO     : In replicon NZ_CYAZ01000215.1, there are:
INFO     : - 0 complete integron(s) found with a total 0 attC site(s)
INFO     : - 0 CALIN element(s) found with a total of 0 attC site(s)
INFO     : - 0 In0 element(s) found with a total of 0 attC site
INFO     : Starting search with local_max...:
INFO     : Search with local_max done... :
INFO     : In replicon NZ_CYAZ01000215.1, there are:
INFO     : - 0 complete integron(s) found with a total 0 attC site(s)
INFO     : - 0 CALIN element(s) found with a total of 0 attC site(s)
INFO     : - 0 In0 element(s) found with a total of 0 attC site
INFO     : Writing out results for replicon NZ_CYAZ01000215.1
INFO     : ############ Processing replicon NZ_CYAZ01000216.1 (216/327) ############

INFO     : Starting Default search ... :
INFO     : Default search done... : 
INFO     : In replicon NZ_CYAZ01000216.1, there are:
INFO     : - 0 complete integron(s) found with a total 0 attC site(s)
INFO     : - 0 CALIN element(s) found with a total of 0 attC site(s)
INFO     : - 0 In0 element(s) found with a total of 0 attC site
INFO     : Starting search with local_max...:
INFO     : Search with local_max done... :
INFO     : In replicon NZ_CYAZ01000216.1, there are:
INFO     : - 0 complete integron(s) found with a total 0 attC site(s)
INFO     : - 0 CALIN element(s) found with a total of 0 attC site(s)
INFO     : - 0 In0 element(s) found with a total of 0 attC site
INFO     : Writing out results for replicon NZ_CYAZ01000216.1
INFO     : ############ Processing replicon NZ_CYAZ01000217.1 (217/327) ############

INFO     : Starting Default search ... :
INFO     : Default search done... : 
INFO     : In replicon NZ_CYAZ01000217.1, there are:
INFO     : - 0 complete integron(s) found with a total 0 attC site(s)
INFO     : - 0 CALIN element(s) found with a total of 0 attC site(s)
INFO     : - 0 In0 element(s) found with a total of 0 attC site
INFO     : Starting search with local_max...:
INFO     : Search with local_max done... :
INFO     : In replicon NZ_CYAZ01000217.1, there are:
INFO     : - 0 complete integron(s) found with a total 0 attC site(s)
INFO     : - 0 CALIN element(s) found with a total of 0 attC site(s)
INFO     : - 0 In0 element(s) found with a total of 0 attC site
INFO     : Writing out results for replicon NZ_CYAZ01000217.1
INFO     : ############ Processing replicon NZ_CYAZ01000218.1 (218/327) ############

INFO     : Starting Default search ... :
INFO     : Default search done... : 
INFO     : In replicon NZ_CYAZ01000218.1, there are:
INFO     : - 0 complete integron(s) found with a total 0 attC site(s)
INFO     : - 0 CALIN element(s) found with a total of 0 attC site(s)
INFO     : - 0 In0 element(s) found with a total of 0 attC site
INFO     : Starting search with local_max...:
INFO     : Search with local_max done... :
INFO     : In replicon NZ_CYAZ01000218.1, there are:
INFO     : - 0 complete integron(s) found with a total 0 attC site(s)
INFO     : - 0 CALIN element(s) found with a total of 0 attC site(s)
INFO     : - 0 In0 element(s) found with a total of 0 attC site
INFO     : Writing out results for replicon NZ_CYAZ01000218.1
INFO     : ############ Processing replicon NZ_CYAZ01000219.1 (219/327) ############

INFO     : Starting Default search ... :
INFO     : Default search done... : 
INFO     : In replicon NZ_CYAZ01000219.1, there are:
INFO     : - 0 complete integron(s) found with a total 0 attC site(s)
INFO     : - 0 CALIN element(s) found with a total of 0 attC site(s)
INFO     : - 0 In0 element(s) found with a total of 0 attC site
INFO     : Starting search with local_max...:
INFO     : Search with local_max done... :
INFO     : In replicon NZ_CYAZ01000219.1, there are:
INFO     : - 0 complete integron(s) found with a total 0 attC site(s)
INFO     : - 0 CALIN element(s) found with a total of 0 attC site(s)
INFO     : - 0 In0 element(s) found with a total of 0 attC site
INFO     : Writing out results for replicon NZ_CYAZ01000219.1
INFO     : ############ Processing replicon NZ_CYAZ01000220.1 (220/327) ############

INFO     : Starting Default search ... :
INFO     : Default search done... : 
INFO     : In replicon NZ_CYAZ01000220.1, there are:
INFO     : - 0 complete integron(s) found with a total 0 attC site(s)
INFO     : - 0 CALIN element(s) found with a total of 0 attC site(s)
INFO     : - 0 In0 element(s) found with a total of 0 attC site
INFO     : Starting search with local_max...:
INFO     : Search with local_max done... :
INFO     : In replicon NZ_CYAZ01000220.1, there are:
INFO     : - 0 complete integron(s) found with a total 0 attC site(s)
INFO     : - 0 CALIN element(s) found with a total of 0 attC site(s)
INFO     : - 0 In0 element(s) found with a total of 0 attC site
INFO     : Writing out results for replicon NZ_CYAZ01000220.1
INFO     : ############ Processing replicon NZ_CYAZ01000221.1 (221/327) ############

INFO     : Starting Default search ... :
INFO     : Default search done... : 
INFO     : In replicon NZ_CYAZ01000221.1, there are:
INFO     : - 0 complete integron(s) found with a total 0 attC site(s)
INFO     : - 0 CALIN element(s) found with a total of 0 attC site(s)
INFO     : - 0 In0 element(s) found with a total of 0 attC site
INFO     : Starting search with local_max...:
INFO     : Search with local_max done... :
INFO     : In replicon NZ_CYAZ01000221.1, there are:
INFO     : - 0 complete integron(s) found with a total 0 attC site(s)
INFO     : - 0 CALIN element(s) found with a total of 0 attC site(s)
INFO     : - 0 In0 element(s) found with a total of 0 attC site
INFO     : Writing out results for replicon NZ_CYAZ01000221.1
INFO     : ############ Processing replicon NZ_CYAZ01000222.1 (222/327) ############

INFO     : Starting Default search ... :
INFO     : Default search done... : 
INFO     : In replicon NZ_CYAZ01000222.1, there are:
INFO     : - 0 complete integron(s) found with a total 0 attC site(s)
INFO     : - 0 CALIN element(s) found with a total of 0 attC site(s)
INFO     : - 0 In0 element(s) found with a total of 0 attC site
INFO     : Starting search with local_max...:
INFO     : Search with local_max done... :
INFO     : In replicon NZ_CYAZ01000222.1, there are:
INFO     : - 0 complete integron(s) found with a total 0 attC site(s)
INFO     : - 0 CALIN element(s) found with a total of 0 attC site(s)
INFO     : - 0 In0 element(s) found with a total of 0 attC site
INFO     : Writing out results for replicon NZ_CYAZ01000222.1
INFO     : ############ Processing replicon NZ_CYAZ01000223.1 (223/327) ############

INFO     : Starting Default search ... :
INFO     : Default search done... : 
INFO     : In replicon NZ_CYAZ01000223.1, there are:
INFO     : - 0 complete integron(s) found with a total 0 attC site(s)
INFO     : - 0 CALIN element(s) found with a total of 0 attC site(s)
INFO     : - 0 In0 element(s) found with a total of 0 attC site
INFO     : Starting search with local_max...:
INFO     : Search with local_max done... :
INFO     : In replicon NZ_CYAZ01000223.1, there are:
INFO     : - 0 complete integron(s) found with a total 0 attC site(s)
INFO     : - 0 CALIN element(s) found with a total of 0 attC site(s)
INFO     : - 0 In0 element(s) found with a total of 0 attC site
INFO     : Writing out results for replicon NZ_CYAZ01000223.1
INFO     : ############ Processing replicon NZ_CYAZ01000224.1 (224/327) ############

INFO     : Starting Default search ... :
INFO     : Default search done... : 
INFO     : In replicon NZ_CYAZ01000224.1, there are:
INFO     : - 0 complete integron(s) found with a total 0 attC site(s)
INFO     : - 0 CALIN element(s) found with a total of 0 attC site(s)
INFO     : - 0 In0 element(s) found with a total of 0 attC site
INFO     : Starting search with local_max...:
INFO     : Search with local_max done... :
INFO     : In replicon NZ_CYAZ01000224.1, there are:
INFO     : - 0 complete integron(s) found with a total 0 attC site(s)
INFO     : - 0 CALIN element(s) found with a total of 0 attC site(s)
INFO     : - 0 In0 element(s) found with a total of 0 attC site
INFO     : Writing out results for replicon NZ_CYAZ01000224.1
INFO     : ############ Processing replicon NZ_CYAZ01000225.1 (225/327) ############

INFO     : Starting Default search ... :
INFO     : Default search done... : 
INFO     : In replicon NZ_CYAZ01000225.1, there are:
INFO     : - 0 complete integron(s) found with a total 0 attC site(s)
INFO     : - 0 CALIN element(s) found with a total of 0 attC site(s)
INFO     : - 0 In0 element(s) found with a total of 0 attC site
INFO     : Starting search with local_max...:
INFO     : Search with local_max done... :
INFO     : In replicon NZ_CYAZ01000225.1, there are:
INFO     : - 0 complete integron(s) found with a total 0 attC site(s)
INFO     : - 0 CALIN element(s) found with a total of 0 attC site(s)
INFO     : - 0 In0 element(s) found with a total of 0 attC site
INFO     : Writing out results for replicon NZ_CYAZ01000225.1
INFO     : ############ Processing replicon NZ_CYAZ01000226.1 (226/327) ############

INFO     : Starting Default search ... :
INFO     : Default search done... : 
INFO     : In replicon NZ_CYAZ01000226.1, there are:
INFO     : - 0 complete integron(s) found with a total 0 attC site(s)
INFO     : - 0 CALIN element(s) found with a total of 0 attC site(s)
INFO     : - 0 In0 element(s) found with a total of 0 attC site
INFO     : Starting search with local_max...:
INFO     : Search with local_max done... :
INFO     : In replicon NZ_CYAZ01000226.1, there are:
INFO     : - 0 complete integron(s) found with a total 0 attC site(s)
INFO     : - 0 CALIN element(s) found with a total of 0 attC site(s)
INFO     : - 0 In0 element(s) found with a total of 0 attC site
INFO     : Writing out results for replicon NZ_CYAZ01000226.1
INFO     : ############ Processing replicon NZ_CYAZ01000227.1 (227/327) ############

INFO     : Starting Default search ... :
INFO     : Default search done... : 
INFO     : In replicon NZ_CYAZ01000227.1, there are:
INFO     : - 0 complete integron(s) found with a total 0 attC site(s)
INFO     : - 0 CALIN element(s) found with a total of 0 attC site(s)
INFO     : - 0 In0 element(s) found with a total of 0 attC site
INFO     : Starting search with local_max...:
INFO     : Search with local_max done... :
INFO     : In replicon NZ_CYAZ01000227.1, there are:
INFO     : - 0 complete integron(s) found with a total 0 attC site(s)
INFO     : - 0 CALIN element(s) found with a total of 0 attC site(s)
INFO     : - 0 In0 element(s) found with a total of 0 attC site
INFO     : Writing out results for replicon NZ_CYAZ01000227.1
INFO     : ############ Processing replicon NZ_CYAZ01000228.1 (228/327) ############

INFO     : Starting Default search ... :
INFO     : Default search done... : 
INFO     : In replicon NZ_CYAZ01000228.1, there are:
INFO     : - 0 complete integron(s) found with a total 0 attC site(s)
INFO     : - 0 CALIN element(s) found with a total of 0 attC site(s)
INFO     : - 0 In0 element(s) found with a total of 0 attC site
INFO     : Starting search with local_max...:
INFO     : Search with local_max done... :
INFO     : In replicon NZ_CYAZ01000228.1, there are:
INFO     : - 0 complete integron(s) found with a total 0 attC site(s)
INFO     : - 0 CALIN element(s) found with a total of 0 attC site(s)
INFO     : - 0 In0 element(s) found with a total of 0 attC site
INFO     : Writing out results for replicon NZ_CYAZ01000228.1
INFO     : ############ Processing replicon NZ_CYAZ01000229.1 (229/327) ############

INFO     : Starting Default search ... :
INFO     : Default search done... : 
INFO     : In replicon NZ_CYAZ01000229.1, there are:
INFO     : - 0 complete integron(s) found with a total 0 attC site(s)
INFO     : - 0 CALIN element(s) found with a total of 0 attC site(s)
INFO     : - 0 In0 element(s) found with a total of 0 attC site
INFO     : Starting search with local_max...:
INFO     : Search with local_max done... :
INFO     : In replicon NZ_CYAZ01000229.1, there are:
INFO     : - 0 complete integron(s) found with a total 0 attC site(s)
INFO     : - 0 CALIN element(s) found with a total of 0 attC site(s)
INFO     : - 0 In0 element(s) found with a total of 0 attC site
INFO     : Writing out results for replicon NZ_CYAZ01000229.1
INFO     : ############ Processing replicon NZ_CYAZ01000230.1 (230/327) ############

INFO     : Starting Default search ... :
INFO     : Default search done... : 
INFO     : In replicon NZ_CYAZ01000230.1, there are:
INFO     : - 0 complete integron(s) found with a total 0 attC site(s)
INFO     : - 0 CALIN element(s) found with a total of 0 attC site(s)
INFO     : - 0 In0 element(s) found with a total of 0 attC site
INFO     : Starting search with local_max...:
INFO     : Search with local_max done... :
INFO     : In replicon NZ_CYAZ01000230.1, there are:
INFO     : - 0 complete integron(s) found with a total 0 attC site(s)
INFO     : - 0 CALIN element(s) found with a total of 0 attC site(s)
INFO     : - 0 In0 element(s) found with a total of 0 attC site
INFO     : Writing out results for replicon NZ_CYAZ01000230.1
INFO     : ############ Processing replicon NZ_CYAZ01000231.1 (231/327) ############

INFO     : Starting Default search ... :
INFO     : Default search done... : 
INFO     : In replicon NZ_CYAZ01000231.1, there are:
INFO     : - 0 complete integron(s) found with a total 0 attC site(s)
INFO     : - 0 CALIN element(s) found with a total of 0 attC site(s)
INFO     : - 0 In0 element(s) found with a total of 0 attC site
INFO     : Starting search with local_max...:
INFO     : Search with local_max done... :
INFO     : In replicon NZ_CYAZ01000231.1, there are:
INFO     : - 0 complete integron(s) found with a total 0 attC site(s)
INFO     : - 0 CALIN element(s) found with a total of 0 attC site(s)
INFO     : - 0 In0 element(s) found with a total of 0 attC site
INFO     : Writing out results for replicon NZ_CYAZ01000231.1
INFO     : ############ Processing replicon NZ_CYAZ01000232.1 (232/327) ############

INFO     : Starting Default search ... :
INFO     : Default search done... : 
INFO     : In replicon NZ_CYAZ01000232.1, there are:
INFO     : - 0 complete integron(s) found with a total 0 attC site(s)
INFO     : - 0 CALIN element(s) found with a total of 0 attC site(s)
INFO     : - 0 In0 element(s) found with a total of 0 attC site
INFO     : Starting search with local_max...:
INFO     : Search with local_max done... :
INFO     : In replicon NZ_CYAZ01000232.1, there are:
INFO     : - 0 complete integron(s) found with a total 0 attC site(s)
INFO     : - 0 CALIN element(s) found with a total of 0 attC site(s)
INFO     : - 0 In0 element(s) found with a total of 0 attC site
INFO     : Writing out results for replicon NZ_CYAZ01000232.1
INFO     : ############ Processing replicon NZ_CYAZ01000233.1 (233/327) ############

INFO     : Starting Default search ... :
INFO     : Default search done... : 
INFO     : In replicon NZ_CYAZ01000233.1, there are:
INFO     : - 0 complete integron(s) found with a total 0 attC site(s)
INFO     : - 0 CALIN element(s) found with a total of 0 attC site(s)
INFO     : - 0 In0 element(s) found with a total of 0 attC site
INFO     : Starting search with local_max...:
INFO     : Search with local_max done... :
INFO     : In replicon NZ_CYAZ01000233.1, there are:
INFO     : - 0 complete integron(s) found with a total 0 attC site(s)
INFO     : - 0 CALIN element(s) found with a total of 0 attC site(s)
INFO     : - 0 In0 element(s) found with a total of 0 attC site
INFO     : Writing out results for replicon NZ_CYAZ01000233.1
INFO     : ############ Processing replicon NZ_CYAZ01000234.1 (234/327) ############

INFO     : Starting Default search ... :
INFO     : Default search done... : 
INFO     : In replicon NZ_CYAZ01000234.1, there are:
INFO     : - 0 complete integron(s) found with a total 0 attC site(s)
INFO     : - 0 CALIN element(s) found with a total of 0 attC site(s)
INFO     : - 0 In0 element(s) found with a total of 0 attC site
INFO     : Starting search with local_max...:
INFO     : Search with local_max done... :
INFO     : In replicon NZ_CYAZ01000234.1, there are:
INFO     : - 0 complete integron(s) found with a total 0 attC site(s)
INFO     : - 0 CALIN element(s) found with a total of 0 attC site(s)
INFO     : - 0 In0 element(s) found with a total of 0 attC site
INFO     : Writing out results for replicon NZ_CYAZ01000234.1
INFO     : ############ Processing replicon NZ_CYAZ01000235.1 (235/327) ############

INFO     : Starting Default search ... :
INFO     : Default search done... : 
INFO     : In replicon NZ_CYAZ01000235.1, there are:
INFO     : - 0 complete integron(s) found with a total 0 attC site(s)
INFO     : - 0 CALIN element(s) found with a total of 0 attC site(s)
INFO     : - 0 In0 element(s) found with a total of 0 attC site
INFO     : Starting search with local_max...:
INFO     : Search with local_max done... :
INFO     : In replicon NZ_CYAZ01000235.1, there are:
INFO     : - 0 complete integron(s) found with a total 0 attC site(s)
INFO     : - 0 CALIN element(s) found with a total of 0 attC site(s)
INFO     : - 0 In0 element(s) found with a total of 0 attC site
INFO     : Writing out results for replicon NZ_CYAZ01000235.1
INFO     : ############ Processing replicon NZ_CYAZ01000236.1 (236/327) ############

INFO     : Starting Default search ... :
INFO     : Default search done... : 
INFO     : In replicon NZ_CYAZ01000236.1, there are:
INFO     : - 0 complete integron(s) found with a total 0 attC site(s)
INFO     : - 0 CALIN element(s) found with a total of 0 attC site(s)
INFO     : - 0 In0 element(s) found with a total of 0 attC site
INFO     : Starting search with local_max...:
INFO     : Search with local_max done... :
INFO     : In replicon NZ_CYAZ01000236.1, there are:
INFO     : - 0 complete integron(s) found with a total 0 attC site(s)
INFO     : - 0 CALIN element(s) found with a total of 0 attC site(s)
INFO     : - 0 In0 element(s) found with a total of 0 attC site
INFO     : Writing out results for replicon NZ_CYAZ01000236.1
INFO     : ############ Processing replicon NZ_CYAZ01000237.1 (237/327) ############

INFO     : Starting Default search ... :
INFO     : Default search done... : 
INFO     : In replicon NZ_CYAZ01000237.1, there are:
INFO     : - 0 complete integron(s) found with a total 0 attC site(s)
INFO     : - 0 CALIN element(s) found with a total of 0 attC site(s)
INFO     : - 0 In0 element(s) found with a total of 0 attC site
INFO     : Starting search with local_max...:
INFO     : Search with local_max done... :
INFO     : In replicon NZ_CYAZ01000237.1, there are:
INFO     : - 0 complete integron(s) found with a total 0 attC site(s)
INFO     : - 0 CALIN element(s) found with a total of 0 attC site(s)
INFO     : - 0 In0 element(s) found with a total of 0 attC site
INFO     : Writing out results for replicon NZ_CYAZ01000237.1
INFO     : ############ Processing replicon NZ_CYAZ01000238.1 (238/327) ############

INFO     : Starting Default search ... :
INFO     : Default search done... : 
INFO     : In replicon NZ_CYAZ01000238.1, there are:
INFO     : - 0 complete integron(s) found with a total 0 attC site(s)
INFO     : - 0 CALIN element(s) found with a total of 0 attC site(s)
INFO     : - 0 In0 element(s) found with a total of 0 attC site
INFO     : Starting search with local_max...:
INFO     : Search with local_max done... :
INFO     : In replicon NZ_CYAZ01000238.1, there are:
INFO     : - 0 complete integron(s) found with a total 0 attC site(s)
INFO     : - 0 CALIN element(s) found with a total of 0 attC site(s)
INFO     : - 0 In0 element(s) found with a total of 0 attC site
INFO     : Writing out results for replicon NZ_CYAZ01000238.1
INFO     : ############ Processing replicon NZ_CYAZ01000239.1 (239/327) ############

INFO     : Starting Default search ... :
INFO     : Default search done... : 
INFO     : In replicon NZ_CYAZ01000239.1, there are:
INFO     : - 0 complete integron(s) found with a total 0 attC site(s)
INFO     : - 0 CALIN element(s) found with a total of 0 attC site(s)
INFO     : - 0 In0 element(s) found with a total of 0 attC site
INFO     : Starting search with local_max...:
INFO     : Search with local_max done... :
INFO     : In replicon NZ_CYAZ01000239.1, there are:
INFO     : - 0 complete integron(s) found with a total 0 attC site(s)
INFO     : - 0 CALIN element(s) found with a total of 0 attC site(s)
INFO     : - 0 In0 element(s) found with a total of 0 attC site
INFO     : Writing out results for replicon NZ_CYAZ01000239.1
INFO     : ############ Processing replicon NZ_CYAZ01000240.1 (240/327) ############

INFO     : Starting Default search ... :
INFO     : Default search done... : 
INFO     : In replicon NZ_CYAZ01000240.1, there are:
INFO     : - 0 complete integron(s) found with a total 0 attC site(s)
INFO     : - 0 CALIN element(s) found with a total of 0 attC site(s)
INFO     : - 0 In0 element(s) found with a total of 0 attC site
INFO     : Starting search with local_max...:
INFO     : Search with local_max done... :
INFO     : In replicon NZ_CYAZ01000240.1, there are:
INFO     : - 0 complete integron(s) found with a total 0 attC site(s)
INFO     : - 0 CALIN element(s) found with a total of 0 attC site(s)
INFO     : - 0 In0 element(s) found with a total of 0 attC site
INFO     : Writing out results for replicon NZ_CYAZ01000240.1
INFO     : ############ Processing replicon NZ_CYAZ01000241.1 (241/327) ############

INFO     : Starting Default search ... :
INFO     : Default search done... : 
INFO     : In replicon NZ_CYAZ01000241.1, there are:
INFO     : - 0 complete integron(s) found with a total 0 attC site(s)
INFO     : - 0 CALIN element(s) found with a total of 0 attC site(s)
INFO     : - 0 In0 element(s) found with a total of 0 attC site
INFO     : Starting search with local_max...:
INFO     : Search with local_max done... :
INFO     : In replicon NZ_CYAZ01000241.1, there are:
INFO     : - 0 complete integron(s) found with a total 0 attC site(s)
INFO     : - 0 CALIN element(s) found with a total of 0 attC site(s)
INFO     : - 0 In0 element(s) found with a total of 0 attC site
INFO     : Writing out results for replicon NZ_CYAZ01000241.1
INFO     : ############ Processing replicon NZ_CYAZ01000242.1 (242/327) ############

INFO     : Starting Default search ... :
INFO     : Default search done... : 
INFO     : In replicon NZ_CYAZ01000242.1, there are:
INFO     : - 0 complete integron(s) found with a total 0 attC site(s)
INFO     : - 0 CALIN element(s) found with a total of 0 attC site(s)
INFO     : - 0 In0 element(s) found with a total of 0 attC site
INFO     : Starting search with local_max...:
INFO     : Search with local_max done... :
INFO     : In replicon NZ_CYAZ01000242.1, there are:
INFO     : - 0 complete integron(s) found with a total 0 attC site(s)
INFO     : - 0 CALIN element(s) found with a total of 0 attC site(s)
INFO     : - 0 In0 element(s) found with a total of 0 attC site
INFO     : Writing out results for replicon NZ_CYAZ01000242.1
INFO     : ############ Processing replicon NZ_CYAZ01000243.1 (243/327) ############

INFO     : Starting Default search ... :
INFO     : Default search done... : 
INFO     : In replicon NZ_CYAZ01000243.1, there are:
INFO     : - 0 complete integron(s) found with a total 0 attC site(s)
INFO     : - 0 CALIN element(s) found with a total of 0 attC site(s)
INFO     : - 0 In0 element(s) found with a total of 0 attC site
INFO     : Starting search with local_max...:
INFO     : Search with local_max done... :
INFO     : In replicon NZ_CYAZ01000243.1, there are:
INFO     : - 0 complete integron(s) found with a total 0 attC site(s)
INFO     : - 0 CALIN element(s) found with a total of 0 attC site(s)
INFO     : - 0 In0 element(s) found with a total of 0 attC site
INFO     : Writing out results for replicon NZ_CYAZ01000243.1
INFO     : ############ Processing replicon NZ_CYAZ01000244.1 (244/327) ############

INFO     : Starting Default search ... :
INFO     : Default search done... : 
INFO     : In replicon NZ_CYAZ01000244.1, there are:
INFO     : - 0 complete integron(s) found with a total 0 attC site(s)
INFO     : - 0 CALIN element(s) found with a total of 0 attC site(s)
INFO     : - 0 In0 element(s) found with a total of 0 attC site
INFO     : Starting search with local_max...:
INFO     : Search with local_max done... :
INFO     : In replicon NZ_CYAZ01000244.1, there are:
INFO     : - 0 complete integron(s) found with a total 0 attC site(s)
INFO     : - 0 CALIN element(s) found with a total of 0 attC site(s)
INFO     : - 0 In0 element(s) found with a total of 0 attC site
INFO     : Writing out results for replicon NZ_CYAZ01000244.1
INFO     : ############ Processing replicon NZ_CYAZ01000245.1 (245/327) ############

INFO     : Starting Default search ... :
INFO     : Default search done... : 
INFO     : In replicon NZ_CYAZ01000245.1, there are:
INFO     : - 0 complete integron(s) found with a total 0 attC site(s)
INFO     : - 0 CALIN element(s) found with a total of 0 attC site(s)
INFO     : - 0 In0 element(s) found with a total of 0 attC site
INFO     : Starting search with local_max...:
INFO     : Search with local_max done... :
INFO     : In replicon NZ_CYAZ01000245.1, there are:
INFO     : - 0 complete integron(s) found with a total 0 attC site(s)
INFO     : - 0 CALIN element(s) found with a total of 0 attC site(s)
INFO     : - 0 In0 element(s) found with a total of 0 attC site
INFO     : Writing out results for replicon NZ_CYAZ01000245.1
INFO     : ############ Processing replicon NZ_CYAZ01000246.1 (246/327) ############

INFO     : Starting Default search ... :
INFO     : Default search done... : 
INFO     : In replicon NZ_CYAZ01000246.1, there are:
INFO     : - 0 complete integron(s) found with a total 0 attC site(s)
INFO     : - 0 CALIN element(s) found with a total of 0 attC site(s)
INFO     : - 0 In0 element(s) found with a total of 0 attC site
INFO     : Starting search with local_max...:
INFO     : Search with local_max done... :
INFO     : In replicon NZ_CYAZ01000246.1, there are:
INFO     : - 0 complete integron(s) found with a total 0 attC site(s)
INFO     : - 0 CALIN element(s) found with a total of 0 attC site(s)
INFO     : - 0 In0 element(s) found with a total of 0 attC site
INFO     : Writing out results for replicon NZ_CYAZ01000246.1
INFO     : ############ Processing replicon NZ_CYAZ01000247.1 (247/327) ############

INFO     : Starting Default search ... :
INFO     : Default search done... : 
INFO     : In replicon NZ_CYAZ01000247.1, there are:
INFO     : - 0 complete integron(s) found with a total 0 attC site(s)
INFO     : - 0 CALIN element(s) found with a total of 0 attC site(s)
INFO     : - 0 In0 element(s) found with a total of 0 attC site
INFO     : Starting search with local_max...:
INFO     : Search with local_max done... :
INFO     : In replicon NZ_CYAZ01000247.1, there are:
INFO     : - 0 complete integron(s) found with a total 0 attC site(s)
INFO     : - 0 CALIN element(s) found with a total of 0 attC site(s)
INFO     : - 0 In0 element(s) found with a total of 0 attC site
INFO     : Writing out results for replicon NZ_CYAZ01000247.1
INFO     : ############ Processing replicon NZ_CYAZ01000248.1 (248/327) ############

INFO     : Starting Default search ... :
INFO     : Default search done... : 
INFO     : In replicon NZ_CYAZ01000248.1, there are:
INFO     : - 0 complete integron(s) found with a total 0 attC site(s)
INFO     : - 0 CALIN element(s) found with a total of 0 attC site(s)
INFO     : - 0 In0 element(s) found with a total of 0 attC site
INFO     : Starting search with local_max...:
INFO     : Search with local_max done... :
INFO     : In replicon NZ_CYAZ01000248.1, there are:
INFO     : - 0 complete integron(s) found with a total 0 attC site(s)
INFO     : - 0 CALIN element(s) found with a total of 0 attC site(s)
INFO     : - 0 In0 element(s) found with a total of 0 attC site
INFO     : Writing out results for replicon NZ_CYAZ01000248.1
INFO     : ############ Processing replicon NZ_CYAZ01000249.1 (249/327) ############

INFO     : Starting Default search ... :
INFO     : Default search done... : 
INFO     : In replicon NZ_CYAZ01000249.1, there are:
INFO     : - 0 complete integron(s) found with a total 0 attC site(s)
INFO     : - 0 CALIN element(s) found with a total of 0 attC site(s)
INFO     : - 0 In0 element(s) found with a total of 0 attC site
INFO     : Starting search with local_max...:
INFO     : Search with local_max done... :
INFO     : In replicon NZ_CYAZ01000249.1, there are:
INFO     : - 0 complete integron(s) found with a total 0 attC site(s)
INFO     : - 0 CALIN element(s) found with a total of 0 attC site(s)
INFO     : - 0 In0 element(s) found with a total of 0 attC site
INFO     : Writing out results for replicon NZ_CYAZ01000249.1
INFO     : ############ Processing replicon NZ_CYAZ01000250.1 (250/327) ############

INFO     : Starting Default search ... :
INFO     : Default search done... : 
INFO     : In replicon NZ_CYAZ01000250.1, there are:
INFO     : - 0 complete integron(s) found with a total 0 attC site(s)
INFO     : - 0 CALIN element(s) found with a total of 0 attC site(s)
INFO     : - 0 In0 element(s) found with a total of 0 attC site
INFO     : Starting search with local_max...:
INFO     : Search with local_max done... :
INFO     : In replicon NZ_CYAZ01000250.1, there are:
INFO     : - 0 complete integron(s) found with a total 0 attC site(s)
INFO     : - 0 CALIN element(s) found with a total of 0 attC site(s)
INFO     : - 0 In0 element(s) found with a total of 0 attC site
INFO     : Writing out results for replicon NZ_CYAZ01000250.1
INFO     : ############ Processing replicon NZ_CYAZ01000251.1 (251/327) ############

INFO     : Starting Default search ... :
INFO     : Default search done... : 
INFO     : In replicon NZ_CYAZ01000251.1, there are:
INFO     : - 0 complete integron(s) found with a total 0 attC site(s)
INFO     : - 0 CALIN element(s) found with a total of 0 attC site(s)
INFO     : - 0 In0 element(s) found with a total of 0 attC site
INFO     : Starting search with local_max...:
INFO     : Search with local_max done... :
INFO     : In replicon NZ_CYAZ01000251.1, there are:
INFO     : - 0 complete integron(s) found with a total 0 attC site(s)
INFO     : - 0 CALIN element(s) found with a total of 0 attC site(s)
INFO     : - 0 In0 element(s) found with a total of 0 attC site
INFO     : Writing out results for replicon NZ_CYAZ01000251.1
INFO     : ############ Processing replicon NZ_CYAZ01000252.1 (252/327) ############

INFO     : Starting Default search ... :
INFO     : Default search done... : 
INFO     : In replicon NZ_CYAZ01000252.1, there are:
INFO     : - 0 complete integron(s) found with a total 0 attC site(s)
INFO     : - 0 CALIN element(s) found with a total of 0 attC site(s)
INFO     : - 0 In0 element(s) found with a total of 0 attC site
INFO     : Starting search with local_max...:
INFO     : Search with local_max done... :
INFO     : In replicon NZ_CYAZ01000252.1, there are:
INFO     : - 0 complete integron(s) found with a total 0 attC site(s)
INFO     : - 0 CALIN element(s) found with a total of 0 attC site(s)
INFO     : - 0 In0 element(s) found with a total of 0 attC site
INFO     : Writing out results for replicon NZ_CYAZ01000252.1
INFO     : ############ Processing replicon NZ_CYAZ01000253.1 (253/327) ############

INFO     : Starting Default search ... :
INFO     : Default search done... : 
INFO     : In replicon NZ_CYAZ01000253.1, there are:
INFO     : - 0 complete integron(s) found with a total 0 attC site(s)
INFO     : - 0 CALIN element(s) found with a total of 0 attC site(s)
INFO     : - 0 In0 element(s) found with a total of 0 attC site
INFO     : Starting search with local_max...:
INFO     : Search with local_max done... :
INFO     : In replicon NZ_CYAZ01000253.1, there are:
INFO     : - 0 complete integron(s) found with a total 0 attC site(s)
INFO     : - 0 CALIN element(s) found with a total of 0 attC site(s)
INFO     : - 0 In0 element(s) found with a total of 0 attC site
INFO     : Writing out results for replicon NZ_CYAZ01000253.1
INFO     : ############ Processing replicon NZ_CYAZ01000254.1 (254/327) ############

INFO     : Starting Default search ... :
INFO     : Default search done... : 
INFO     : In replicon NZ_CYAZ01000254.1, there are:
INFO     : - 0 complete integron(s) found with a total 0 attC site(s)
INFO     : - 0 CALIN element(s) found with a total of 0 attC site(s)
INFO     : - 0 In0 element(s) found with a total of 0 attC site
INFO     : Starting search with local_max...:
INFO     : Search with local_max done... :
INFO     : In replicon NZ_CYAZ01000254.1, there are:
INFO     : - 0 complete integron(s) found with a total 0 attC site(s)
INFO     : - 0 CALIN element(s) found with a total of 0 attC site(s)
INFO     : - 0 In0 element(s) found with a total of 0 attC site
INFO     : Writing out results for replicon NZ_CYAZ01000254.1
INFO     : ############ Processing replicon NZ_CYAZ01000255.1 (255/327) ############

INFO     : Starting Default search ... :
INFO     : Default search done... : 
INFO     : In replicon NZ_CYAZ01000255.1, there are:
INFO     : - 0 complete integron(s) found with a total 0 attC site(s)
INFO     : - 0 CALIN element(s) found with a total of 0 attC site(s)
INFO     : - 0 In0 element(s) found with a total of 0 attC site
INFO     : Starting search with local_max...:
INFO     : Search with local_max done... :
INFO     : In replicon NZ_CYAZ01000255.1, there are:
INFO     : - 0 complete integron(s) found with a total 0 attC site(s)
INFO     : - 0 CALIN element(s) found with a total of 0 attC site(s)
INFO     : - 0 In0 element(s) found with a total of 0 attC site
INFO     : Writing out results for replicon NZ_CYAZ01000255.1
INFO     : ############ Processing replicon NZ_CYAZ01000256.1 (256/327) ############

INFO     : Starting Default search ... :
INFO     : Default search done... : 
INFO     : In replicon NZ_CYAZ01000256.1, there are:
INFO     : - 0 complete integron(s) found with a total 0 attC site(s)
INFO     : - 0 CALIN element(s) found with a total of 0 attC site(s)
INFO     : - 0 In0 element(s) found with a total of 0 attC site
INFO     : Starting search with local_max...:
INFO     : Search with local_max done... :
INFO     : In replicon NZ_CYAZ01000256.1, there are:
INFO     : - 0 complete integron(s) found with a total 0 attC site(s)
INFO     : - 0 CALIN element(s) found with a total of 0 attC site(s)
INFO     : - 0 In0 element(s) found with a total of 0 attC site
INFO     : Writing out results for replicon NZ_CYAZ01000256.1
INFO     : ############ Processing replicon NZ_CYAZ01000257.1 (257/327) ############

INFO     : Starting Default search ... :
INFO     : Default search done... : 
INFO     : In replicon NZ_CYAZ01000257.1, there are:
INFO     : - 0 complete integron(s) found with a total 0 attC site(s)
INFO     : - 0 CALIN element(s) found with a total of 0 attC site(s)
INFO     : - 0 In0 element(s) found with a total of 0 attC site
INFO     : Starting search with local_max...:
INFO     : Search with local_max done... :
INFO     : In replicon NZ_CYAZ01000257.1, there are:
INFO     : - 0 complete integron(s) found with a total 0 attC site(s)
INFO     : - 0 CALIN element(s) found with a total of 0 attC site(s)
INFO     : - 0 In0 element(s) found with a total of 0 attC site
INFO     : Writing out results for replicon NZ_CYAZ01000257.1
INFO     : ############ Processing replicon NZ_CYAZ01000258.1 (258/327) ############

INFO     : Starting Default search ... :
INFO     : Default search done... : 
INFO     : In replicon NZ_CYAZ01000258.1, there are:
INFO     : - 0 complete integron(s) found with a total 0 attC site(s)
INFO     : - 0 CALIN element(s) found with a total of 0 attC site(s)
INFO     : - 0 In0 element(s) found with a total of 0 attC site
INFO     : Starting search with local_max...:
INFO     : Search with local_max done... :
INFO     : In replicon NZ_CYAZ01000258.1, there are:
INFO     : - 0 complete integron(s) found with a total 0 attC site(s)
INFO     : - 0 CALIN element(s) found with a total of 0 attC site(s)
INFO     : - 0 In0 element(s) found with a total of 0 attC site
INFO     : Writing out results for replicon NZ_CYAZ01000258.1
INFO     : ############ Processing replicon NZ_CYAZ01000259.1 (259/327) ############

INFO     : Starting Default search ... :
INFO     : Default search done... : 
INFO     : In replicon NZ_CYAZ01000259.1, there are:
INFO     : - 0 complete integron(s) found with a total 0 attC site(s)
INFO     : - 0 CALIN element(s) found with a total of 0 attC site(s)
INFO     : - 0 In0 element(s) found with a total of 0 attC site
INFO     : Starting search with local_max...:
INFO     : Search with local_max done... :
INFO     : In replicon NZ_CYAZ01000259.1, there are:
INFO     : - 0 complete integron(s) found with a total 0 attC site(s)
INFO     : - 0 CALIN element(s) found with a total of 0 attC site(s)
INFO     : - 0 In0 element(s) found with a total of 0 attC site
INFO     : Writing out results for replicon NZ_CYAZ01000259.1
INFO     : ############ Processing replicon NZ_CYAZ01000260.1 (260/327) ############

INFO     : Starting Default search ... :
INFO     : Default search done... : 
INFO     : In replicon NZ_CYAZ01000260.1, there are:
INFO     : - 0 complete integron(s) found with a total 0 attC site(s)
INFO     : - 0 CALIN element(s) found with a total of 0 attC site(s)
INFO     : - 0 In0 element(s) found with a total of 0 attC site
INFO     : Starting search with local_max...:
INFO     : Search with local_max done... :
INFO     : In replicon NZ_CYAZ01000260.1, there are:
INFO     : - 0 complete integron(s) found with a total 0 attC site(s)
INFO     : - 0 CALIN element(s) found with a total of 0 attC site(s)
INFO     : - 0 In0 element(s) found with a total of 0 attC site
INFO     : Writing out results for replicon NZ_CYAZ01000260.1
INFO     : ############ Processing replicon NZ_CYAZ01000261.1 (261/327) ############

INFO     : Starting Default search ... :
INFO     : Default search done... : 
INFO     : In replicon NZ_CYAZ01000261.1, there are:
INFO     : - 0 complete integron(s) found with a total 0 attC site(s)
INFO     : - 0 CALIN element(s) found with a total of 0 attC site(s)
INFO     : - 0 In0 element(s) found with a total of 0 attC site
INFO     : Starting search with local_max...:
INFO     : Search with local_max done... :
INFO     : In replicon NZ_CYAZ01000261.1, there are:
INFO     : - 0 complete integron(s) found with a total 0 attC site(s)
INFO     : - 0 CALIN element(s) found with a total of 0 attC site(s)
INFO     : - 0 In0 element(s) found with a total of 0 attC site
INFO     : Writing out results for replicon NZ_CYAZ01000261.1
INFO     : ############ Processing replicon NZ_CYAZ01000262.1 (262/327) ############

INFO     : Starting Default search ... :
INFO     : Default search done... : 
INFO     : In replicon NZ_CYAZ01000262.1, there are:
INFO     : - 0 complete integron(s) found with a total 0 attC site(s)
INFO     : - 0 CALIN element(s) found with a total of 0 attC site(s)
INFO     : - 0 In0 element(s) found with a total of 0 attC site
INFO     : Starting search with local_max...:
INFO     : Search with local_max done... :
INFO     : In replicon NZ_CYAZ01000262.1, there are:
INFO     : - 0 complete integron(s) found with a total 0 attC site(s)
INFO     : - 0 CALIN element(s) found with a total of 0 attC site(s)
INFO     : - 0 In0 element(s) found with a total of 0 attC site
INFO     : Writing out results for replicon NZ_CYAZ01000262.1
INFO     : ############ Processing replicon NZ_CYAZ01000263.1 (263/327) ############

INFO     : Starting Default search ... :
INFO     : Default search done... : 
INFO     : In replicon NZ_CYAZ01000263.1, there are:
INFO     : - 0 complete integron(s) found with a total 0 attC site(s)
INFO     : - 0 CALIN element(s) found with a total of 0 attC site(s)
INFO     : - 0 In0 element(s) found with a total of 0 attC site
INFO     : Starting search with local_max...:
INFO     : Search with local_max done... :
INFO     : In replicon NZ_CYAZ01000263.1, there are:
INFO     : - 0 complete integron(s) found with a total 0 attC site(s)
INFO     : - 0 CALIN element(s) found with a total of 0 attC site(s)
INFO     : - 0 In0 element(s) found with a total of 0 attC site
INFO     : Writing out results for replicon NZ_CYAZ01000263.1
INFO     : ############ Processing replicon NZ_CYAZ01000264.1 (264/327) ############

INFO     : Starting Default search ... :
INFO     : Default search done... : 
INFO     : In replicon NZ_CYAZ01000264.1, there are:
INFO     : - 0 complete integron(s) found with a total 0 attC site(s)
INFO     : - 0 CALIN element(s) found with a total of 0 attC site(s)
INFO     : - 0 In0 element(s) found with a total of 0 attC site
INFO     : Starting search with local_max...:
INFO     : Search with local_max done... :
INFO     : In replicon NZ_CYAZ01000264.1, there are:
INFO     : - 0 complete integron(s) found with a total 0 attC site(s)
INFO     : - 0 CALIN element(s) found with a total of 0 attC site(s)
INFO     : - 0 In0 element(s) found with a total of 0 attC site
INFO     : Writing out results for replicon NZ_CYAZ01000264.1
INFO     : ############ Processing replicon NZ_CYAZ01000265.1 (265/327) ############

INFO     : Starting Default search ... :
INFO     : Default search done... : 
INFO     : In replicon NZ_CYAZ01000265.1, there are:
INFO     : - 0 complete integron(s) found with a total 0 attC site(s)
INFO     : - 0 CALIN element(s) found with a total of 0 attC site(s)
INFO     : - 0 In0 element(s) found with a total of 0 attC site
INFO     : Starting search with local_max...:
INFO     : Search with local_max done... :
INFO     : In replicon NZ_CYAZ01000265.1, there are:
INFO     : - 0 complete integron(s) found with a total 0 attC site(s)
INFO     : - 0 CALIN element(s) found with a total of 0 attC site(s)
INFO     : - 0 In0 element(s) found with a total of 0 attC site
INFO     : Writing out results for replicon NZ_CYAZ01000265.1
INFO     : ############ Processing replicon NZ_CYAZ01000266.1 (266/327) ############

INFO     : Starting Default search ... :
INFO     : Default search done... : 
INFO     : In replicon NZ_CYAZ01000266.1, there are:
INFO     : - 0 complete integron(s) found with a total 0 attC site(s)
INFO     : - 0 CALIN element(s) found with a total of 0 attC site(s)
INFO     : - 0 In0 element(s) found with a total of 0 attC site
INFO     : Starting search with local_max...:
INFO     : Search with local_max done... :
INFO     : In replicon NZ_CYAZ01000266.1, there are:
INFO     : - 0 complete integron(s) found with a total 0 attC site(s)
INFO     : - 0 CALIN element(s) found with a total of 0 attC site(s)
INFO     : - 0 In0 element(s) found with a total of 0 attC site
INFO     : Writing out results for replicon NZ_CYAZ01000266.1
INFO     : ############ Processing replicon NZ_CYAZ01000267.1 (267/327) ############

WARNING  : The protein file: '/home/mba/Documents/AransayMarta/PracticasExternas/results/500genomes/IF2/Results_Integron_Finder_GCF_001284505.1_7748_7_26_genomic/tmp_NZ_CYAZ01000267.1/NZ_CYAZ01000267.1.prt' is empty cannot perform hmmsearch on it.
WARNING  : ############ Skip replicon NZ_CYAZ01000267.1 ############
INFO     : ############ Processing replicon NZ_CYAZ01000268.1 (268/327) ############

INFO     : Starting Default search ... :
INFO     : Default search done... : 
INFO     : In replicon NZ_CYAZ01000268.1, there are:
INFO     : - 0 complete integron(s) found with a total 0 attC site(s)
INFO     : - 0 CALIN element(s) found with a total of 0 attC site(s)
INFO     : - 0 In0 element(s) found with a total of 0 attC site
INFO     : Starting search with local_max...:
INFO     : Search with local_max done... :
INFO     : In replicon NZ_CYAZ01000268.1, there are:
INFO     : - 0 complete integron(s) found with a total 0 attC site(s)
INFO     : - 0 CALIN element(s) found with a total of 0 attC site(s)
INFO     : - 0 In0 element(s) found with a total of 0 attC site
INFO     : Writing out results for replicon NZ_CYAZ01000268.1
INFO     : ############ Processing replicon NZ_CYAZ01000269.1 (269/327) ############

INFO     : Starting Default search ... :
INFO     : Default search done... : 
INFO     : In replicon NZ_CYAZ01000269.1, there are:
INFO     : - 0 complete integron(s) found with a total 0 attC site(s)
INFO     : - 0 CALIN element(s) found with a total of 0 attC site(s)
INFO     : - 0 In0 element(s) found with a total of 0 attC site
INFO     : Starting search with local_max...:
INFO     : Search with local_max done... :
INFO     : In replicon NZ_CYAZ01000269.1, there are:
INFO     : - 0 complete integron(s) found with a total 0 attC site(s)
INFO     : - 0 CALIN element(s) found with a total of 0 attC site(s)
INFO     : - 0 In0 element(s) found with a total of 0 attC site
INFO     : Writing out results for replicon NZ_CYAZ01000269.1
INFO     : ############ Processing replicon NZ_CYAZ01000270.1 (270/327) ############

INFO     : Starting Default search ... :
INFO     : Default search done... : 
INFO     : In replicon NZ_CYAZ01000270.1, there are:
INFO     : - 0 complete integron(s) found with a total 0 attC site(s)
INFO     : - 0 CALIN element(s) found with a total of 0 attC site(s)
INFO     : - 0 In0 element(s) found with a total of 0 attC site
INFO     : Starting search with local_max...:
INFO     : Search with local_max done... :
INFO     : In replicon NZ_CYAZ01000270.1, there are:
INFO     : - 0 complete integron(s) found with a total 0 attC site(s)
INFO     : - 0 CALIN element(s) found with a total of 0 attC site(s)
INFO     : - 0 In0 element(s) found with a total of 0 attC site
INFO     : Writing out results for replicon NZ_CYAZ01000270.1
INFO     : ############ Processing replicon NZ_CYAZ01000271.1 (271/327) ############

INFO     : Starting Default search ... :
INFO     : Default search done... : 
INFO     : In replicon NZ_CYAZ01000271.1, there are:
INFO     : - 0 complete integron(s) found with a total 0 attC site(s)
INFO     : - 0 CALIN element(s) found with a total of 0 attC site(s)
INFO     : - 0 In0 element(s) found with a total of 0 attC site
INFO     : Starting search with local_max...:
INFO     : Search with local_max done... :
INFO     : In replicon NZ_CYAZ01000271.1, there are:
INFO     : - 0 complete integron(s) found with a total 0 attC site(s)
INFO     : - 0 CALIN element(s) found with a total of 0 attC site(s)
INFO     : - 0 In0 element(s) found with a total of 0 attC site
INFO     : Writing out results for replicon NZ_CYAZ01000271.1
INFO     : ############ Processing replicon NZ_CYAZ01000272.1 (272/327) ############

INFO     : Starting Default search ... :
INFO     : Default search done... : 
INFO     : In replicon NZ_CYAZ01000272.1, there are:
INFO     : - 0 complete integron(s) found with a total 0 attC site(s)
INFO     : - 0 CALIN element(s) found with a total of 0 attC site(s)
INFO     : - 0 In0 element(s) found with a total of 0 attC site
INFO     : Starting search with local_max...:
INFO     : Search with local_max done... :
INFO     : In replicon NZ_CYAZ01000272.1, there are:
INFO     : - 0 complete integron(s) found with a total 0 attC site(s)
INFO     : - 0 CALIN element(s) found with a total of 0 attC site(s)
INFO     : - 0 In0 element(s) found with a total of 0 attC site
INFO     : Writing out results for replicon NZ_CYAZ01000272.1
INFO     : ############ Processing replicon NZ_CYAZ01000273.1 (273/327) ############

INFO     : Starting Default search ... :
INFO     : Default search done... : 
INFO     : In replicon NZ_CYAZ01000273.1, there are:
INFO     : - 0 complete integron(s) found with a total 0 attC site(s)
INFO     : - 0 CALIN element(s) found with a total of 0 attC site(s)
INFO     : - 0 In0 element(s) found with a total of 0 attC site
INFO     : Starting search with local_max...:
INFO     : Search with local_max done... :
INFO     : In replicon NZ_CYAZ01000273.1, there are:
INFO     : - 0 complete integron(s) found with a total 0 attC site(s)
INFO     : - 0 CALIN element(s) found with a total of 0 attC site(s)
INFO     : - 0 In0 element(s) found with a total of 0 attC site
INFO     : Writing out results for replicon NZ_CYAZ01000273.1
INFO     : ############ Processing replicon NZ_CYAZ01000274.1 (274/327) ############

INFO     : Starting Default search ... :
INFO     : Default search done... : 
INFO     : In replicon NZ_CYAZ01000274.1, there are:
INFO     : - 0 complete integron(s) found with a total 0 attC site(s)
INFO     : - 0 CALIN element(s) found with a total of 0 attC site(s)
INFO     : - 0 In0 element(s) found with a total of 0 attC site
INFO     : Starting search with local_max...:
INFO     : Search with local_max done... :
INFO     : In replicon NZ_CYAZ01000274.1, there are:
INFO     : - 0 complete integron(s) found with a total 0 attC site(s)
INFO     : - 0 CALIN element(s) found with a total of 0 attC site(s)
INFO     : - 0 In0 element(s) found with a total of 0 attC site
INFO     : Writing out results for replicon NZ_CYAZ01000274.1
INFO     : ############ Processing replicon NZ_CYAZ01000275.1 (275/327) ############

INFO     : Starting Default search ... :
INFO     : Default search done... : 
INFO     : In replicon NZ_CYAZ01000275.1, there are:
INFO     : - 0 complete integron(s) found with a total 0 attC site(s)
INFO     : - 0 CALIN element(s) found with a total of 0 attC site(s)
INFO     : - 0 In0 element(s) found with a total of 0 attC site
INFO     : Starting search with local_max...:
INFO     : Search with local_max done... :
INFO     : In replicon NZ_CYAZ01000275.1, there are:
INFO     : - 0 complete integron(s) found with a total 0 attC site(s)
INFO     : - 0 CALIN element(s) found with a total of 0 attC site(s)
INFO     : - 0 In0 element(s) found with a total of 0 attC site
INFO     : Writing out results for replicon NZ_CYAZ01000275.1
INFO     : ############ Processing replicon NZ_CYAZ01000276.1 (276/327) ############

INFO     : Starting Default search ... :
INFO     : Default search done... : 
INFO     : In replicon NZ_CYAZ01000276.1, there are:
INFO     : - 0 complete integron(s) found with a total 0 attC site(s)
INFO     : - 0 CALIN element(s) found with a total of 0 attC site(s)
INFO     : - 0 In0 element(s) found with a total of 0 attC site
INFO     : Starting search with local_max...:
INFO     : Search with local_max done... :
INFO     : In replicon NZ_CYAZ01000276.1, there are:
INFO     : - 0 complete integron(s) found with a total 0 attC site(s)
INFO     : - 0 CALIN element(s) found with a total of 0 attC site(s)
INFO     : - 0 In0 element(s) found with a total of 0 attC site
INFO     : Writing out results for replicon NZ_CYAZ01000276.1
INFO     : ############ Processing replicon NZ_CYAZ01000277.1 (277/327) ############

INFO     : Starting Default search ... :
INFO     : Default search done... : 
INFO     : In replicon NZ_CYAZ01000277.1, there are:
INFO     : - 0 complete integron(s) found with a total 0 attC site(s)
INFO     : - 0 CALIN element(s) found with a total of 0 attC site(s)
INFO     : - 0 In0 element(s) found with a total of 0 attC site
INFO     : Starting search with local_max...:
INFO     : Search with local_max done... :
INFO     : In replicon NZ_CYAZ01000277.1, there are:
INFO     : - 0 complete integron(s) found with a total 0 attC site(s)
INFO     : - 0 CALIN element(s) found with a total of 0 attC site(s)
INFO     : - 0 In0 element(s) found with a total of 0 attC site
INFO     : Writing out results for replicon NZ_CYAZ01000277.1
INFO     : ############ Processing replicon NZ_CYAZ01000278.1 (278/327) ############

INFO     : Starting Default search ... :
INFO     : Default search done... : 
INFO     : In replicon NZ_CYAZ01000278.1, there are:
INFO     : - 0 complete integron(s) found with a total 0 attC site(s)
INFO     : - 0 CALIN element(s) found with a total of 0 attC site(s)
INFO     : - 0 In0 element(s) found with a total of 0 attC site
INFO     : Starting search with local_max...:
INFO     : Search with local_max done... :
INFO     : In replicon NZ_CYAZ01000278.1, there are:
INFO     : - 0 complete integron(s) found with a total 0 attC site(s)
INFO     : - 0 CALIN element(s) found with a total of 0 attC site(s)
INFO     : - 0 In0 element(s) found with a total of 0 attC site
INFO     : Writing out results for replicon NZ_CYAZ01000278.1
INFO     : ############ Processing replicon NZ_CYAZ01000279.1 (279/327) ############

INFO     : Starting Default search ... :
INFO     : Default search done... : 
INFO     : In replicon NZ_CYAZ01000279.1, there are:
INFO     : - 0 complete integron(s) found with a total 0 attC site(s)
INFO     : - 0 CALIN element(s) found with a total of 0 attC site(s)
INFO     : - 0 In0 element(s) found with a total of 0 attC site
INFO     : Starting search with local_max...:
INFO     : Search with local_max done... :
INFO     : In replicon NZ_CYAZ01000279.1, there are:
INFO     : - 0 complete integron(s) found with a total 0 attC site(s)
INFO     : - 0 CALIN element(s) found with a total of 0 attC site(s)
INFO     : - 0 In0 element(s) found with a total of 0 attC site
INFO     : Writing out results for replicon NZ_CYAZ01000279.1
INFO     : ############ Processing replicon NZ_CYAZ01000280.1 (280/327) ############

INFO     : Starting Default search ... :
INFO     : Default search done... : 
INFO     : In replicon NZ_CYAZ01000280.1, there are:
INFO     : - 0 complete integron(s) found with a total 0 attC site(s)
INFO     : - 0 CALIN element(s) found with a total of 0 attC site(s)
INFO     : - 0 In0 element(s) found with a total of 0 attC site
INFO     : Starting search with local_max...:
INFO     : Search with local_max done... :
INFO     : In replicon NZ_CYAZ01000280.1, there are:
INFO     : - 0 complete integron(s) found with a total 0 attC site(s)
INFO     : - 0 CALIN element(s) found with a total of 0 attC site(s)
INFO     : - 0 In0 element(s) found with a total of 0 attC site
INFO     : Writing out results for replicon NZ_CYAZ01000280.1
INFO     : ############ Processing replicon NZ_CYAZ01000281.1 (281/327) ############

INFO     : Starting Default search ... :
INFO     : Default search done... : 
INFO     : In replicon NZ_CYAZ01000281.1, there are:
INFO     : - 0 complete integron(s) found with a total 0 attC site(s)
INFO     : - 0 CALIN element(s) found with a total of 0 attC site(s)
INFO     : - 0 In0 element(s) found with a total of 0 attC site
INFO     : Starting search with local_max...:
INFO     : Search with local_max done... :
INFO     : In replicon NZ_CYAZ01000281.1, there are:
INFO     : - 0 complete integron(s) found with a total 0 attC site(s)
INFO     : - 0 CALIN element(s) found with a total of 0 attC site(s)
INFO     : - 0 In0 element(s) found with a total of 0 attC site
INFO     : Writing out results for replicon NZ_CYAZ01000281.1
INFO     : ############ Processing replicon NZ_CYAZ01000282.1 (282/327) ############

INFO     : Starting Default search ... :
INFO     : Default search done... : 
INFO     : In replicon NZ_CYAZ01000282.1, there are:
INFO     : - 0 complete integron(s) found with a total 0 attC site(s)
INFO     : - 0 CALIN element(s) found with a total of 0 attC site(s)
INFO     : - 0 In0 element(s) found with a total of 0 attC site
INFO     : Starting search with local_max...:
INFO     : Search with local_max done... :
INFO     : In replicon NZ_CYAZ01000282.1, there are:
INFO     : - 0 complete integron(s) found with a total 0 attC site(s)
INFO     : - 0 CALIN element(s) found with a total of 0 attC site(s)
INFO     : - 0 In0 element(s) found with a total of 0 attC site
INFO     : Writing out results for replicon NZ_CYAZ01000282.1
INFO     : ############ Processing replicon NZ_CYAZ01000283.1 (283/327) ############

INFO     : Starting Default search ... :
INFO     : Default search done... : 
INFO     : In replicon NZ_CYAZ01000283.1, there are:
INFO     : - 0 complete integron(s) found with a total 0 attC site(s)
INFO     : - 0 CALIN element(s) found with a total of 0 attC site(s)
INFO     : - 0 In0 element(s) found with a total of 0 attC site
INFO     : Starting search with local_max...:
INFO     : Search with local_max done... :
INFO     : In replicon NZ_CYAZ01000283.1, there are:
INFO     : - 0 complete integron(s) found with a total 0 attC site(s)
INFO     : - 0 CALIN element(s) found with a total of 0 attC site(s)
INFO     : - 0 In0 element(s) found with a total of 0 attC site
INFO     : Writing out results for replicon NZ_CYAZ01000283.1
INFO     : ############ Processing replicon NZ_CYAZ01000284.1 (284/327) ############

INFO     : Starting Default search ... :
INFO     : Default search done... : 
INFO     : In replicon NZ_CYAZ01000284.1, there are:
INFO     : - 0 complete integron(s) found with a total 0 attC site(s)
INFO     : - 0 CALIN element(s) found with a total of 0 attC site(s)
INFO     : - 0 In0 element(s) found with a total of 0 attC site
INFO     : Starting search with local_max...:
INFO     : Search with local_max done... :
INFO     : In replicon NZ_CYAZ01000284.1, there are:
INFO     : - 0 complete integron(s) found with a total 0 attC site(s)
INFO     : - 0 CALIN element(s) found with a total of 0 attC site(s)
INFO     : - 0 In0 element(s) found with a total of 0 attC site
INFO     : Writing out results for replicon NZ_CYAZ01000284.1
INFO     : ############ Processing replicon NZ_CYAZ01000285.1 (285/327) ############

WARNING  : The protein file: '/home/mba/Documents/AransayMarta/PracticasExternas/results/500genomes/IF2/Results_Integron_Finder_GCF_001284505.1_7748_7_26_genomic/tmp_NZ_CYAZ01000285.1/NZ_CYAZ01000285.1.prt' is empty cannot perform hmmsearch on it.
WARNING  : ############ Skip replicon NZ_CYAZ01000285.1 ############
INFO     : ############ Processing replicon NZ_CYAZ01000286.1 (286/327) ############

INFO     : Starting Default search ... :
INFO     : Default search done... : 
INFO     : In replicon NZ_CYAZ01000286.1, there are:
INFO     : - 0 complete integron(s) found with a total 0 attC site(s)
INFO     : - 0 CALIN element(s) found with a total of 0 attC site(s)
INFO     : - 0 In0 element(s) found with a total of 0 attC site
INFO     : Starting search with local_max...:
INFO     : Search with local_max done... :
INFO     : In replicon NZ_CYAZ01000286.1, there are:
INFO     : - 0 complete integron(s) found with a total 0 attC site(s)
INFO     : - 0 CALIN element(s) found with a total of 0 attC site(s)
INFO     : - 0 In0 element(s) found with a total of 0 attC site
INFO     : Writing out results for replicon NZ_CYAZ01000286.1
INFO     : ############ Processing replicon NZ_CYAZ01000287.1 (287/327) ############

INFO     : Starting Default search ... :
INFO     : Default search done... : 
INFO     : In replicon NZ_CYAZ01000287.1, there are:
INFO     : - 0 complete integron(s) found with a total 0 attC site(s)
INFO     : - 0 CALIN element(s) found with a total of 0 attC site(s)
INFO     : - 0 In0 element(s) found with a total of 0 attC site
INFO     : Starting search with local_max...:
INFO     : Search with local_max done... :
INFO     : In replicon NZ_CYAZ01000287.1, there are:
INFO     : - 0 complete integron(s) found with a total 0 attC site(s)
INFO     : - 0 CALIN element(s) found with a total of 0 attC site(s)
INFO     : - 0 In0 element(s) found with a total of 0 attC site
INFO     : Writing out results for replicon NZ_CYAZ01000287.1
INFO     : ############ Processing replicon NZ_CYAZ01000288.1 (288/327) ############

INFO     : Starting Default search ... :
INFO     : Default search done... : 
INFO     : In replicon NZ_CYAZ01000288.1, there are:
INFO     : - 0 complete integron(s) found with a total 0 attC site(s)
INFO     : - 0 CALIN element(s) found with a total of 0 attC site(s)
INFO     : - 0 In0 element(s) found with a total of 0 attC site
INFO     : Starting search with local_max...:
INFO     : Search with local_max done... :
INFO     : In replicon NZ_CYAZ01000288.1, there are:
INFO     : - 0 complete integron(s) found with a total 0 attC site(s)
INFO     : - 0 CALIN element(s) found with a total of 0 attC site(s)
INFO     : - 0 In0 element(s) found with a total of 0 attC site
INFO     : Writing out results for replicon NZ_CYAZ01000288.1
INFO     : ############ Processing replicon NZ_CYAZ01000289.1 (289/327) ############

INFO     : Starting Default search ... :
INFO     : Default search done... : 
INFO     : In replicon NZ_CYAZ01000289.1, there are:
INFO     : - 0 complete integron(s) found with a total 0 attC site(s)
INFO     : - 0 CALIN element(s) found with a total of 0 attC site(s)
INFO     : - 0 In0 element(s) found with a total of 0 attC site
INFO     : Starting search with local_max...:
INFO     : Search with local_max done... :
INFO     : In replicon NZ_CYAZ01000289.1, there are:
INFO     : - 0 complete integron(s) found with a total 0 attC site(s)
INFO     : - 0 CALIN element(s) found with a total of 0 attC site(s)
INFO     : - 0 In0 element(s) found with a total of 0 attC site
INFO     : Writing out results for replicon NZ_CYAZ01000289.1
INFO     : ############ Processing replicon NZ_CYAZ01000290.1 (290/327) ############

INFO     : Starting Default search ... :
INFO     : Default search done... : 
INFO     : In replicon NZ_CYAZ01000290.1, there are:
INFO     : - 0 complete integron(s) found with a total 0 attC site(s)
INFO     : - 0 CALIN element(s) found with a total of 0 attC site(s)
INFO     : - 0 In0 element(s) found with a total of 0 attC site
INFO     : Starting search with local_max...:
INFO     : Search with local_max done... :
INFO     : In replicon NZ_CYAZ01000290.1, there are:
INFO     : - 0 complete integron(s) found with a total 0 attC site(s)
INFO     : - 0 CALIN element(s) found with a total of 0 attC site(s)
INFO     : - 0 In0 element(s) found with a total of 0 attC site
INFO     : Writing out results for replicon NZ_CYAZ01000290.1
INFO     : ############ Processing replicon NZ_CYAZ01000291.1 (291/327) ############

INFO     : Starting Default search ... :
INFO     : Default search done... : 
INFO     : In replicon NZ_CYAZ01000291.1, there are:
INFO     : - 0 complete integron(s) found with a total 0 attC site(s)
INFO     : - 0 CALIN element(s) found with a total of 0 attC site(s)
INFO     : - 0 In0 element(s) found with a total of 0 attC site
INFO     : Starting search with local_max...:
INFO     : Search with local_max done... :
INFO     : In replicon NZ_CYAZ01000291.1, there are:
INFO     : - 0 complete integron(s) found with a total 0 attC site(s)
INFO     : - 0 CALIN element(s) found with a total of 0 attC site(s)
INFO     : - 0 In0 element(s) found with a total of 0 attC site
INFO     : Writing out results for replicon NZ_CYAZ01000291.1
INFO     : ############ Processing replicon NZ_CYAZ01000292.1 (292/327) ############

INFO     : Starting Default search ... :
INFO     : Default search done... : 
INFO     : In replicon NZ_CYAZ01000292.1, there are:
INFO     : - 0 complete integron(s) found with a total 0 attC site(s)
INFO     : - 0 CALIN element(s) found with a total of 0 attC site(s)
INFO     : - 0 In0 element(s) found with a total of 0 attC site
INFO     : Starting search with local_max...:
INFO     : Search with local_max done... :
INFO     : In replicon NZ_CYAZ01000292.1, there are:
INFO     : - 0 complete integron(s) found with a total 0 attC site(s)
INFO     : - 0 CALIN element(s) found with a total of 0 attC site(s)
INFO     : - 0 In0 element(s) found with a total of 0 attC site
INFO     : Writing out results for replicon NZ_CYAZ01000292.1
INFO     : ############ Processing replicon NZ_CYAZ01000293.1 (293/327) ############

INFO     : Starting Default search ... :
INFO     : Default search done... : 
INFO     : In replicon NZ_CYAZ01000293.1, there are:
INFO     : - 0 complete integron(s) found with a total 0 attC site(s)
INFO     : - 0 CALIN element(s) found with a total of 0 attC site(s)
INFO     : - 0 In0 element(s) found with a total of 0 attC site
INFO     : Starting search with local_max...:
INFO     : Search with local_max done... :
INFO     : In replicon NZ_CYAZ01000293.1, there are:
INFO     : - 0 complete integron(s) found with a total 0 attC site(s)
INFO     : - 0 CALIN element(s) found with a total of 0 attC site(s)
INFO     : - 0 In0 element(s) found with a total of 0 attC site
INFO     : Writing out results for replicon NZ_CYAZ01000293.1
INFO     : ############ Processing replicon NZ_CYAZ01000294.1 (294/327) ############

INFO     : Starting Default search ... :
INFO     : Default search done... : 
INFO     : In replicon NZ_CYAZ01000294.1, there are:
INFO     : - 0 complete integron(s) found with a total 0 attC site(s)
INFO     : - 0 CALIN element(s) found with a total of 0 attC site(s)
INFO     : - 0 In0 element(s) found with a total of 0 attC site
INFO     : Starting search with local_max...:
INFO     : Search with local_max done... :
INFO     : In replicon NZ_CYAZ01000294.1, there are:
INFO     : - 0 complete integron(s) found with a total 0 attC site(s)
INFO     : - 0 CALIN element(s) found with a total of 0 attC site(s)
INFO     : - 0 In0 element(s) found with a total of 0 attC site
INFO     : Writing out results for replicon NZ_CYAZ01000294.1
INFO     : ############ Processing replicon NZ_CYAZ01000295.1 (295/327) ############

INFO     : Starting Default search ... :
INFO     : Default search done... : 
INFO     : In replicon NZ_CYAZ01000295.1, there are:
INFO     : - 0 complete integron(s) found with a total 0 attC site(s)
INFO     : - 0 CALIN element(s) found with a total of 0 attC site(s)
INFO     : - 0 In0 element(s) found with a total of 0 attC site
INFO     : Starting search with local_max...:
INFO     : Search with local_max done... :
INFO     : In replicon NZ_CYAZ01000295.1, there are:
INFO     : - 0 complete integron(s) found with a total 0 attC site(s)
INFO     : - 0 CALIN element(s) found with a total of 0 attC site(s)
INFO     : - 0 In0 element(s) found with a total of 0 attC site
INFO     : Writing out results for replicon NZ_CYAZ01000295.1
INFO     : ############ Processing replicon NZ_CYAZ01000296.1 (296/327) ############

INFO     : Starting Default search ... :
INFO     : Default search done... : 
INFO     : In replicon NZ_CYAZ01000296.1, there are:
INFO     : - 0 complete integron(s) found with a total 0 attC site(s)
INFO     : - 0 CALIN element(s) found with a total of 0 attC site(s)
INFO     : - 0 In0 element(s) found with a total of 0 attC site
INFO     : Starting search with local_max...:
INFO     : Search with local_max done... :
INFO     : In replicon NZ_CYAZ01000296.1, there are:
INFO     : - 0 complete integron(s) found with a total 0 attC site(s)
INFO     : - 0 CALIN element(s) found with a total of 0 attC site(s)
INFO     : - 0 In0 element(s) found with a total of 0 attC site
INFO     : Writing out results for replicon NZ_CYAZ01000296.1
INFO     : ############ Processing replicon NZ_CYAZ01000297.1 (297/327) ############

INFO     : Starting Default search ... :
INFO     : Default search done... : 
INFO     : In replicon NZ_CYAZ01000297.1, there are:
INFO     : - 0 complete integron(s) found with a total 0 attC site(s)
INFO     : - 0 CALIN element(s) found with a total of 0 attC site(s)
INFO     : - 0 In0 element(s) found with a total of 0 attC site
INFO     : Starting search with local_max...:
INFO     : Search with local_max done... :
INFO     : In replicon NZ_CYAZ01000297.1, there are:
INFO     : - 0 complete integron(s) found with a total 0 attC site(s)
INFO     : - 0 CALIN element(s) found with a total of 0 attC site(s)
INFO     : - 0 In0 element(s) found with a total of 0 attC site
INFO     : Writing out results for replicon NZ_CYAZ01000297.1
INFO     : ############ Processing replicon NZ_CYAZ01000298.1 (298/327) ############

INFO     : Starting Default search ... :
INFO     : Default search done... : 
INFO     : In replicon NZ_CYAZ01000298.1, there are:
INFO     : - 0 complete integron(s) found with a total 0 attC site(s)
INFO     : - 0 CALIN element(s) found with a total of 0 attC site(s)
INFO     : - 0 In0 element(s) found with a total of 0 attC site
INFO     : Starting search with local_max...:
INFO     : Search with local_max done... :
INFO     : In replicon NZ_CYAZ01000298.1, there are:
INFO     : - 0 complete integron(s) found with a total 0 attC site(s)
INFO     : - 0 CALIN element(s) found with a total of 0 attC site(s)
INFO     : - 0 In0 element(s) found with a total of 0 attC site
INFO     : Writing out results for replicon NZ_CYAZ01000298.1
INFO     : ############ Processing replicon NZ_CYAZ01000299.1 (299/327) ############

INFO     : Starting Default search ... :
INFO     : Default search done... : 
INFO     : In replicon NZ_CYAZ01000299.1, there are:
INFO     : - 0 complete integron(s) found with a total 0 attC site(s)
INFO     : - 0 CALIN element(s) found with a total of 0 attC site(s)
INFO     : - 0 In0 element(s) found with a total of 0 attC site
INFO     : Starting search with local_max...:
INFO     : Search with local_max done... :
INFO     : In replicon NZ_CYAZ01000299.1, there are:
INFO     : - 0 complete integron(s) found with a total 0 attC site(s)
INFO     : - 0 CALIN element(s) found with a total of 0 attC site(s)
INFO     : - 0 In0 element(s) found with a total of 0 attC site
INFO     : Writing out results for replicon NZ_CYAZ01000299.1
INFO     : ############ Processing replicon NZ_CYAZ01000300.1 (300/327) ############

INFO     : Starting Default search ... :
INFO     : Default search done... : 
INFO     : In replicon NZ_CYAZ01000300.1, there are:
INFO     : - 0 complete integron(s) found with a total 0 attC site(s)
INFO     : - 0 CALIN element(s) found with a total of 0 attC site(s)
INFO     : - 0 In0 element(s) found with a total of 0 attC site
INFO     : Starting search with local_max...:
INFO     : Search with local_max done... :
INFO     : In replicon NZ_CYAZ01000300.1, there are:
INFO     : - 0 complete integron(s) found with a total 0 attC site(s)
INFO     : - 0 CALIN element(s) found with a total of 0 attC site(s)
INFO     : - 0 In0 element(s) found with a total of 0 attC site
INFO     : Writing out results for replicon NZ_CYAZ01000300.1
INFO     : ############ Processing replicon NZ_CYAZ01000301.1 (301/327) ############

INFO     : Starting Default search ... :
INFO     : Default search done... : 
INFO     : In replicon NZ_CYAZ01000301.1, there are:
INFO     : - 0 complete integron(s) found with a total 0 attC site(s)
INFO     : - 0 CALIN element(s) found with a total of 0 attC site(s)
INFO     : - 0 In0 element(s) found with a total of 0 attC site
INFO     : Starting search with local_max...:
INFO     : Search with local_max done... :
INFO     : In replicon NZ_CYAZ01000301.1, there are:
INFO     : - 0 complete integron(s) found with a total 0 attC site(s)
INFO     : - 0 CALIN element(s) found with a total of 0 attC site(s)
INFO     : - 0 In0 element(s) found with a total of 0 attC site
INFO     : Writing out results for replicon NZ_CYAZ01000301.1
INFO     : ############ Processing replicon NZ_CYAZ01000302.1 (302/327) ############

INFO     : Starting Default search ... :
INFO     : Default search done... : 
INFO     : In replicon NZ_CYAZ01000302.1, there are:
INFO     : - 0 complete integron(s) found with a total 0 attC site(s)
INFO     : - 0 CALIN element(s) found with a total of 0 attC site(s)
INFO     : - 0 In0 element(s) found with a total of 0 attC site
INFO     : Starting search with local_max...:
INFO     : Search with local_max done... :
INFO     : In replicon NZ_CYAZ01000302.1, there are:
INFO     : - 0 complete integron(s) found with a total 0 attC site(s)
INFO     : - 0 CALIN element(s) found with a total of 0 attC site(s)
INFO     : - 0 In0 element(s) found with a total of 0 attC site
INFO     : Writing out results for replicon NZ_CYAZ01000302.1
INFO     : ############ Processing replicon NZ_CYAZ01000303.1 (303/327) ############

INFO     : Starting Default search ... :
INFO     : Default search done... : 
INFO     : In replicon NZ_CYAZ01000303.1, there are:
INFO     : - 0 complete integron(s) found with a total 0 attC site(s)
INFO     : - 0 CALIN element(s) found with a total of 0 attC site(s)
INFO     : - 0 In0 element(s) found with a total of 0 attC site
INFO     : Starting search with local_max...:
INFO     : Search with local_max done... :
INFO     : In replicon NZ_CYAZ01000303.1, there are:
INFO     : - 0 complete integron(s) found with a total 0 attC site(s)
INFO     : - 0 CALIN element(s) found with a total of 0 attC site(s)
INFO     : - 0 In0 element(s) found with a total of 0 attC site
INFO     : Writing out results for replicon NZ_CYAZ01000303.1
INFO     : ############ Processing replicon NZ_CYAZ01000304.1 (304/327) ############

INFO     : Starting Default search ... :
INFO     : Default search done... : 
INFO     : In replicon NZ_CYAZ01000304.1, there are:
INFO     : - 0 complete integron(s) found with a total 0 attC site(s)
INFO     : - 0 CALIN element(s) found with a total of 0 attC site(s)
INFO     : - 0 In0 element(s) found with a total of 0 attC site
INFO     : Starting search with local_max...:
INFO     : Search with local_max done... :
INFO     : In replicon NZ_CYAZ01000304.1, there are:
INFO     : - 0 complete integron(s) found with a total 0 attC site(s)
INFO     : - 0 CALIN element(s) found with a total of 0 attC site(s)
INFO     : - 0 In0 element(s) found with a total of 0 attC site
INFO     : Writing out results for replicon NZ_CYAZ01000304.1
INFO     : ############ Processing replicon NZ_CYAZ01000305.1 (305/327) ############

INFO     : Starting Default search ... :
INFO     : Default search done... : 
INFO     : In replicon NZ_CYAZ01000305.1, there are:
INFO     : - 0 complete integron(s) found with a total 0 attC site(s)
INFO     : - 0 CALIN element(s) found with a total of 0 attC site(s)
INFO     : - 0 In0 element(s) found with a total of 0 attC site
INFO     : Starting search with local_max...:
INFO     : Search with local_max done... :
INFO     : In replicon NZ_CYAZ01000305.1, there are:
INFO     : - 0 complete integron(s) found with a total 0 attC site(s)
INFO     : - 0 CALIN element(s) found with a total of 0 attC site(s)
INFO     : - 0 In0 element(s) found with a total of 0 attC site
INFO     : Writing out results for replicon NZ_CYAZ01000305.1
INFO     : ############ Processing replicon NZ_CYAZ01000306.1 (306/327) ############

INFO     : Starting Default search ... :
INFO     : Default search done... : 
INFO     : In replicon NZ_CYAZ01000306.1, there are:
INFO     : - 0 complete integron(s) found with a total 0 attC site(s)
INFO     : - 0 CALIN element(s) found with a total of 0 attC site(s)
INFO     : - 0 In0 element(s) found with a total of 0 attC site
INFO     : Starting search with local_max...:
INFO     : Search with local_max done... :
INFO     : In replicon NZ_CYAZ01000306.1, there are:
INFO     : - 0 complete integron(s) found with a total 0 attC site(s)
INFO     : - 0 CALIN element(s) found with a total of 0 attC site(s)
INFO     : - 0 In0 element(s) found with a total of 0 attC site
INFO     : Writing out results for replicon NZ_CYAZ01000306.1
INFO     : ############ Processing replicon NZ_CYAZ01000307.1 (307/327) ############

INFO     : Starting Default search ... :
INFO     : Default search done... : 
INFO     : In replicon NZ_CYAZ01000307.1, there are:
INFO     : - 0 complete integron(s) found with a total 0 attC site(s)
INFO     : - 0 CALIN element(s) found with a total of 0 attC site(s)
INFO     : - 0 In0 element(s) found with a total of 0 attC site
INFO     : Starting search with local_max...:
INFO     : Search with local_max done... :
INFO     : In replicon NZ_CYAZ01000307.1, there are:
INFO     : - 0 complete integron(s) found with a total 0 attC site(s)
INFO     : - 0 CALIN element(s) found with a total of 0 attC site(s)
INFO     : - 0 In0 element(s) found with a total of 0 attC site
INFO     : Writing out results for replicon NZ_CYAZ01000307.1
INFO     : ############ Processing replicon NZ_CYAZ01000308.1 (308/327) ############

INFO     : Starting Default search ... :
INFO     : Default search done... : 
INFO     : In replicon NZ_CYAZ01000308.1, there are:
INFO     : - 0 complete integron(s) found with a total 0 attC site(s)
INFO     : - 0 CALIN element(s) found with a total of 0 attC site(s)
INFO     : - 0 In0 element(s) found with a total of 0 attC site
INFO     : Starting search with local_max...:
INFO     : Search with local_max done... :
INFO     : In replicon NZ_CYAZ01000308.1, there are:
INFO     : - 0 complete integron(s) found with a total 0 attC site(s)
INFO     : - 0 CALIN element(s) found with a total of 0 attC site(s)
INFO     : - 0 In0 element(s) found with a total of 0 attC site
INFO     : Writing out results for replicon NZ_CYAZ01000308.1
INFO     : ############ Processing replicon NZ_CYAZ01000309.1 (309/327) ############

INFO     : Starting Default search ... :
INFO     : Default search done... : 
INFO     : In replicon NZ_CYAZ01000309.1, there are:
INFO     : - 0 complete integron(s) found with a total 0 attC site(s)
INFO     : - 0 CALIN element(s) found with a total of 0 attC site(s)
INFO     : - 0 In0 element(s) found with a total of 0 attC site
INFO     : Starting search with local_max...:
INFO     : Search with local_max done... :
INFO     : In replicon NZ_CYAZ01000309.1, there are:
INFO     : - 0 complete integron(s) found with a total 0 attC site(s)
INFO     : - 0 CALIN element(s) found with a total of 0 attC site(s)
INFO     : - 0 In0 element(s) found with a total of 0 attC site
INFO     : Writing out results for replicon NZ_CYAZ01000309.1
INFO     : ############ Processing replicon NZ_CYAZ01000310.1 (310/327) ############

INFO     : Starting Default search ... :
INFO     : Default search done... : 
INFO     : In replicon NZ_CYAZ01000310.1, there are:
INFO     : - 0 complete integron(s) found with a total 0 attC site(s)
INFO     : - 0 CALIN element(s) found with a total of 0 attC site(s)
INFO     : - 0 In0 element(s) found with a total of 0 attC site
INFO     : Starting search with local_max...:
INFO     : Search with local_max done... :
INFO     : In replicon NZ_CYAZ01000310.1, there are:
INFO     : - 0 complete integron(s) found with a total 0 attC site(s)
INFO     : - 0 CALIN element(s) found with a total of 0 attC site(s)
INFO     : - 0 In0 element(s) found with a total of 0 attC site
INFO     : Writing out results for replicon NZ_CYAZ01000310.1
INFO     : ############ Processing replicon NZ_CYAZ01000311.1 (311/327) ############

WARNING  : The protein file: '/home/mba/Documents/AransayMarta/PracticasExternas/results/500genomes/IF2/Results_Integron_Finder_GCF_001284505.1_7748_7_26_genomic/tmp_NZ_CYAZ01000311.1/NZ_CYAZ01000311.1.prt' is empty cannot perform hmmsearch on it.
WARNING  : ############ Skip replicon NZ_CYAZ01000311.1 ############
INFO     : ############ Processing replicon NZ_CYAZ01000312.1 (312/327) ############

INFO     : Starting Default search ... :
INFO     : Default search done... : 
INFO     : In replicon NZ_CYAZ01000312.1, there are:
INFO     : - 0 complete integron(s) found with a total 0 attC site(s)
INFO     : - 0 CALIN element(s) found with a total of 0 attC site(s)
INFO     : - 0 In0 element(s) found with a total of 0 attC site
INFO     : Starting search with local_max...:
INFO     : Search with local_max done... :
INFO     : In replicon NZ_CYAZ01000312.1, there are:
INFO     : - 0 complete integron(s) found with a total 0 attC site(s)
INFO     : - 0 CALIN element(s) found with a total of 0 attC site(s)
INFO     : - 0 In0 element(s) found with a total of 0 attC site
INFO     : Writing out results for replicon NZ_CYAZ01000312.1
INFO     : ############ Processing replicon NZ_CYAZ01000313.1 (313/327) ############

INFO     : Starting Default search ... :
INFO     : Default search done... : 
INFO     : In replicon NZ_CYAZ01000313.1, there are:
INFO     : - 0 complete integron(s) found with a total 0 attC site(s)
INFO     : - 0 CALIN element(s) found with a total of 0 attC site(s)
INFO     : - 0 In0 element(s) found with a total of 0 attC site
INFO     : Starting search with local_max...:
INFO     : Search with local_max done... :
INFO     : In replicon NZ_CYAZ01000313.1, there are:
INFO     : - 0 complete integron(s) found with a total 0 attC site(s)
INFO     : - 0 CALIN element(s) found with a total of 0 attC site(s)
INFO     : - 0 In0 element(s) found with a total of 0 attC site
INFO     : Writing out results for replicon NZ_CYAZ01000313.1
INFO     : ############ Processing replicon NZ_CYAZ01000314.1 (314/327) ############

INFO     : Starting Default search ... :
INFO     : Default search done... : 
INFO     : In replicon NZ_CYAZ01000314.1, there are:
INFO     : - 0 complete integron(s) found with a total 0 attC site(s)
INFO     : - 0 CALIN element(s) found with a total of 0 attC site(s)
INFO     : - 0 In0 element(s) found with a total of 0 attC site
INFO     : Starting search with local_max...:
INFO     : Search with local_max done... :
INFO     : In replicon NZ_CYAZ01000314.1, there are:
INFO     : - 0 complete integron(s) found with a total 0 attC site(s)
INFO     : - 0 CALIN element(s) found with a total of 0 attC site(s)
INFO     : - 0 In0 element(s) found with a total of 0 attC site
INFO     : Writing out results for replicon NZ_CYAZ01000314.1
INFO     : ############ Processing replicon NZ_CYAZ01000315.1 (315/327) ############

WARNING  : The protein file: '/home/mba/Documents/AransayMarta/PracticasExternas/results/500genomes/IF2/Results_Integron_Finder_GCF_001284505.1_7748_7_26_genomic/tmp_NZ_CYAZ01000315.1/NZ_CYAZ01000315.1.prt' is empty cannot perform hmmsearch on it.
WARNING  : ############ Skip replicon NZ_CYAZ01000315.1 ############
INFO     : ############ Processing replicon NZ_CYAZ01000316.1 (316/327) ############

INFO     : Starting Default search ... :
INFO     : Default search done... : 
INFO     : In replicon NZ_CYAZ01000316.1, there are:
INFO     : - 0 complete integron(s) found with a total 0 attC site(s)
INFO     : - 0 CALIN element(s) found with a total of 0 attC site(s)
INFO     : - 0 In0 element(s) found with a total of 0 attC site
INFO     : Starting search with local_max...:
INFO     : Search with local_max done... :
INFO     : In replicon NZ_CYAZ01000316.1, there are:
INFO     : - 0 complete integron(s) found with a total 0 attC site(s)
INFO     : - 0 CALIN element(s) found with a total of 0 attC site(s)
INFO     : - 0 In0 element(s) found with a total of 0 attC site
INFO     : Writing out results for replicon NZ_CYAZ01000316.1
INFO     : ############ Processing replicon NZ_CYAZ01000317.1 (317/327) ############

INFO     : Starting Default search ... :
INFO     : Default search done... : 
INFO     : In replicon NZ_CYAZ01000317.1, there are:
INFO     : - 0 complete integron(s) found with a total 0 attC site(s)
INFO     : - 0 CALIN element(s) found with a total of 0 attC site(s)
INFO     : - 0 In0 element(s) found with a total of 0 attC site
INFO     : Starting search with local_max...:
INFO     : Search with local_max done... :
INFO     : In replicon NZ_CYAZ01000317.1, there are:
INFO     : - 0 complete integron(s) found with a total 0 attC site(s)
INFO     : - 0 CALIN element(s) found with a total of 0 attC site(s)
INFO     : - 0 In0 element(s) found with a total of 0 attC site
INFO     : Writing out results for replicon NZ_CYAZ01000317.1
INFO     : ############ Processing replicon NZ_CYAZ01000318.1 (318/327) ############

WARNING  : The protein file: '/home/mba/Documents/AransayMarta/PracticasExternas/results/500genomes/IF2/Results_Integron_Finder_GCF_001284505.1_7748_7_26_genomic/tmp_NZ_CYAZ01000318.1/NZ_CYAZ01000318.1.prt' is empty cannot perform hmmsearch on it.
WARNING  : ############ Skip replicon NZ_CYAZ01000318.1 ############
INFO     : ############ Processing replicon NZ_CYAZ01000319.1 (319/327) ############

INFO     : Starting Default search ... :
INFO     : Default search done... : 
INFO     : In replicon NZ_CYAZ01000319.1, there are:
INFO     : - 0 complete integron(s) found with a total 0 attC site(s)
INFO     : - 0 CALIN element(s) found with a total of 0 attC site(s)
INFO     : - 0 In0 element(s) found with a total of 0 attC site
INFO     : Starting search with local_max...:
INFO     : Search with local_max done... :
INFO     : In replicon NZ_CYAZ01000319.1, there are:
INFO     : - 0 complete integron(s) found with a total 0 attC site(s)
INFO     : - 0 CALIN element(s) found with a total of 0 attC site(s)
INFO     : - 0 In0 element(s) found with a total of 0 attC site
INFO     : Writing out results for replicon NZ_CYAZ01000319.1
INFO     : ############ Processing replicon NZ_CYAZ01000320.1 (320/327) ############

INFO     : Starting Default search ... :
INFO     : Default search done... : 
INFO     : In replicon NZ_CYAZ01000320.1, there are:
INFO     : - 0 complete integron(s) found with a total 0 attC site(s)
INFO     : - 0 CALIN element(s) found with a total of 0 attC site(s)
INFO     : - 0 In0 element(s) found with a total of 0 attC site
INFO     : Starting search with local_max...:
INFO     : Search with local_max done... :
INFO     : In replicon NZ_CYAZ01000320.1, there are:
INFO     : - 0 complete integron(s) found with a total 0 attC site(s)
INFO     : - 0 CALIN element(s) found with a total of 0 attC site(s)
INFO     : - 0 In0 element(s) found with a total of 0 attC site
INFO     : Writing out results for replicon NZ_CYAZ01000320.1
INFO     : ############ Processing replicon NZ_CYAZ01000321.1 (321/327) ############

INFO     : Starting Default search ... :
INFO     : Default search done... : 
INFO     : In replicon NZ_CYAZ01000321.1, there are:
INFO     : - 0 complete integron(s) found with a total 0 attC site(s)
INFO     : - 0 CALIN element(s) found with a total of 0 attC site(s)
INFO     : - 0 In0 element(s) found with a total of 0 attC site
INFO     : Starting search with local_max...:
INFO     : Search with local_max done... :
INFO     : In replicon NZ_CYAZ01000321.1, there are:
INFO     : - 0 complete integron(s) found with a total 0 attC site(s)
INFO     : - 0 CALIN element(s) found with a total of 0 attC site(s)
INFO     : - 0 In0 element(s) found with a total of 0 attC site
INFO     : Writing out results for replicon NZ_CYAZ01000321.1
INFO     : ############ Processing replicon NZ_CYAZ01000322.1 (322/327) ############

INFO     : Starting Default search ... :
INFO     : Default search done... : 
INFO     : In replicon NZ_CYAZ01000322.1, there are:
INFO     : - 0 complete integron(s) found with a total 0 attC site(s)
INFO     : - 0 CALIN element(s) found with a total of 0 attC site(s)
INFO     : - 0 In0 element(s) found with a total of 0 attC site
INFO     : Starting search with local_max...:
INFO     : Search with local_max done... :
INFO     : In replicon NZ_CYAZ01000322.1, there are:
INFO     : - 0 complete integron(s) found with a total 0 attC site(s)
INFO     : - 0 CALIN element(s) found with a total of 0 attC site(s)
INFO     : - 0 In0 element(s) found with a total of 0 attC site
INFO     : Writing out results for replicon NZ_CYAZ01000322.1
INFO     : ############ Processing replicon NZ_CYAZ01000323.1 (323/327) ############

INFO     : Starting Default search ... :
INFO     : Default search done... : 
INFO     : In replicon NZ_CYAZ01000323.1, there are:
INFO     : - 0 complete integron(s) found with a total 0 attC site(s)
INFO     : - 0 CALIN element(s) found with a total of 0 attC site(s)
INFO     : - 0 In0 element(s) found with a total of 0 attC site
INFO     : Starting search with local_max...:
INFO     : Search with local_max done... :
INFO     : In replicon NZ_CYAZ01000323.1, there are:
INFO     : - 0 complete integron(s) found with a total 0 attC site(s)
INFO     : - 0 CALIN element(s) found with a total of 0 attC site(s)
INFO     : - 0 In0 element(s) found with a total of 0 attC site
INFO     : Writing out results for replicon NZ_CYAZ01000323.1
INFO     : ############ Processing replicon NZ_CYAZ01000324.1 (324/327) ############

INFO     : Starting Default search ... :
INFO     : Default search done... : 
INFO     : In replicon NZ_CYAZ01000324.1, there are:
INFO     : - 0 complete integron(s) found with a total 0 attC site(s)
INFO     : - 0 CALIN element(s) found with a total of 0 attC site(s)
INFO     : - 0 In0 element(s) found with a total of 0 attC site
INFO     : Starting search with local_max...:
INFO     : Search with local_max done... :
INFO     : In replicon NZ_CYAZ01000324.1, there are:
INFO     : - 0 complete integron(s) found with a total 0 attC site(s)
INFO     : - 0 CALIN element(s) found with a total of 0 attC site(s)
INFO     : - 0 In0 element(s) found with a total of 0 attC site
INFO     : Writing out results for replicon NZ_CYAZ01000324.1
INFO     : ############ Processing replicon NZ_CYAZ01000325.1 (325/327) ############

INFO     : Starting Default search ... :
INFO     : Default search done... : 
INFO     : In replicon NZ_CYAZ01000325.1, there are:
INFO     : - 0 complete integron(s) found with a total 0 attC site(s)
INFO     : - 0 CALIN element(s) found with a total of 0 attC site(s)
INFO     : - 0 In0 element(s) found with a total of 0 attC site
INFO     : Starting search with local_max...:
INFO     : Search with local_max done... :
INFO     : In replicon NZ_CYAZ01000325.1, there are:
INFO     : - 0 complete integron(s) found with a total 0 attC site(s)
INFO     : - 0 CALIN element(s) found with a total of 0 attC site(s)
INFO     : - 0 In0 element(s) found with a total of 0 attC site
INFO     : Writing out results for replicon NZ_CYAZ01000325.1
INFO     : ############ Processing replicon NZ_CYAZ01000326.1 (326/327) ############

INFO     : Starting Default search ... :
INFO     : Default search done... : 
INFO     : In replicon NZ_CYAZ01000326.1, there are:
INFO     : - 0 complete integron(s) found with a total 0 attC site(s)
INFO     : - 0 CALIN element(s) found with a total of 0 attC site(s)
INFO     : - 0 In0 element(s) found with a total of 0 attC site
INFO     : Starting search with local_max...:
INFO     : Search with local_max done... :
INFO     : In replicon NZ_CYAZ01000326.1, there are:
INFO     : - 0 complete integron(s) found with a total 0 attC site(s)
INFO     : - 0 CALIN element(s) found with a total of 0 attC site(s)
INFO     : - 0 In0 element(s) found with a total of 0 attC site
INFO     : Writing out results for replicon NZ_CYAZ01000326.1
INFO     : ############ Processing replicon NZ_CYAZ01000327.1 (327/327) ############

INFO     : Starting Default search ... :
INFO     : Default search done... : 
INFO     : In replicon NZ_CYAZ01000327.1, there are:
INFO     : - 0 complete integron(s) found with a total 0 attC site(s)
INFO     : - 0 CALIN element(s) found with a total of 0 attC site(s)
INFO     : - 0 In0 element(s) found with a total of 0 attC site
INFO     : Starting search with local_max...:
INFO     : Search with local_max done... :
INFO     : In replicon NZ_CYAZ01000327.1, there are:
INFO     : - 0 complete integron(s) found with a total 0 attC site(s)
INFO     : - 0 CALIN element(s) found with a total of 0 attC site(s)
INFO     : - 0 In0 element(s) found with a total of 0 attC site
INFO     : Writing out results for replicon NZ_CYAZ01000327.1
INFO     : Merging integrons results.

