Int1_Pc_Pattern	NZ_JPEY01000001.1	97.830	1014	22	0	1	1014	2001507	2000494	0.0	1792
Int1_Pc_Pattern	NZ_JPFG01000004.1	97.830	1014	22	0	1	1014	2589946	2590959	0.0	1792
Int1_Pc_Pattern	NZ_JPFE01000001.1	97.830	1014	22	0	1	1014	2001486	2000473	0.0	1792
Int1_Pc_Pattern	NZ_CP025056.2	97.830	1014	22	0	1	1014	2512526	2511513	0.0	1792
Int1_Pc_Pattern	NZ_CP025055.2	97.830	1014	22	0	1	1014	2512526	2511513	0.0	1792
Int1_Pc_Pattern	NZ_CP025054.1	97.830	1014	22	0	1	1014	47891	46878	0.0	1792
Int1_Pc_Pattern	NZ_CP025052.1	97.830	1014	22	0	1	1014	47891	46878	0.0	1792
Int1_Pc_Pattern	NZ_CP031449.2	97.830	1014	22	0	1	1014	2645320	2646333	0.0	1792
Int1_Pc_Pattern	NZ_CP031449.2	97.830	1014	22	0	1	1014	4854439	4853426	0.0	1792
Int1_Pc_Pattern	NZ_CP031449.2	97.830	1014	22	0	1	1014	5918965	5917952	0.0	1792
Int1_Pc_Pattern	NZ_CP031449.2	96.726	672	22	0	1	672	2636832	2637503	0.0	1160
Int1_Pc_Pattern	NZ_CP031449.2	96.651	657	22	0	1	657	5161083	5161739	0.0	1133
Int1_Pc_Pattern	NZ_NWBW01000070.1	97.830	1014	22	0	1	1014	1216	203	0.0	1792
Int1_Pc_Pattern	NZ_MCMN01000021.1	97.830	1014	22	0	1	1014	7518	6505	0.0	1792
Int1_Pc_Pattern	NZ_NMPW01000040.1	97.830	1014	22	0	1	1014	28962	27949	0.0	1792
Int1_Pc_Pattern	NZ_NMPV01000009.1	97.830	1014	22	0	1	1014	20943	19930	0.0	1792
Int1_Pc_Pattern	NZ_NMPT01000082.1	97.830	1014	22	0	1	1014	28962	27949	0.0	1792
Int1_Pc_Pattern	NZ_CP017293.1	97.830	1014	22	0	1	1014	383462	384475	0.0	1792
Int1_Pc_Pattern	NZ_CP017293.1	97.830	1014	22	0	1	1014	3160934	3159921	0.0	1792
Int1_Pc_Pattern	NZ_CP017293.1	97.830	1014	22	0	1	1014	6205471	6204458	0.0	1792
Int1_Pc_Pattern	NZ_CP017293.1	97.830	1014	22	0	1	1014	6218626	6217613	0.0	1792
Int1_Pc_Pattern	NZ_CP017293.1	92.691	301	22	0	1	301	6230451	6230151	3.71e-131	475
Int1_Pc_Pattern	NZ_NIJE01000146.1	97.830	1014	22	0	1	1014	142	1155	0.0	1792
Int1_Pc_Pattern	NZ_NIJB01000064.1	97.830	1014	22	0	1	1014	24504	25517	0.0	1792
Int1_Pc_Pattern	NZ_NIJB01000026.1	97.830	1014	22	0	1	1014	80782	81795	0.0	1792
Int1_Pc_Pattern	NZ_NIIY01000147.1	97.830	1014	22	0	1	1014	1120	107	0.0	1792
Int1_Pc_Pattern	NZ_NIIX01000094.1	97.830	1014	22	0	1	1014	4242	5255	0.0	1792
Int1_Pc_Pattern	NZ_NIJC01000085.1	97.830	1014	22	0	1	1014	4242	5255	0.0	1792
Int1_Pc_Pattern	NZ_NIJD01000051.1	97.830	1014	22	0	1	1014	34044	35057	0.0	1792
Int1_Pc_Pattern	NZ_NIOS01000062.1	97.830	1014	22	0	1	1014	40483	41496	0.0	1792
Int1_Pc_Pattern	NZ_NIPD01000086.1	97.830	1014	22	0	1	1014	18649	19662	0.0	1792
Int1_Pc_Pattern	NZ_CP021775.1	97.830	1014	22	0	1	1014	2688339	2687326	0.0	1792
Int1_Pc_Pattern	NZ_CP021775.1	97.830	1014	22	0	1	1014	2929882	2928869	0.0	1792
Int1_Pc_Pattern	NZ_CP021775.1	97.830	1014	22	0	1	1014	3662825	3663838	0.0	1792
Int1_Pc_Pattern	NZ_CP021775.1	97.830	1014	22	0	1	1014	3668577	3669590	0.0	1792
Int1_Pc_Pattern	NZ_CP021775.1	97.830	1014	22	0	1	1014	5020881	5021894	0.0	1792
Int1_Pc_Pattern	NZ_CP021775.1	97.830	1014	22	0	1	1014	5037743	5038756	0.0	1792
Int1_Pc_Pattern	NZ_CP021774.1	97.830	1014	22	0	1	1014	6976274	6977287	0.0	1792
Int1_Pc_Pattern	NZ_NBEZ01000075.1	97.830	1014	22	0	1	1014	1120	107	0.0	1792
Int1_Pc_Pattern	NZ_NINO01000017.1	97.830	1014	22	0	1	1014	25235	26248	0.0	1792
Int1_Pc_Pattern	NZ_NINV01000065.1	97.830	1014	22	0	1	1014	5440	6453	0.0	1792
Int1_Pc_Pattern	NZ_NINR01000084.1	97.830	1014	22	0	1	1014	21827	20814	0.0	1792
Int1_Pc_Pattern	NZ_NINP01000004.1	97.830	1014	22	0	1	1014	510690	509677	0.0	1792
Int1_Pc_Pattern	NZ_MWKP01000308.1	97.830	1014	22	0	1	1014	65469	64456	0.0	1792
Int1_Pc_Pattern	NZ_NDFV01000087.1	97.830	1014	22	0	1	1014	4404	5417	0.0	1792
Int1_Pc_Pattern	NZ_NDFQ01000108.1	97.830	1014	22	0	1	1014	1216	203	0.0	1792
Int1_Pc_Pattern	NZ_CP020704.1	97.830	1014	22	0	1	1014	6332093	6333106	0.0	1792
Int1_Pc_Pattern	NZ_CP020704.1	97.830	1014	22	0	1	1014	6337692	6338705	0.0	1792
Int1_Pc_Pattern	NZ_CP020603.1	97.830	1014	22	0	1	1014	2528945	2529958	0.0	1792
Int1_Pc_Pattern	NZ_CP020603.1	97.830	1014	22	0	1	1014	2553260	2552247	0.0	1792
Int1_Pc_Pattern	NZ_CP020603.1	97.830	1014	22	0	1	1014	5359493	5358480	0.0	1792
Int1_Pc_Pattern	NZ_CP016955.1	97.830	1014	22	0	1	1014	2160452	2159439	0.0	1792
Int1_Pc_Pattern	NZ_CP016955.1	97.830	1014	22	0	1	1014	3705883	3706896	0.0	1792
Int1_Pc_Pattern	NZ_MVDK01000065.1	97.830	1014	22	0	1	1014	1455	2468	0.0	1792
Int1_Pc_Pattern	NZ_MPUV01000099.1	97.830	1014	22	0	1	1014	12303	13316	0.0	1792
Int1_Pc_Pattern	NZ_MPVC01000040.1	97.830	1014	22	0	1	1014	1216	203	0.0	1792
Int1_Pc_Pattern	NZ_MPVI01000134.1	97.830	1014	22	0	1	1014	1216	203	0.0	1792
Int1_Pc_Pattern	NZ_MPBV01000001.1	97.830	1014	22	0	1	1014	139593	140606	0.0	1792
Int1_Pc_Pattern	NZ_MPBP01000001.1	97.830	1014	22	0	1	1014	1504362	1503349	0.0	1792
Int1_Pc_Pattern	NZ_MPBP01000001.1	97.732	1014	23	0	1	1014	5360998	5362011	0.0	1786
Int1_Pc_Pattern	NZ_MPBP01000001.1	97.732	1014	23	0	1	1014	5777822	5776809	0.0	1786
Int1_Pc_Pattern	NZ_LZQH01000024.1	97.830	1014	22	0	1	1014	38869	37856	0.0	1792
Int1_Pc_Pattern	NZ_LZQI01000058.1	97.830	1014	22	0	1	1014	4667	5680	0.0	1792
Int1_Pc_Pattern	NZ_CP016215.1	97.830	1014	22	0	1	1014	55642	54629	0.0	1792
Int1_Pc_Pattern	NZ_CP016215.1	97.627	927	22	0	1	927	97831	98757	0.0	1631
Int1_Pc_Pattern	NZ_CP016215.1	100.000	90	0	0	925	1014	99372	99461	2.54e-38	167
Int1_Pc_Pattern	NZ_LRYR01000014.1	97.830	1014	22	0	1	1014	19407	20420	0.0	1792
Int1_Pc_Pattern	NZ_LRYE01000021.1	97.830	1014	22	0	1	1014	1510	2523	0.0	1792
Int1_Pc_Pattern	NZ_LRYH01000029.1	97.830	1014	22	0	1	1014	1510	2523	0.0	1792
Int1_Pc_Pattern	NZ_AP014651.1	97.830	1014	22	0	1	1014	327335	328348	0.0	1792
Int1_Pc_Pattern	NZ_AP014651.1	97.830	1014	22	0	1	1014	5292129	5291116	0.0	1792
Int1_Pc_Pattern	NZ_AP014651.1	92.691	301	22	0	1	301	317059	317359	3.71e-131	475
Int1_Pc_Pattern	NZ_AP014651.1	92.691	301	22	0	1	301	5302016	5301716	3.71e-131	475
Int1_Pc_Pattern	NZ_LLVG01000085.1	97.830	1014	22	0	1	1014	11708	10695	0.0	1792
Int1_Pc_Pattern	NZ_LLUS01000093.1	97.830	1014	22	0	1	1014	186019	185006	0.0	1792
Int1_Pc_Pattern	NZ_LLUN01000040.1	97.830	1014	22	0	1	1014	3380	2367	0.0	1792
Int1_Pc_Pattern	NZ_LLUE01000001.1	97.830	1014	22	0	1	1014	137300	136287	0.0	1792
Int1_Pc_Pattern	NZ_LLSZ01000098.1	97.830	1014	22	0	1	1014	7175	8188	0.0	1792
Int1_Pc_Pattern	NZ_LLSV01000122.1	97.830	1014	22	0	1	1014	1216	203	0.0	1792
Int1_Pc_Pattern	NZ_LLPY01000042.1	97.830	1014	22	0	1	1014	3318	4331	0.0	1792
Int1_Pc_Pattern	NZ_LLTV01000026.1	97.830	1014	22	0	1	1014	1871	2884	0.0	1792
Int1_Pc_Pattern	NZ_LLTF01000253.1	97.830	1014	22	0	1	1014	30012	28999	0.0	1792
Int1_Pc_Pattern	NZ_LLSU01000002.1	97.830	1014	22	0	1	1014	176469	175456	0.0	1792
Int1_Pc_Pattern	NZ_LLSO01000031.1	97.830	1014	22	0	1	1014	67107	68120	0.0	1792
Int1_Pc_Pattern	NZ_LLSF01000116.1	97.830	1014	22	0	1	1014	1216	203	0.0	1792
Int1_Pc_Pattern	NZ_LLRW01000103.1	97.830	1014	22	0	1	1014	1216	203	0.0	1792
Int1_Pc_Pattern	NZ_LLRQ01000057.1	97.830	1014	22	0	1	1014	4802	5815	0.0	1792
Int1_Pc_Pattern	NZ_LLRP01000070.1	97.830	1014	22	0	1	1014	8127	9140	0.0	1792
Int1_Pc_Pattern	NZ_LLRN01000075.1	97.830	1014	22	0	1	1014	1216	203	0.0	1792
Int1_Pc_Pattern	NZ_LLOM01000076.1	97.830	1014	22	0	1	1014	41923	40910	0.0	1792
Int1_Pc_Pattern	NZ_LLPC01000039.1	97.830	1014	22	0	1	1014	2661	1648	0.0	1792
Int1_Pc_Pattern	NZ_LLOT01000027.1	97.830	1014	22	0	1	1014	1354	341	0.0	1792
Int1_Pc_Pattern	NZ_LLOP01000029.1	97.830	1014	22	0	1	1014	162817	161804	0.0	1792
Int1_Pc_Pattern	NZ_LLOL01000031.1	97.830	1014	22	0	1	1014	5249	6262	0.0	1792
Int1_Pc_Pattern	NZ_LLNR01000086.1	97.830	1014	22	0	1	1014	5197	6210	0.0	1792
Int1_Pc_Pattern	NZ_LLMV01000041.1	97.830	1014	22	0	1	1014	6022	7035	0.0	1792
Int1_Pc_Pattern	NZ_LLMC01000013.1	97.830	1014	22	0	1	1014	183258	182245	0.0	1792
Int1_Pc_Pattern	NZ_LLMD01000002.1	97.830	1014	22	0	1	1014	71404	72417	0.0	1792
Int1_Pc_Pattern	NZ_LLMA01000078.1	97.830	1014	22	0	1	1014	183258	182245	0.0	1792
Int1_Pc_Pattern	NZ_LLLB01000019.1	97.830	1014	22	0	1	1014	75009	76022	0.0	1792
Int1_Pc_Pattern	NZ_CVWL01000379.1	97.830	1014	22	0	1	1014	5305	4292	0.0	1792
Int1_Pc_Pattern	NZ_CWFH01000038.1	97.830	1014	22	0	1	1014	3052	2039	0.0	1792
Int1_Pc_Pattern	NZ_CWEO01000045.1	97.830	1014	22	0	1	1014	5305	4292	0.0	1792
Int1_Pc_Pattern	NZ_CWFQ01000397.1	97.830	1014	22	0	1	1014	30657	31670	0.0	1792
Int1_Pc_Pattern	NZ_CVXB01000200.1	97.830	1014	22	0	1	1014	5305	4292	0.0	1792
Int1_Pc_Pattern	NZ_CVXA01000137.1	97.830	1014	22	0	1	1014	52739	53752	0.0	1792
Int1_Pc_Pattern	NZ_CVXH01000194.1	97.830	1014	22	0	1	1014	5305	4292	0.0	1792
Int1_Pc_Pattern	NZ_CVXC01000004.1	97.830	1014	22	0	1	1014	8816	9829	0.0	1792
Int1_Pc_Pattern	NZ_CWGG01000178.1	97.830	1014	22	0	1	1014	8816	9829	0.0	1792
Int1_Pc_Pattern	NZ_CVVQ01000021.1	97.830	1014	22	0	1	1014	5305	4292	0.0	1792
Int1_Pc_Pattern	NZ_CVVM01000189.1	97.830	1014	22	0	1	1014	5305	4292	0.0	1792
Int1_Pc_Pattern	NZ_CVXL01000023.1	97.830	1014	22	0	1	1014	5305	4292	0.0	1792
Int1_Pc_Pattern	NZ_CVWV01000016.1	97.830	1014	22	0	1	1014	9731	10744	0.0	1792
Int1_Pc_Pattern	NZ_CVWB01000082.1	97.830	1014	22	0	1	1014	7135	8148	0.0	1792
Int1_Pc_Pattern	NZ_CVWI01000150.1	97.830	1014	22	0	1	1014	5305	4292	0.0	1792
Int1_Pc_Pattern	NZ_CVWJ01000176.1	97.830	1014	22	0	1	1014	8816	9829	0.0	1792
Int1_Pc_Pattern	NZ_CVWH01000168.1	97.830	1014	22	0	1	1014	8816	9829	0.0	1792
Int1_Pc_Pattern	NZ_CVUT01000183.1	97.830	1014	22	0	1	1014	8816	9829	0.0	1792
Int1_Pc_Pattern	NZ_CVUJ01000189.1	97.830	1014	22	0	1	1014	191	1204	0.0	1792
Int1_Pc_Pattern	NZ_CVVG01000173.1	97.830	1014	22	0	1	1014	5305	4292	0.0	1792
Int1_Pc_Pattern	NZ_CVUQ01000007.1	97.830	1014	22	0	1	1014	5305	4292	0.0	1792
Int1_Pc_Pattern	NZ_CVVL01000201.1	97.830	1014	22	0	1	1014	8816	9829	0.0	1792
Int1_Pc_Pattern	NZ_CVUU01000071.1	97.830	1014	22	0	1	1014	1216	203	0.0	1792
Int1_Pc_Pattern	NZ_CVVI01000139.1	97.830	1014	22	0	1	1014	46037	47050	0.0	1792
Int1_Pc_Pattern	NZ_CVVE01000152.1	97.830	1014	22	0	1	1014	5305	4292	0.0	1792
Int1_Pc_Pattern	NZ_CVVU01000104.1	97.830	1014	22	0	1	1014	1217	204	0.0	1792
Int1_Pc_Pattern	NZ_CVUV01000040.1	97.830	1014	22	0	1	1014	700	1713	0.0	1792
Int1_Pc_Pattern	NZ_CVVD01000223.1	97.830	1014	22	0	1	1014	8816	9829	0.0	1792
Int1_Pc_Pattern	NZ_CVVW01000052.1	97.830	1014	22	0	1	1014	8990	7977	0.0	1792
Int1_Pc_Pattern	NZ_CVVH01000001.1	97.830	1014	22	0	1	1014	713	1726	0.0	1792
Int1_Pc_Pattern	NZ_CVVA01000133.1	97.830	1014	22	0	1	1014	8816	9829	0.0	1792
Int1_Pc_Pattern	NZ_CWEU01000102.1	97.830	1014	22	0	1	1014	1216	203	0.0	1792
Int1_Pc_Pattern	NZ_CWET01000075.1	97.830	1014	22	0	1	1014	191	1204	0.0	1792
Int1_Pc_Pattern	NZ_CVXP01000032.1	97.830	1014	22	0	1	1014	8816	9829	0.0	1792
Int1_Pc_Pattern	NZ_CWFP01000391.1	97.830	1014	22	0	1	1014	22476	23489	0.0	1792
Int1_Pc_Pattern	NZ_CVUZ01000128.1	97.830	1014	22	0	1	1014	191	1204	0.0	1792
Int1_Pc_Pattern	NZ_CVWS01000200.1	97.830	1014	22	0	1	1014	191	1204	0.0	1792
Int1_Pc_Pattern	NZ_CVVV01000085.1	97.830	1014	22	0	1	1014	191	1204	0.0	1792
Int1_Pc_Pattern	NZ_CVWC01000363.1	97.830	1014	22	0	1	1014	2729	1716	0.0	1792
Int1_Pc_Pattern	NZ_CVUY01000246.1	97.830	1014	22	0	1	1014	103799	102786	0.0	1792
Int1_Pc_Pattern	NZ_LFMT01000001.1	97.830	1014	22	0	1	1014	3961848	3960835	0.0	1792
Int1_Pc_Pattern	NZ_LFMT01000001.1	97.830	1014	22	0	1	1014	6565163	6564150	0.0	1792
Int1_Pc_Pattern	NZ_LFMQ01000021.1	97.830	1014	22	0	1	1014	850423	851436	0.0	1792
Int1_Pc_Pattern	NZ_LFMO01000007.1	97.830	1014	22	0	1	1014	2600575	2601588	0.0	1792
Int1_Pc_Pattern	NZ_LFMU01000010.1	97.830	1014	22	0	1	1014	2553997	2552984	0.0	1792
Int1_Pc_Pattern	NZ_LFMU01000010.1	97.830	1014	22	0	1	1014	5151406	5150393	0.0	1792
Int1_Pc_Pattern	NZ_JUMF01000823.1	97.830	1014	22	0	1	1014	1966	2979	0.0	1792
Int1_Pc_Pattern	NZ_JNHD01000009.1	97.830	1014	22	0	1	1014	30640	31653	0.0	1792
Int1_Pc_Pattern	NZ_CP036321.1	97.830	1014	22	0	1	1014	34503	33490	0.0	1792
Int1_Pc_Pattern	NZ_MVPH01000098.1	97.830	1014	22	0	1	1014	5253	6266	0.0	1792
Int1_Pc_Pattern	NZ_NQLO01000116.1	97.830	1014	22	0	1	1014	140	1153	0.0	1792
Int1_Pc_Pattern	NZ_NIAS01000028.1	97.830	1014	22	0	1	1014	141	1154	0.0	1792
Int1_Pc_Pattern	NZ_NIAP01000242.1	97.830	1014	22	0	1	1014	40	1053	0.0	1792
Int1_Pc_Pattern	NZ_NIAT01000039.1	97.830	1014	22	0	1	1014	128	1141	0.0	1792
Int1_Pc_Pattern	NZ_NIAM01000475.1	97.830	1014	22	0	1	1014	1580	567	0.0	1792
Int1_Pc_Pattern	NZ_NIAF01000134.1	97.830	1014	22	0	1	1014	1217	204	0.0	1792
Int1_Pc_Pattern	NZ_NIAD01000195.1	97.830	1014	22	0	1	1014	140	1153	0.0	1792
Int1_Pc_Pattern	NZ_NIAA01000119.1	97.830	1014	22	0	1	1014	7162	6149	0.0	1792
Int1_Pc_Pattern	NZ_NIAJ01000032.1	97.830	1014	22	0	1	1014	7162	6149	0.0	1792
Int1_Pc_Pattern	NZ_NIAI01000817.1	97.830	1014	22	0	1	1014	1915	2928	0.0	1792
Int1_Pc_Pattern	NZ_NIAH01000006.1	97.830	1014	22	0	1	1014	2507	1494	0.0	1792
Int1_Pc_Pattern	NZ_NIAC01000276.1	97.830	1014	22	0	1	1014	1217	204	0.0	1792
Int1_Pc_Pattern	NZ_NPHA01000061.1	97.830	1014	22	0	1	1014	1223	210	0.0	1792
Int1_Pc_Pattern	NZ_NPGP01000036.1	97.830	1014	22	0	1	1014	9598	10611	0.0	1792
Int1_Pc_Pattern	NZ_NLDV01000067.1	97.830	1014	22	0	1	1014	1559	546	0.0	1792
Int1_Pc_Pattern	NZ_CP028804.2	97.830	1014	22	0	1	1014	257343	256330	0.0	1792
Int1_Pc_Pattern	NZ_CP036363.1	97.830	1014	22	0	1	1014	3684	2671	0.0	1792
Int1_Pc_Pattern	NZ_NIHK01000058.1	97.830	1014	22	0	1	1014	1516	503	0.0	1792
Int1_Pc_Pattern	NZ_NIUJ01000044.1	97.830	1014	22	0	1	1014	1573	560	0.0	1792
Int1_Pc_Pattern	NZ_NBIK01000064.1	97.830	1014	22	0	1	1014	189	1202	0.0	1792
Int1_Pc_Pattern	NZ_NGYF01000191.1	97.830	1014	22	0	1	1014	7498	6485	0.0	1792
Int1_Pc_Pattern	NZ_NGYQ01000095.1	97.830	1014	22	0	1	1014	141	1154	0.0	1792
Int1_Pc_Pattern	NZ_NGYK01000072.1	97.830	1014	22	0	1	1014	141	1154	0.0	1792
Int1_Pc_Pattern	NZ_NGWM01000031.1	97.830	1014	22	0	1	1014	141	1154	0.0	1792
Int1_Pc_Pattern	NZ_NGYY01000045.1	97.830	1014	22	0	1	1014	141	1154	0.0	1792
Int1_Pc_Pattern	NZ_NGXS01000039.1	97.830	1014	22	0	1	1014	11272	10259	0.0	1792
Int1_Pc_Pattern	NZ_NGXG01000112.1	97.830	1014	22	0	1	1014	9917	10930	0.0	1792
Int1_Pc_Pattern	NZ_NGWY01000047.1	97.830	1014	22	0	1	1014	3491	4504	0.0	1792
Int1_Pc_Pattern	NZ_NGWX01000059.1	97.830	1014	22	0	1	1014	5635	6648	0.0	1792
Int1_Pc_Pattern	NZ_NMQM01000068.1	97.830	1014	22	0	1	1014	1563	550	0.0	1792
Int1_Pc_Pattern	NZ_NMQL01000067.1	97.830	1014	22	0	1	1014	827	1840	0.0	1792
Int1_Pc_Pattern	NZ_CP022126.1	97.830	1014	22	0	1	1014	8851	9864	0.0	1792
Int1_Pc_Pattern	NZ_NIZI01000151.1	97.830	1014	22	0	1	1014	1980	2993	0.0	1792
Int1_Pc_Pattern	NZ_CP021941.1	97.830	1014	22	0	1	1014	38338	39351	0.0	1792
Int1_Pc_Pattern	NZ_CP021835.1	97.830	1014	22	0	1	1014	162009	163022	0.0	1792
Int1_Pc_Pattern	NZ_CP021834.1	97.830	1014	22	0	1	1014	145259	146272	0.0	1792
Int1_Pc_Pattern	NZ_CP021761.1	97.830	1014	22	0	1	1014	32632	31619	0.0	1792
Int1_Pc_Pattern	NZ_CP021761.1	95.056	445	22	0	1	445	60824	61268	0.0	741
Int1_Pc_Pattern	NZ_CP021758.1	97.830	1014	22	0	1	1014	13502	12489	0.0	1792
Int1_Pc_Pattern	NZ_CP021742.1	97.830	1014	22	0	1	1014	15165	16178	0.0	1792
Int1_Pc_Pattern	NZ_CP021741.1	97.830	1014	22	0	1	1014	63687	62674	0.0	1792
Int1_Pc_Pattern	NZ_MSZF01000082.1	97.830	1014	22	0	1	1014	2495	1482	0.0	1792
Int1_Pc_Pattern	NZ_MSZE01000069.1	97.830	1014	22	0	1	1014	1513	500	0.0	1792
Int1_Pc_Pattern	NZ_MSZD01000129.1	97.830	1014	22	0	1	1014	1095	2108	0.0	1792
Int1_Pc_Pattern	NZ_MSYX01000063.1	97.830	1014	22	0	1	1014	1704	691	0.0	1792
Int1_Pc_Pattern	NZ_MSZC01000126.1	97.830	1014	22	0	1	1014	1704	691	0.0	1792
Int1_Pc_Pattern	NZ_NFYG01000063.1	97.830	1014	22	0	1	1014	140	1153	0.0	1792
Int1_Pc_Pattern	NZ_NFXR01000052.1	97.830	1014	22	0	1	1014	1152	2165	0.0	1792
Int1_Pc_Pattern	NZ_NFWM01000035.1	97.830	1014	22	0	1	1014	1634	621	0.0	1792
Int1_Pc_Pattern	NZ_NFWE01000078.1	97.830	1014	22	0	1	1014	1152	2165	0.0	1792
Int1_Pc_Pattern	NZ_NFWA01000027.1	97.830	1014	22	0	1	1014	1071	2084	0.0	1792
Int1_Pc_Pattern	NZ_NFWC01000053.1	97.830	1014	22	0	1	1014	1212	2225	0.0	1792
Int1_Pc_Pattern	NZ_NFYS01000060.1	97.830	1014	22	0	1	1014	6109	7122	0.0	1792
Int1_Pc_Pattern	NZ_NFYD01000062.1	97.830	1014	22	0	1	1014	1152	2165	0.0	1792
Int1_Pc_Pattern	NZ_NFXP01000032.1	97.830	1014	22	0	1	1014	1543	530	0.0	1792
Int1_Pc_Pattern	NZ_NFXO01000054.1	97.830	1014	22	0	1	1014	1329	316	0.0	1792
Int1_Pc_Pattern	NZ_NFXN01000041.1	97.830	1014	22	0	1	1014	1564	551	0.0	1792
Int1_Pc_Pattern	NZ_NFXM01000024.1	97.830	1014	22	0	1	1014	14001	15014	0.0	1792
Int1_Pc_Pattern	NZ_NFXJ01000037.1	97.830	1014	22	0	1	1014	6109	7122	0.0	1792
Int1_Pc_Pattern	NZ_NFXH01000038.1	97.830	1014	22	0	1	1014	2905	1892	0.0	1792
Int1_Pc_Pattern	NZ_NFWW01000057.1	97.830	1014	22	0	1	1014	6109	7122	0.0	1792
Int1_Pc_Pattern	NZ_NFWT01000031.1	97.830	1014	22	0	1	1014	1216	203	0.0	1792
Int1_Pc_Pattern	NZ_NFWS01000038.1	97.830	1014	22	0	1	1014	1216	203	0.0	1792
Int1_Pc_Pattern	NZ_NFWP01000039.1	97.830	1014	22	0	1	1014	2501	1488	0.0	1792
Int1_Pc_Pattern	NZ_NFWH01000106.1	97.830	1014	22	0	1	1014	6109	7122	0.0	1792
Int1_Pc_Pattern	NZ_NFWD01000020.1	97.830	1014	22	0	1	1014	1071	2084	0.0	1792
Int1_Pc_Pattern	NZ_NFVY01000022.1	97.830	1014	22	0	1	1014	6109	7122	0.0	1792
Int1_Pc_Pattern	NZ_NFVZ01000057.1	97.830	1014	22	0	1	1014	1212	2225	0.0	1792
Int1_Pc_Pattern	NZ_NFVN01000054.1	97.830	1014	22	0	1	1014	1216	203	0.0	1792
Int1_Pc_Pattern	NZ_NFVO01000071.1	97.830	1014	22	0	1	1014	1362	349	0.0	1792
Int1_Pc_Pattern	NZ_NFVG01000029.1	97.830	1014	22	0	1	1014	1172	159	0.0	1792
Int1_Pc_Pattern	NZ_NFVF01000029.1	97.830	1014	22	0	1	1014	6109	7122	0.0	1792
Int1_Pc_Pattern	NZ_NFBX02000032.1	97.830	1014	22	0	1	1014	9548	10561	0.0	1792
Int1_Pc_Pattern	NZ_NFBY02000131.1	97.830	1014	22	0	1	1014	1512	499	0.0	1792
Int1_Pc_Pattern	NZ_NFBT02000007.1	97.830	1014	22	0	1	1014	9548	10561	0.0	1792
Int1_Pc_Pattern	NZ_NFBH02000025.1	97.830	1014	22	0	1	1014	1512	499	0.0	1792
Int1_Pc_Pattern	NZ_NFBC02000066.1	97.830	1014	22	0	1	1014	5309	6322	0.0	1792
Int1_Pc_Pattern	NZ_NFAW02000099.1	97.830	1014	22	0	1	1014	9548	10561	0.0	1792
Int1_Pc_Pattern	NZ_NFAJ02000035.1	97.830	1014	22	0	1	1014	6667	5654	0.0	1792
Int1_Pc_Pattern	NZ_NFAC02000114.1	97.830	1014	22	0	1	1014	6667	5654	0.0	1792
Int1_Pc_Pattern	NZ_NEZH02000112.1	97.830	1014	22	0	1	1014	9548	10561	0.0	1792
Int1_Pc_Pattern	NZ_NFCB02000038.1	97.830	1014	22	0	1	1014	9538	10551	0.0	1792
Int1_Pc_Pattern	NZ_NFCA02000009.1	97.830	1014	22	0	1	1014	6667	5654	0.0	1792
Int1_Pc_Pattern	NZ_NFBZ02000115.1	97.830	1014	22	0	1	1014	4242	5255	0.0	1792
Int1_Pc_Pattern	NZ_NFBU02000045.1	97.830	1014	22	0	1	1014	9548	10561	0.0	1792
Int1_Pc_Pattern	NZ_NFBE02000010.1	97.830	1014	22	0	1	1014	4990	3977	0.0	1792
Int1_Pc_Pattern	NZ_NFAU02000020.1	97.830	1014	22	0	1	1014	1634	621	0.0	1792
Int1_Pc_Pattern	NZ_NFAF02000092.1	97.830	1014	22	0	1	1014	9548	10561	0.0	1792
Int1_Pc_Pattern	NZ_NEZQ02000081.1	97.830	1014	22	0	1	1014	1216	203	0.0	1792
Int1_Pc_Pattern	NZ_NEZL02000106.1	97.830	1014	22	0	1	1014	9652	10665	0.0	1792
Int1_Pc_Pattern	NZ_NEZF02000030.1	97.830	1014	22	0	1	1014	9652	10665	0.0	1792
Int1_Pc_Pattern	NZ_NFBW02000005.1	97.830	1014	22	0	1	1014	9548	10561	0.0	1792
Int1_Pc_Pattern	NZ_NFBS02000088.1	97.830	1014	22	0	1	1014	10269	11282	0.0	1792
Int1_Pc_Pattern	NZ_NFBP02000055.1	97.830	1014	22	0	1	1014	6667	5654	0.0	1792
Int1_Pc_Pattern	NZ_NFBI02000112.1	97.830	1014	22	0	1	1014	9548	10561	0.0	1792
Int1_Pc_Pattern	NZ_NEZZ02000099.1	97.830	1014	22	0	1	1014	1580	567	0.0	1792
Int1_Pc_Pattern	NZ_NEZU02000131.1	97.830	1014	22	0	1	1014	11982	10969	0.0	1792
Int1_Pc_Pattern	NZ_NEZS02000010.1	97.830	1014	22	0	1	1014	9548	10561	0.0	1792
Int1_Pc_Pattern	NZ_NEZO02000086.1	97.830	1014	22	0	1	1014	9548	10561	0.0	1792
Int1_Pc_Pattern	NZ_NEYL02000126.1	97.830	1014	22	0	1	1014	1218	205	0.0	1792
Int1_Pc_Pattern	NZ_NEYM02000081.1	97.830	1014	22	0	1	1014	9548	10561	0.0	1792
Int1_Pc_Pattern	NZ_NEYI02000029.1	97.830	1014	22	0	1	1014	73799	72786	0.0	1792
Int1_Pc_Pattern	NZ_NEYK02000047.1	97.830	1014	22	0	1	1014	5309	4296	0.0	1792
Int1_Pc_Pattern	NZ_NDEU01000101.1	97.830	1014	22	0	1	1014	9548	10561	0.0	1792
Int1_Pc_Pattern	NZ_NDEP01000050.1	97.830	1014	22	0	1	1014	2055	1042	0.0	1792
Int1_Pc_Pattern	NZ_NDDW01000006.1	97.830	1014	22	0	1	1014	9548	10561	0.0	1792
Int1_Pc_Pattern	NZ_NDCT01000045.1	97.830	1014	22	0	1	1014	9548	10561	0.0	1792
Int1_Pc_Pattern	NZ_NDCQ01000100.1	97.830	1014	22	0	1	1014	9548	10561	0.0	1792
Int1_Pc_Pattern	NZ_NDCK01000016.1	97.830	1014	22	0	1	1014	41425	40412	0.0	1792
Int1_Pc_Pattern	NZ_NDEA01000076.1	97.830	1014	22	0	1	1014	1580	567	0.0	1792
Int1_Pc_Pattern	NZ_NDDR01000013.1	97.830	1014	22	0	1	1014	141	1154	0.0	1792
Int1_Pc_Pattern	NZ_NDDL01000073.1	97.830	1014	22	0	1	1014	6588	7601	0.0	1792
Int1_Pc_Pattern	NZ_NDCX01000104.1	97.830	1014	22	0	1	1014	6826	5813	0.0	1792
Int1_Pc_Pattern	NZ_NDCW01000113.1	97.830	1014	22	0	1	1014	41425	40412	0.0	1792
Int1_Pc_Pattern	NZ_NDCN01000091.1	97.830	1014	22	0	1	1014	41425	40412	0.0	1792
Int1_Pc_Pattern	NZ_NDCI01000101.1	97.830	1014	22	0	1	1014	9548	10561	0.0	1792
Int1_Pc_Pattern	NZ_NDCH01000096.1	97.830	1014	22	0	1	1014	9548	10561	0.0	1792
Int1_Pc_Pattern	NZ_NDCD01000170.1	97.830	1014	22	0	1	1014	2748	1735	0.0	1792
Int1_Pc_Pattern	NZ_NDBX01000109.1	97.830	1014	22	0	1	1014	1660	647	0.0	1792
Int1_Pc_Pattern	NZ_NDBN01000107.1	97.830	1014	22	0	1	1014	9548	10561	0.0	1792
Int1_Pc_Pattern	NZ_CP021713.1	97.830	1014	22	0	1	1014	181566	182579	0.0	1792
Int1_Pc_Pattern	NZ_CP021688.1	97.830	1014	22	0	1	1014	35457	36470	0.0	1792
Int1_Pc_Pattern	NZ_CP021540.1	97.830	1014	22	0	1	1014	66399	67412	0.0	1792
Int1_Pc_Pattern	NZ_MOSS01000122.1	97.830	1014	22	0	1	1014	1600	2613	0.0	1792
Int1_Pc_Pattern	NZ_MQUZ01000065.1	97.830	1014	22	0	1	1014	5170	6183	0.0	1792
Int1_Pc_Pattern	NZ_MQUW01000070.1	97.830	1014	22	0	1	1014	1338	325	0.0	1792
Int1_Pc_Pattern	NZ_MQUT01000075.1	97.830	1014	22	0	1	1014	5077	6090	0.0	1792
Int1_Pc_Pattern	NZ_MQUU01000043.1	97.830	1014	22	0	1	1014	5530	6543	0.0	1792
Int1_Pc_Pattern	NZ_MRBE01000054.1	97.830	1014	22	0	1	1014	5229	6242	0.0	1792
Int1_Pc_Pattern	NZ_CP031717.1	97.830	1014	22	0	1	1014	15929	16942	0.0	1792
Int1_Pc_Pattern	NZ_CP043350.1	97.830	1014	22	0	1	1014	72222	71209	0.0	1792
Int1_Pc_Pattern	NZ_CP043349.1	97.830	1014	22	0	1	1014	118981	119994	0.0	1792
Int1_Pc_Pattern	NZ_NDIS01000025.1	97.830	1014	22	0	1	1014	9548	10561	0.0	1792
Int1_Pc_Pattern	NZ_CP020856.1	97.830	1014	22	0	1	1014	60650	61663	0.0	1792
Int1_Pc_Pattern	NZ_CP020854.1	97.830	1014	22	0	1	1014	94826	95839	0.0	1792
Int1_Pc_Pattern	NZ_CP020854.1	97.830	1014	22	0	1	1014	226011	227024	0.0	1792
Int1_Pc_Pattern	NZ_CP020842.1	97.830	1014	22	0	1	1014	101210	102223	0.0	1792
Int1_Pc_Pattern	NZ_MUDD01000023.1	97.830	1014	22	0	1	1014	71049	70036	0.0	1792
Int1_Pc_Pattern	NZ_NBYZ01000084.1	97.830	1014	22	0	1	1014	1553	540	0.0	1792
Int1_Pc_Pattern	NZ_MZZV01000262.1	97.830	1014	22	0	1	1014	2181	3194	0.0	1792
Int1_Pc_Pattern	NZ_MZZX01000319.1	97.830	1014	22	0	1	1014	116	1129	0.0	1792
Int1_Pc_Pattern	NZ_MZZT01000344.1	97.830	1014	22	0	1	1014	1236	223	0.0	1792
Int1_Pc_Pattern	NZ_MZZS01000258.1	97.830	1014	22	0	1	1014	239	1252	0.0	1792
Int1_Pc_Pattern	NZ_MRYM02000086.1	97.830	1014	22	0	1	1014	1374	361	0.0	1792
Int1_Pc_Pattern	NZ_CP015386.1	97.830	1014	22	0	1	1014	89360	90373	0.0	1792
Int1_Pc_Pattern	NZ_CP015385.1	97.830	1014	22	0	1	1014	3030497	3031510	0.0	1792
Int1_Pc_Pattern	NZ_CP015383.1	97.830	1014	22	0	1	1014	15884	16897	0.0	1792
Int1_Pc_Pattern	NZ_BDLH01000076.1	97.830	1014	22	0	1	1014	6128	7141	0.0	1792
Int1_Pc_Pattern	NZ_MPJA01000066.1	97.830	1014	22	0	1	1014	2505	1492	0.0	1792
Int1_Pc_Pattern	NZ_MRWC01000010.1	97.830	1014	22	0	1	1014	1623	610	0.0	1792
Int1_Pc_Pattern	NZ_MPYC04000053.1	97.830	1014	22	0	1	1014	11554	12567	0.0	1792
Int1_Pc_Pattern	NZ_MPYE04000047.1	97.830	1014	22	0	1	1014	9548	10561	0.0	1792
Int1_Pc_Pattern	NZ_MPYD04000081.1	97.830	1014	22	0	1	1014	4242	5255	0.0	1792
Int1_Pc_Pattern	NZ_MPZI04000025.1	97.830	1014	22	0	1	1014	9548	10561	0.0	1792
Int1_Pc_Pattern	NZ_MPZG04000090.1	97.830	1014	22	0	1	1014	55510	54497	0.0	1792
Int1_Pc_Pattern	NZ_MPZD04000116.1	97.830	1014	22	0	1	1014	11982	10969	0.0	1792
Int1_Pc_Pattern	NZ_MPYF04000001.1	97.830	1014	22	0	1	1014	1580	567	0.0	1792
Int1_Pc_Pattern	NZ_MPYN04000091.1	97.830	1014	22	0	1	1014	9548	10561	0.0	1792
Int1_Pc_Pattern	NZ_MPYP04000049.1	97.830	1014	22	0	1	1014	1580	567	0.0	1792
Int1_Pc_Pattern	NZ_MPXP04000027.1	97.830	1014	22	0	1	1014	118	1131	0.0	1792
Int1_Pc_Pattern	NZ_MPXV04000031.1	97.830	1014	22	0	1	1014	6667	5654	0.0	1792
Int1_Pc_Pattern	NZ_MPZE04000019.1	97.830	1014	22	0	1	1014	6667	5654	0.0	1792
Int1_Pc_Pattern	NZ_MPZJ04000021.1	97.830	1014	22	0	1	1014	9548	10561	0.0	1792
Int1_Pc_Pattern	NZ_MPYL04000055.1	97.830	1014	22	0	1	1014	1216	203	0.0	1792
Int1_Pc_Pattern	NZ_MPYR04000040.1	97.830	1014	22	0	1	1014	1580	567	0.0	1792
Int1_Pc_Pattern	NZ_MPYG04000222.1	97.830	1014	22	0	1	1014	9548	10561	0.0	1792
Int1_Pc_Pattern	NZ_MPYH04000070.1	97.830	1014	22	0	1	1014	59136	58123	0.0	1792
Int1_Pc_Pattern	NZ_MPWM04000010.1	97.830	1014	22	0	1	1014	1512	499	0.0	1792
Int1_Pc_Pattern	NZ_MPWQ04000122.1	97.830	1014	22	0	1	1014	1512	499	0.0	1792
Int1_Pc_Pattern	NZ_MPWX04000070.1	97.830	1014	22	0	1	1014	4242	5255	0.0	1792
Int1_Pc_Pattern	NZ_MPWT04000044.1	97.830	1014	22	0	1	1014	59137	58124	0.0	1792
Int1_Pc_Pattern	NZ_MPWZ04000025.1	97.830	1014	22	0	1	1014	9652	10665	0.0	1792
Int1_Pc_Pattern	NZ_MPXD04000017.1	97.830	1014	22	0	1	1014	890	1903	0.0	1792
Int1_Pc_Pattern	NZ_MPXJ04000106.1	97.830	1014	22	0	1	1014	9548	10561	0.0	1792
Int1_Pc_Pattern	NZ_MPWG04000009.1	97.830	1014	22	0	1	1014	4242	5255	0.0	1792
Int1_Pc_Pattern	NZ_MPWP04000094.1	97.830	1014	22	0	1	1014	1217	204	0.0	1792
Int1_Pc_Pattern	NZ_MPXA04000051.1	97.830	1014	22	0	1	1014	9586	10599	0.0	1792
Int1_Pc_Pattern	NZ_MPXB04000099.1	97.830	1014	22	0	1	1014	9548	10561	0.0	1792
Int1_Pc_Pattern	NZ_MPXG04000018.1	97.830	1014	22	0	1	1014	9548	10561	0.0	1792
Int1_Pc_Pattern	NZ_MPXN04000075.1	97.830	1014	22	0	1	1014	9548	10561	0.0	1792
Int1_Pc_Pattern	NZ_MPWF04000032.1	97.830	1014	22	0	1	1014	7018	8031	0.0	1792
Int1_Pc_Pattern	NZ_MPWE04000045.1	97.830	1014	22	0	1	1014	9548	10561	0.0	1792
Int1_Pc_Pattern	NZ_CP018451.1	97.830	1014	22	0	1	1014	29312	28299	0.0	1792
Int1_Pc_Pattern	NZ_CP018451.1	97.830	1014	22	0	1	1014	84416	83403	0.0	1792
Int1_Pc_Pattern	NZ_CP018448.1	97.830	1014	22	0	1	1014	33527	34540	0.0	1792
Int1_Pc_Pattern	NZ_CP018448.1	97.830	1014	22	0	1	1014	69107	70120	0.0	1792
Int1_Pc_Pattern	NZ_CP018442.1	97.830	1014	22	0	1	1014	20035	21048	0.0	1792
Int1_Pc_Pattern	NZ_CP018442.1	100.000	81	0	0	934	1014	22920	23000	2.56e-33	150
Int1_Pc_Pattern	NZ_CP018434.1	97.830	1014	22	0	1	1014	9714	8701	0.0	1792
Int1_Pc_Pattern	NZ_CP018430.1	97.830	1014	22	0	1	1014	9714	8701	0.0	1792
Int1_Pc_Pattern	NZ_LYPV01000068.1	97.830	1014	22	0	1	1014	22324	21311	0.0	1792
Int1_Pc_Pattern	NZ_LYPQ01000064.1	97.830	1014	22	0	1	1014	2138	1125	0.0	1792
Int1_Pc_Pattern	NZ_LLWZ01000049.1	97.830	1014	22	0	1	1014	1684	671	0.0	1792
Int1_Pc_Pattern	NZ_LLWW01000022.1	97.830	1014	22	0	1	1014	1684	671	0.0	1792
Int1_Pc_Pattern	NZ_LLWV01000063.1	97.830	1014	22	0	1	1014	1684	671	0.0	1792
Int1_Pc_Pattern	NZ_LLWT01000128.1	97.830	1014	22	0	1	1014	1684	671	0.0	1792
Int1_Pc_Pattern	NZ_LLWU01000078.1	97.830	1014	22	0	1	1014	1684	671	0.0	1792
Int1_Pc_Pattern	NZ_MPCB01000005.1	97.830	1014	22	0	1	1014	1881	868	0.0	1792
Int1_Pc_Pattern	NZ_MPCH01000008.1	97.830	1014	22	0	1	1014	2372	1359	0.0	1792
Int1_Pc_Pattern	NZ_MPCH01000005.1	97.830	1014	22	0	1	1014	46222	47235	0.0	1792
Int1_Pc_Pattern	NZ_MPCD01000004.1	97.830	1014	22	0	1	1014	13354	12341	0.0	1792
Int1_Pc_Pattern	NZ_MPCD01000004.1	97.830	1014	22	0	1	1014	44779	43766	0.0	1792
Int1_Pc_Pattern	NZ_MPCD01000004.1	97.633	1014	22	2	1	1014	207217	206206	0.0	1779
Int1_Pc_Pattern	NZ_CP017935.1	97.830	1014	22	0	1	1014	59923	58910	0.0	1792
Int1_Pc_Pattern	NZ_CP017936.1	97.830	1014	22	0	1	1014	38889	37876	0.0	1792
Int1_Pc_Pattern	NZ_CP012567.1	97.830	1014	22	0	1	1014	117955	116942	0.0	1792
Int1_Pc_Pattern	NZ_CP012566.1	97.830	1014	22	0	1	1014	83128	82115	0.0	1792
Int1_Pc_Pattern	NZ_CP012564.1	97.830	1014	22	0	1	1014	12172	11159	0.0	1792
Int1_Pc_Pattern	NZ_CP012571.1	97.830	1014	22	0	1	1014	88889	89902	0.0	1792
Int1_Pc_Pattern	NZ_CP012569.1	97.830	1014	22	0	1	1014	12172	11159	0.0	1792
Int1_Pc_Pattern	NZ_MAGK01000113.1	97.830	1014	22	0	1	1014	1216	203	0.0	1792
Int1_Pc_Pattern	NZ_MAGI01000045.1	97.830	1014	22	0	1	1014	5359	6372	0.0	1792
Int1_Pc_Pattern	NZ_MCNT01000075.1	97.830	1014	22	0	1	1014	6575	7588	0.0	1792
Int1_Pc_Pattern	NZ_CP016925.1	97.830	1014	22	0	1	1014	35017	36030	0.0	1792
Int1_Pc_Pattern	NZ_CP016919.1	97.830	1014	22	0	1	1014	33285	34298	0.0	1792
Int1_Pc_Pattern	NZ_CP016921.1	97.830	1014	22	0	1	1014	73887	74900	0.0	1792
Int1_Pc_Pattern	NZ_CP016921.1	97.830	1014	22	0	1	1014	199335	198322	0.0	1792
Int1_Pc_Pattern	NZ_LXMT01000029.1	97.830	1014	22	0	1	1014	9598	10611	0.0	1792
Int1_Pc_Pattern	NZ_LXMX01000084.1	97.830	1014	22	0	1	1014	1103	90	0.0	1792
Int1_Pc_Pattern	NZ_LXMR01000050.1	97.830	1014	22	0	1	1014	8362	9375	0.0	1792
Int1_Pc_Pattern	NZ_CP027037.1	97.830	1014	22	0	1	1014	68146	67133	0.0	1792
Int1_Pc_Pattern	NZ_LXMP01000028.1	97.830	1014	22	0	1	1014	9598	10611	0.0	1792
Int1_Pc_Pattern	NZ_LXML01000047.1	97.830	1014	22	0	1	1014	9598	10611	0.0	1792
Int1_Pc_Pattern	NZ_LXMW01000026.1	97.830	1014	22	0	1	1014	9598	10611	0.0	1792
Int1_Pc_Pattern	NZ_CP027043.1	97.830	1014	22	0	1	1014	163650	162637	0.0	1792
Int1_Pc_Pattern	NZ_CP027043.1	97.153	808	22	1	1	808	154125	154931	0.0	1404
Int1_Pc_Pattern	NZ_CP027043.1	100.000	32	0	0	270	301	178792	178761	4.43e-06	60.2
Int1_Pc_Pattern	NZ_CP027047.1	97.830	1014	22	0	1	1014	21580	20567	0.0	1792
Int1_Pc_Pattern	NZ_LXMF01000027.1	97.830	1014	22	0	1	1014	9598	10611	0.0	1792
Int1_Pc_Pattern	NZ_LXMQ01000028.1	97.830	1014	22	0	1	1014	9598	10611	0.0	1792
Int1_Pc_Pattern	NZ_LXMK01000044.1	97.830	1014	22	0	1	1014	9598	10611	0.0	1792
Int1_Pc_Pattern	NZ_MAKN01000037.1	97.830	1014	22	0	1	1014	19473	20486	0.0	1792
Int1_Pc_Pattern	NZ_CM004510.1	97.830	1014	22	0	1	1014	10487	9474	0.0	1792
Int1_Pc_Pattern	NZ_CP014648.1	97.830	1014	22	0	1	1014	26868	27881	0.0	1792
Int1_Pc_Pattern	NZ_CP014757.1	97.830	1014	22	0	1	1014	26581	27594	0.0	1792
Int1_Pc_Pattern	NZ_CP015502.1	97.830	1014	22	0	1	1014	95813	96826	0.0	1792
Int1_Pc_Pattern	NZ_CP015500.1	97.830	1014	22	0	1	1014	2393027	2394040	0.0	1792
Int1_Pc_Pattern	NZ_JXJD01000070.1	97.830	1014	22	0	1	1014	5327	6340	0.0	1792
Int1_Pc_Pattern	NZ_JXJF01000048.1	97.830	1014	22	0	1	1014	6454	7467	0.0	1792
Int1_Pc_Pattern	NZ_JXJB01000092.1	97.830	1014	22	0	1	1014	5287	6300	0.0	1792
Int1_Pc_Pattern	NZ_JTFZ01000099.1	97.830	1014	22	0	1	1014	7456	6443	0.0	1792
Int1_Pc_Pattern	NZ_FBRL01000030.1	97.830	1014	22	0	1	1014	9498	10511	0.0	1792
Int1_Pc_Pattern	NZ_FBRH01000021.1	97.830	1014	22	0	1	1014	9498	10511	0.0	1792
Int1_Pc_Pattern	NZ_LOEI01000090.1	97.830	1014	22	0	1	1014	1532	2545	0.0	1792
Int1_Pc_Pattern	NZ_LNIS01000041.1	97.830	1014	22	0	1	1014	5271	6284	0.0	1792
Int1_Pc_Pattern	NZ_LNHX01000015.1	97.830	1014	22	0	1	1014	2665	3678	0.0	1792
Int1_Pc_Pattern	NZ_LNHP01000012.1	97.830	1014	22	0	1	1014	1216	203	0.0	1792
Int1_Pc_Pattern	NZ_LNHK01000005.1	97.830	1014	22	0	1	1014	139	1152	0.0	1792
Int1_Pc_Pattern	NZ_LNHD01000021.1	97.830	1014	22	0	1	1014	5436	6449	0.0	1792
Int1_Pc_Pattern	NZ_LNHA01000070.1	97.830	1014	22	0	1	1014	9598	10611	0.0	1792
Int1_Pc_Pattern	NZ_LNGZ01000035.1	97.830	1014	22	0	1	1014	16132	15119	0.0	1792
Int1_Pc_Pattern	NZ_LNGW01000114.1	97.830	1014	22	0	1	1014	9598	10611	0.0	1792
Int1_Pc_Pattern	NZ_LNGU01000101.1	97.830	1014	22	0	1	1014	41475	40462	0.0	1792
Int1_Pc_Pattern	NZ_LNGV01000080.1	97.830	1014	22	0	1	1014	9598	10611	0.0	1792
Int1_Pc_Pattern	NZ_LNGO01000056.1	97.830	1014	22	0	1	1014	1216	203	0.0	1792
Int1_Pc_Pattern	NZ_LNGQ01000098.1	97.830	1014	22	0	1	1014	9598	10611	0.0	1792
Int1_Pc_Pattern	NZ_JUBJ01000030.1	97.830	1014	22	0	1	1014	1524	511	0.0	1792
Int1_Pc_Pattern	NZ_JUBK01000008.1	97.830	1014	22	0	1	1014	5261	6274	0.0	1792
Int1_Pc_Pattern	NZ_JUBH01000038.1	97.830	1014	22	0	1	1014	1534	521	0.0	1792
Int1_Pc_Pattern	NZ_CP012993.2	97.830	1014	22	0	1	1014	93938	92925	0.0	1792
Int1_Pc_Pattern	NZ_JUVG01000122.1	97.830	1014	22	0	1	1014	2404	1391	0.0	1792
Int1_Pc_Pattern	NZ_CP011644.1	97.830	1014	22	0	1	1014	25414	24401	0.0	1792
Int1_Pc_Pattern	NZ_CP011622.1	97.830	1014	22	0	1	1014	98144	97131	0.0	1792
Int1_Pc_Pattern	NZ_LAFX01000020.1	97.830	1014	22	0	1	1014	2021	3034	0.0	1792
Int1_Pc_Pattern	NZ_JQCW01000042.1	97.830	1014	22	0	1	1014	1971	2984	0.0	1792
Int1_Pc_Pattern	NZ_JQCX01000047.1	97.830	1014	22	0	1	1014	1971	2984	0.0	1792
Int1_Pc_Pattern	NZ_CCIH01000072.1	97.830	1014	22	0	1	1014	4472	5485	0.0	1792
Int1_Pc_Pattern	NZ_CCHW01000023.1	97.830	1014	22	0	1	1014	33010	34023	0.0	1792
Int1_Pc_Pattern	NZ_CCHP01000055.1	97.830	1014	22	0	1	1014	7524	8537	0.0	1792
Int1_Pc_Pattern	NZ_CCHO01000094.1	97.830	1014	22	0	1	1014	7284	8297	0.0	1792
Int1_Pc_Pattern	NZ_CCGC01000045.1	97.830	1014	22	0	1	1014	26998	25985	0.0	1792
Int1_Pc_Pattern	NZ_CCFX01000087.1	97.830	1014	22	0	1	1014	1872	859	0.0	1792
Int1_Pc_Pattern	NZ_CCFT01000055.1	97.830	1014	22	0	1	1014	1915	2928	0.0	1792
Int1_Pc_Pattern	NZ_CCFR01000114.1	97.830	1014	22	0	1	1014	1912	2925	0.0	1792
Int1_Pc_Pattern	NZ_CCFQ01000015.1	97.830	1014	22	0	1	1014	2692	3705	0.0	1792
Int1_Pc_Pattern	NZ_CCEY01000086.1	97.830	1014	22	0	1	1014	8070	7057	0.0	1792
Int1_Pc_Pattern	NZ_CCEX01000041.1	97.830	1014	22	0	1	1014	12311	11298	0.0	1792
Int1_Pc_Pattern	NZ_CP010396.1	97.830	1014	22	0	1	1014	9267	10280	0.0	1792
Int1_Pc_Pattern	NZ_CP010393.1	97.830	1014	22	0	1	1014	9033	8020	0.0	1792
Int1_Pc_Pattern	NZ_JWRM01000013.1	97.830	1014	22	0	1	1014	73978	74991	0.0	1792
Int1_Pc_Pattern	NZ_CP010362.1	97.830	1014	22	0	1	1014	66794	67807	0.0	1792
Int1_Pc_Pattern	NZ_CP008933.1	97.830	1014	22	0	1	1014	191937	190924	0.0	1792
Int1_Pc_Pattern	NZ_CP009116.1	97.830	1014	22	0	1	1014	77961	78974	0.0	1792
Int1_Pc_Pattern	NZ_JGYH01000087.1	97.830	1014	22	0	1	1014	7116	6103	0.0	1792
Int1_Pc_Pattern	NZ_CAIZTE010000114.1	97.830	1014	22	0	1	1014	1219	206	0.0	1792
Int1_Pc_Pattern	NZ_CAIZTG010000094.1	97.830	1014	22	0	1	1014	1219	206	0.0	1792
Int1_Pc_Pattern	NZ_AP051943.1	97.830	1014	22	0	1	1014	21408	20395	0.0	1792
Int1_Pc_Pattern	NZ_AP051948.1	97.830	1014	22	0	1	1014	21408	20395	0.0	1792
Int1_Pc_Pattern	NZ_JBBXQN010000048.1	97.830	1014	22	0	1	1014	1829	816	0.0	1792
Int1_Pc_Pattern	NZ_JCALRT010000065.1	97.830	1014	22	0	1	1014	116	1129	0.0	1792
Int1_Pc_Pattern	NZ_JCALRS010000063.1	97.830	1014	22	0	1	1014	116	1129	0.0	1792
Int1_Pc_Pattern	NZ_JCAMJG010000065.1	97.830	1014	22	0	1	1014	1596	583	0.0	1792
Int1_Pc_Pattern	NZ_JCAMBO010000036.1	97.830	1014	22	0	1	1014	6142	7155	0.0	1792
Int1_Pc_Pattern	NZ_JBZGFR010000002.1	97.830	1014	22	0	1	1014	75293	74280	0.0	1792
Int1_Pc_Pattern	NZ_JBZGFR010000002.1	96.746	1014	22	1	1	1014	66927	65925	0.0	1720
Int1_Pc_Pattern	NZ_JBGRWV010000045.1	97.830	1014	22	0	1	1014	1335	322	0.0	1792
Int1_Pc_Pattern	NZ_JBVTIY020000006.1	97.830	1014	22	0	1	1014	4169	3156	0.0	1792
Int1_Pc_Pattern	NZ_JBVTIY020000002.1	97.830	1014	22	0	1	1014	146392	145379	0.0	1792
Int1_Pc_Pattern	NZ_JBPBOG010000030.1	97.830	1014	22	0	1	1014	21062	22075	0.0	1792
Int1_Pc_Pattern	NZ_JBRNKO010000125.1	97.830	1014	22	0	1	1014	3462	2449	0.0	1792
Int1_Pc_Pattern	NZ_JBRNKL010000218.1	97.830	1014	22	0	1	1014	3462	2449	0.0	1792
Int1_Pc_Pattern	NZ_JBRNKH010000238.1	97.830	1014	22	0	1	1014	3462	2449	0.0	1792
Int1_Pc_Pattern	NZ_JBRNJZ010000124.1	97.830	1014	22	0	1	1014	4141	3128	0.0	1792
Int1_Pc_Pattern	NZ_JBJWFK010000002.1	97.830	1014	22	0	1	1014	95422	96435	0.0	1792
Int1_Pc_Pattern	NZ_JBJWFK010000002.1	97.830	1014	22	0	1	1014	108454	107441	0.0	1792
Int1_Pc_Pattern	NZ_JBQRZR010000013.1	97.830	1014	22	0	1	1014	114639	115652	0.0	1792
Int1_Pc_Pattern	NZ_JBQRZO010000038.1	97.830	1014	22	0	1	1014	5523	4510	0.0	1792
Int1_Pc_Pattern	NZ_JBQRZN010000012.1	97.830	1014	22	0	1	1014	5523	4510	0.0	1792
Int1_Pc_Pattern	NZ_JBQRZL010000011.1	97.830	1014	22	0	1	1014	114639	115652	0.0	1792
Int1_Pc_Pattern	NZ_CP175590.1	97.830	1014	22	0	1	1014	96024	95011	0.0	1792
Int1_Pc_Pattern	NZ_JBMDGP010000108.1	97.830	1014	22	0	1	1014	1216	203	0.0	1792
Int1_Pc_Pattern	NZ_JBMDGH010000088.1	97.830	1014	22	0	1	1014	140	1153	0.0	1792
Int1_Pc_Pattern	NZ_JBMDFC010000080.1	97.830	1014	22	0	1	1014	140	1153	0.0	1792
Int1_Pc_Pattern	NZ_JBMDDT010000054.1	97.830	1014	22	0	1	1014	4359	3346	0.0	1792
Int1_Pc_Pattern	NZ_JBMDDG010000080.1	97.830	1014	22	0	1	1014	1175	2188	0.0	1792
Int1_Pc_Pattern	NZ_JBCGRR010000003.1	97.830	1014	22	0	1	1014	103161	102148	0.0	1792
Int1_Pc_Pattern	NZ_JBCGRR010000003.1	97.353	869	23	0	1	869	113342	112474	0.0	1519
Int1_Pc_Pattern	NZ_JBCGRR010000003.1	96.774	682	22	0	1	682	153426	154107	0.0	1179
Int1_Pc_Pattern	NZ_JBJNEE010000002.1	97.830	1014	22	0	1	1014	137676	136663	0.0	1792
Int1_Pc_Pattern	NZ_JBJNEE010000002.1	97.438	1015	23	3	1	1014	169982	168970	0.0	1768
Int1_Pc_Pattern	NZ_JBJNAQ010000001.1	97.830	1014	22	0	1	1014	4821843	4822856	0.0	1792
Int1_Pc_Pattern	NZ_JBJNAQ010000001.1	97.734	1015	22	1	1	1014	4849147	4848133	0.0	1786
Int1_Pc_Pattern	NZ_JBFUNA010000066.1	97.830	1014	22	0	1	1014	1235	222	0.0	1792
Int1_Pc_Pattern	NZ_CP115981.1	97.830	1014	22	0	1	1014	113309	112296	0.0	1792
Int1_Pc_Pattern	NZ_CP115981.1	97.830	1014	22	0	1	1014	131395	132408	0.0	1792
Int1_Pc_Pattern	NZ_CP115981.1	97.243	798	22	0	1	798	163546	162749	0.0	1393
Int1_Pc_Pattern	NZ_JAYDXE010000108.1	97.830	1014	22	0	1	1014	909	1922	0.0	1792
Int1_Pc_Pattern	NZ_JAYDXD010000027.1	97.830	1014	22	0	1	1014	9551	8538	0.0	1792
Int1_Pc_Pattern	NZ_JATADD010000027.1	97.830	1014	22	0	1	1014	9551	8538	0.0	1792
Int1_Pc_Pattern	NZ_JBAJLS010000079.1	97.830	1014	22	0	1	1014	1117	104	0.0	1792
Int1_Pc_Pattern	NZ_JAWLOB010000050.1	97.830	1014	22	0	1	1014	140	1153	0.0	1792
Int1_Pc_Pattern	NZ_CP135262.1	97.830	1014	22	0	1	1014	96800	95787	0.0	1792
Int1_Pc_Pattern	NZ_CP135262.1	97.830	1014	22	0	1	1014	123784	122771	0.0	1792
Int1_Pc_Pattern	NZ_JAUPXB010000003.1	97.830	1014	22	0	1	1014	52778	51765	0.0	1792
Int1_Pc_Pattern	NZ_JAUPXB010000003.1	97.830	1014	22	0	1	1014	77857	78870	0.0	1792
Int1_Pc_Pattern	NZ_CP129515.1	97.830	1014	22	0	1	1014	32756	31743	0.0	1792
Int1_Pc_Pattern	NZ_CP129508.1	97.830	1014	22	0	1	1014	22886	23899	0.0	1792
Int1_Pc_Pattern	NZ_JAUCIF010000128.1	97.830	1014	22	0	1	1014	2972	1959	0.0	1792
Int1_Pc_Pattern	NZ_JARTRN020000003.1	97.830	1014	22	0	1	1014	54585	55598	0.0	1792
Int1_Pc_Pattern	NZ_CP109698.1	97.830	1014	22	0	1	1014	140409	139396	0.0	1792
Int1_Pc_Pattern	NZ_CP109698.1	97.830	1014	22	0	1	1014	170499	169486	0.0	1792
Int1_Pc_Pattern	NZ_JAIPLI010000004.1	97.830	1014	22	0	1	1014	29151	30164	0.0	1792
Int1_Pc_Pattern	NZ_JAIPLI010000002.1	97.830	1014	22	0	1	1014	146824	147837	0.0	1792
Int1_Pc_Pattern	NZ_JAIPLI010000002.1	97.830	1014	22	0	1	1014	153222	152209	0.0	1792
Int1_Pc_Pattern	NZ_JAIPLI010000002.1	97.830	1014	22	0	1	1014	157425	156412	0.0	1792
Int1_Pc_Pattern	NZ_JAIPLI010000002.1	100.000	660	0	0	355	1014	142975	143634	0.0	1219
Int1_Pc_Pattern	NZ_JAIPKY010000005.1	97.830	1014	22	0	1	1014	33690	34703	0.0	1792
Int1_Pc_Pattern	NZ_JAIPKY010000003.1	97.830	1014	22	0	1	1014	290191	291204	0.0	1792
Int1_Pc_Pattern	NZ_JAIPKY010000003.1	97.830	1014	22	0	1	1014	294394	295407	0.0	1792
Int1_Pc_Pattern	NZ_JAIPKY010000003.1	97.830	1014	22	0	1	1014	300792	299779	0.0	1792
Int1_Pc_Pattern	NZ_JAIPKY010000003.1	100.000	660	0	0	355	1014	304641	303982	0.0	1219
Int1_Pc_Pattern	NZ_JAKMLP010000074.1	97.830	1014	22	0	1	1014	1216	203	0.0	1792
Int1_Pc_Pattern	NZ_CP093156.1	97.830	1014	22	0	1	1014	4615	3602	0.0	1792
Int1_Pc_Pattern	NZ_JAKWIV010000154.1	97.830	1014	22	0	1	1014	1021	8	0.0	1792
Int1_Pc_Pattern	NZ_JAKWIP010000113.1	97.830	1014	22	0	1	1014	140	1153	0.0	1792
Int1_Pc_Pattern	NZ_JAKWHX010000154.1	97.830	1014	22	0	1	1014	1216	203	0.0	1792
Int1_Pc_Pattern	NZ_JAJSYK010000042.1	97.830	1014	22	0	1	1014	141	1154	0.0	1792
Int1_Pc_Pattern	NZ_JAJFCR010000058.1	97.830	1014	22	0	1	1014	10691	9678	0.0	1792
Int1_Pc_Pattern	NZ_AP024281.1	97.830	1014	22	0	1	1014	2705882	2706895	0.0	1792
Int1_Pc_Pattern	NZ_CP077413.1	97.830	1014	22	0	1	1014	22695	23708	0.0	1792
Int1_Pc_Pattern	NZ_CP077413.1	100.000	899	0	0	116	1014	41342	42240	0.0	1661
Int1_Pc_Pattern	NZ_JAGSXX010000006.1	97.830	1014	22	0	1	1014	14293	13280	0.0	1792
Int1_Pc_Pattern	NZ_JAGSXX010000004.1	97.830	1014	22	0	1	1014	6494	7507	0.0	1792
Int1_Pc_Pattern	NZ_AP024500.1	97.830	1014	22	0	1	1014	172661	173674	0.0	1792
Int1_Pc_Pattern	NZ_AP024500.1	97.684	993	23	0	1	993	63140	64132	0.0	1748
Int1_Pc_Pattern	NZ_BIGF01000055.1	97.830	1014	22	0	1	1014	9935	10948	0.0	1792
Int1_Pc_Pattern	NZ_AP019388.1	97.830	1014	22	0	1	1014	94337	95350	0.0	1792
Int1_Pc_Pattern	NZ_BIGA01000045.1	97.830	1014	22	0	1	1014	9831	8818	0.0	1792
Int1_Pc_Pattern	NZ_AP019383.1	97.830	1014	22	0	1	1014	94337	95350	0.0	1792
Int1_Pc_Pattern	NZ_LRJQ01000036.1	97.830	1014	22	0	1	1014	28001	29014	0.0	1792
Int1_Pc_Pattern	NZ_LJDJ02000076.1	97.830	1014	22	0	1	1014	140	1153	0.0	1792
Int1_Pc_Pattern	NZ_JZKO01000056.1	97.830	1014	22	0	1	1014	16886	17899	0.0	1792
Int1_Pc_Pattern	CP154354.1	97.830	1014	22	0	1	1014	223855	224868	0.0	1792
Int1_Pc_Pattern	CP154354.1	97.830	1014	22	0	1	1014	236215	237228	0.0	1792
Int1_Pc_Pattern	CP163008.1	97.830	1014	22	0	1	1014	33729	34742	0.0	1792
Int1_Pc_Pattern	CP115981.1	97.830	1014	22	0	1	1014	113309	112296	0.0	1792
Int1_Pc_Pattern	CP115981.1	97.830	1014	22	0	1	1014	131395	132408	0.0	1792
Int1_Pc_Pattern	CP115981.1	97.243	798	22	0	1	798	163546	162749	0.0	1393
Int1_Pc_Pattern	JAYDXE010000108.1	97.830	1014	22	0	1	1014	909	1922	0.0	1792
Int1_Pc_Pattern	JAXAWD010000101.1	97.830	1014	22	0	1	1014	1216	203	0.0	1792
Int1_Pc_Pattern	ABQRGW010000055.1	97.830	1014	22	0	1	1014	4697	5710	0.0	1792
Int1_Pc_Pattern	JATADE010000108.1	97.830	1014	22	0	1	1014	909	1922	0.0	1792
Int1_Pc_Pattern	JAXRRJ010000050.1	97.830	1014	22	0	1	1014	3433	2420	0.0	1792
Int1_Pc_Pattern	ABQDBS010000107.1	97.830	1014	22	0	1	1014	4915	3902	0.0	1792
Int1_Pc_Pattern	ABQDBS010000043.1	97.830	1014	22	0	1	1014	12161	13174	0.0	1792
Int1_Pc_Pattern	JAWLOB010000050.1	97.830	1014	22	0	1	1014	140	1153	0.0	1792
Int1_Pc_Pattern	ABOGYP030000076.1	97.830	1014	22	0	1	1014	3299	4312	0.0	1792
Int1_Pc_Pattern	DAQLAV010000072.1	97.830	1014	22	0	1	1014	4328	5341	0.0	1792
Int1_Pc_Pattern	ABOCXO030000046.1	97.830	1014	22	0	1	1014	2646	1633	0.0	1792
Int1_Pc_Pattern	JAWIQX010000051.1	97.830	1014	22	0	1	1014	1419	406	0.0	1792
Int1_Pc_Pattern	DAQDYT010000117.1	97.830	1014	22	0	1	1014	2323	1310	0.0	1792
Int1_Pc_Pattern	DAQDYT010000048.1	97.830	1014	22	0	1	1014	2282	1269	0.0	1792
Int1_Pc_Pattern	ABNHLA020000065.1	97.830	1014	22	0	1	1014	117	1130	0.0	1792
Int1_Pc_Pattern	CP135262.1	97.830	1014	22	0	1	1014	96800	95787	0.0	1792
Int1_Pc_Pattern	CP135262.1	97.830	1014	22	0	1	1014	123784	122771	0.0	1792
Int1_Pc_Pattern	DAPOWL010000304.1	97.830	1014	22	0	1	1014	25546	24533	0.0	1792
Int1_Pc_Pattern	DAPOWL010000008.1	97.830	1014	22	0	1	1014	70352	71365	0.0	1792
Int1_Pc_Pattern	DAPJVN010000169.1	97.830	1014	22	0	1	1014	2566	1553	0.0	1792
Int1_Pc_Pattern	DAPJVN010000059.1	97.830	1014	22	0	1	1014	9913	10926	0.0	1792
Int1_Pc_Pattern	DAPJVL010000177.1	97.830	1014	22	0	1	1014	2797	1784	0.0	1792
Int1_Pc_Pattern	DAPJVL010000073.1	97.830	1014	22	0	1	1014	7548	8561	0.0	1792
Int1_Pc_Pattern	DAPJLN010000198.1	97.830	1014	22	0	1	1014	1498	485	0.0	1792
Int1_Pc_Pattern	DAPJLN010000084.1	97.830	1014	22	0	1	1014	2424	1411	0.0	1792
Int1_Pc_Pattern	DAPJIG010000124.1	97.830	1014	22	0	1	1014	1216	203	0.0	1792
Int1_Pc_Pattern	DAPJIG010000036.1	97.830	1014	22	0	1	1014	9914	10927	0.0	1792
Int1_Pc_Pattern	JAUPXB010000003.1	97.830	1014	22	0	1	1014	52778	51765	0.0	1792
Int1_Pc_Pattern	JAUPXB010000003.1	97.830	1014	22	0	1	1014	77857	78870	0.0	1792
Int1_Pc_Pattern	CP129499.1	97.830	1014	22	0	1	1014	236136	235123	0.0	1792
Int1_Pc_Pattern	CP129499.1	95.034	443	22	0	1	443	8221	7779	0.0	737
Int1_Pc_Pattern	CP129508.1	97.830	1014	22	0	1	1014	22886	23899	0.0	1792
Int1_Pc_Pattern	JAUCIN010000592.1	97.830	1014	22	0	1	1014	117	1130	0.0	1792
Int1_Pc_Pattern	JAUCIF010000128.1	97.830	1014	22	0	1	1014	2972	1959	0.0	1792
Int1_Pc_Pattern	CP109698.1	97.830	1014	22	0	1	1014	140409	139396	0.0	1792
Int1_Pc_Pattern	CP109698.1	97.830	1014	22	0	1	1014	170499	169486	0.0	1792
Int1_Pc_Pattern	DAOKSW010000090.1	97.830	1014	22	0	1	1014	2194	1181	0.0	1792
Int1_Pc_Pattern	DAOKSW010000031.1	97.830	1014	22	0	1	1014	37578	38591	0.0	1792
Int1_Pc_Pattern	DAOKPI010000101.1	97.830	1014	22	0	1	1014	5308	6321	0.0	1792
Int1_Pc_Pattern	DAOHWR010000151.1	97.830	1014	22	0	1	1014	1263	250	0.0	1792
Int1_Pc_Pattern	DAOHWR010000067.1	97.830	1014	22	0	1	1014	13257	14270	0.0	1792
Int1_Pc_Pattern	DAOHWN010000167.1	97.830	1014	22	0	1	1014	1263	250	0.0	1792
Int1_Pc_Pattern	DAOHWN010000072.1	97.830	1014	22	0	1	1014	6897	7910	0.0	1792
Int1_Pc_Pattern	CP117725.1	97.830	1014	22	0	1	1014	12442	11429	0.0	1792
Int1_Pc_Pattern	JAIPKY010000005.1	97.830	1014	22	0	1	1014	33690	34703	0.0	1792
Int1_Pc_Pattern	JAIPKY010000003.1	97.830	1014	22	0	1	1014	290191	291204	0.0	1792
Int1_Pc_Pattern	JAIPKY010000003.1	97.830	1014	22	0	1	1014	294394	295407	0.0	1792
Int1_Pc_Pattern	JAIPKY010000003.1	97.830	1014	22	0	1	1014	300792	299779	0.0	1792
Int1_Pc_Pattern	JAIPKY010000003.1	100.000	660	0	0	355	1014	304641	303982	0.0	1219
Int1_Pc_Pattern	DALQLV010000161.1	97.830	1014	22	0	1	1014	1074	61	0.0	1792
Int1_Pc_Pattern	DALQLV010000097.1	97.830	1014	22	0	1	1014	5209	6222	0.0	1792
Int1_Pc_Pattern	DALQLR010000044.1	97.830	1014	22	0	1	1014	2847	3860	0.0	1792
Int1_Pc_Pattern	CP103752.1	97.830	1014	22	0	1	1014	33325	32312	0.0	1792
Int1_Pc_Pattern	CP103752.1	97.830	1014	22	0	1	1014	178109	177096	0.0	1792
Int1_Pc_Pattern	CP103752.1	93.956	364	22	0	1	364	30388	30751	3.53e-166	592
Int1_Pc_Pattern	JANFVO010000002.1	97.830	1014	22	0	1	1014	97649	98662	0.0	1792
Int1_Pc_Pattern	DAHKFS010000188.1	97.830	1014	22	0	1	1014	1276	263	0.0	1792
Int1_Pc_Pattern	DAHKFS010000118.1	97.830	1014	22	0	1	1014	4206	5219	0.0	1792
Int1_Pc_Pattern	JAKMLP010000074.1	97.830	1014	22	0	1	1014	1216	203	0.0	1792
Int1_Pc_Pattern	CP083831.1	97.830	1014	22	0	1	1014	102104	101091	0.0	1792
Int1_Pc_Pattern	CP083831.1	97.436	1014	23	2	1	1014	175259	174249	0.0	1766
Int1_Pc_Pattern	CP083831.1	97.243	798	22	0	1	798	230722	229925	0.0	1393
Int1_Pc_Pattern	DAGWKI010000088.1	97.830	1014	22	0	1	1014	1662	649	0.0	1792
Int1_Pc_Pattern	DAGWKI010000041.1	97.830	1014	22	0	1	1014	9914	10927	0.0	1792
Int1_Pc_Pattern	CP093156.1	97.830	1014	22	0	1	1014	4615	3602	0.0	1792
Int1_Pc_Pattern	JAKWIG010000098.1	97.830	1014	22	0	1	1014	140	1153	0.0	1792
Int1_Pc_Pattern	JAKWHX010000154.1	97.830	1014	22	0	1	1014	1216	203	0.0	1792
Int1_Pc_Pattern	DAFKSN010000124.1	97.830	1014	22	0	1	1014	877	1890	0.0	1792
Int1_Pc_Pattern	DAFKSK010000155.1	97.830	1014	22	0	1	1014	1534	521	0.0	1792
Int1_Pc_Pattern	DAFKSK010000099.1	97.830	1014	22	0	1	1014	6030	7043	0.0	1792
Int1_Pc_Pattern	DAFBNT010000155.1	97.830	1014	22	0	1	1014	1662	649	0.0	1792
Int1_Pc_Pattern	DAFBNT010000047.1	97.830	1014	22	0	1	1014	9914	10927	0.0	1792
Int1_Pc_Pattern	AP024281.1	97.830	1014	22	0	1	1014	2705882	2706895	0.0	1792
Int1_Pc_Pattern	CP080108.1	97.830	1014	22	0	1	1014	97198	96185	0.0	1792
Int1_Pc_Pattern	CP077413.1	97.830	1014	22	0	1	1014	22695	23708	0.0	1792
Int1_Pc_Pattern	CP077413.1	100.000	899	0	0	116	1014	41342	42240	0.0	1661
Int1_Pc_Pattern	JAGSXX010000006.1	97.830	1014	22	0	1	1014	14293	13280	0.0	1792
Int1_Pc_Pattern	JAGSXX010000004.1	97.830	1014	22	0	1	1014	6494	7507	0.0	1792
Int1_Pc_Pattern	DACUGP010000151.1	97.830	1014	22	0	1	1014	2036	1023	0.0	1792
Int1_Pc_Pattern	DACUGP010000083.1	97.830	1014	22	0	1	1014	3731	4744	0.0	1792
Int1_Pc_Pattern	DACOOP010000089.1	97.830	1014	22	0	1	1014	4859	3846	0.0	1792
Int1_Pc_Pattern	DACOOP010000043.1	97.830	1014	22	0	1	1014	8781	9794	0.0	1792
Int1_Pc_Pattern	DACOPQ010000108.1	97.830	1014	22	0	1	1014	72	1085	0.0	1792
Int1_Pc_Pattern	DACONJ010000176.1	97.830	1014	22	0	1	1014	4520	5533	0.0	1792
Int1_Pc_Pattern	BLWZ01000062.1	97.830	1014	22	0	1	1014	10039	11052	0.0	1792
Int1_Pc_Pattern	AP022628.1	97.830	1014	22	0	1	1014	4691101	4690088	0.0	1792
Int1_Pc_Pattern	BIGA01000045.1	97.830	1014	22	0	1	1014	9831	8818	0.0	1792
Int1_Pc_Pattern	AP019383.1	97.830	1014	22	0	1	1014	94337	95350	0.0	1792
Int1_Pc_Pattern	PGIQ01000103.1	97.830	1014	22	0	1	1014	140	1153	0.0	1792
Int1_Pc_Pattern	LRJQ01000036.1	97.830	1014	22	0	1	1014	28001	29014	0.0	1792
Int1_Pc_Pattern	JZKO01000056.1	97.830	1014	22	0	1	1014	16886	17899	0.0	1792
Int1_Pc_Pattern	NZ_LVQG01000031.1	97.830	1014	22	0	1	1014	6566	5553	0.0	1792
Int1_Pc_Pattern	NZ_LVQD01000008.1	97.830	1014	22	0	1	1014	807	1820	0.0	1792
Int1_Pc_Pattern	NZ_LVOS01000094.1	97.830	1014	22	0	1	1014	44255	43242	0.0	1792
Int1_Pc_Pattern	NZ_LVOQ01000008.1	97.830	1014	22	0	1	1014	699	1712	0.0	1792
Int1_Pc_Pattern	NZ_LVOG01000027.1	97.830	1014	22	0	1	1014	4067	3054	0.0	1792
Int1_Pc_Pattern	NZ_LVNV01000057.1	97.830	1014	22	0	1	1014	5094	6107	0.0	1792
Int1_Pc_Pattern	NZ_LVNO01000038.1	97.830	1014	22	0	1	1014	11032	12045	0.0	1792
Int1_Pc_Pattern	NZ_LVNI01000045.1	97.830	1014	22	0	1	1014	9540	10553	0.0	1792
Int1_Pc_Pattern	NZ_LVNF01000023.1	97.830	1014	22	0	1	1014	1096	83	0.0	1792
Int1_Pc_Pattern	NZ_LOIK01000075.1	97.830	1014	22	0	1	1014	25742	26755	0.0	1792
Int1_Pc_Pattern	NZ_LOCT01000044.1	97.830	1014	22	0	1	1014	28466	27453	0.0	1792
Int1_Pc_Pattern	NZ_LRWZ01000122.1	97.830	1014	22	0	1	1014	9287	10300	0.0	1792
Int1_Pc_Pattern	NZ_LRWX01000107.1	97.830	1014	22	0	1	1014	1672	659	0.0	1792
Int1_Pc_Pattern	NZ_LRWT01000094.1	97.830	1014	22	0	1	1014	9295	10308	0.0	1792
Int1_Pc_Pattern	NZ_LRWO01000139.1	97.830	1014	22	0	1	1014	9281	10294	0.0	1792
Int1_Pc_Pattern	NZ_LRWN01000138.1	97.830	1014	22	0	1	1014	1931	918	0.0	1792
Int1_Pc_Pattern	NZ_LRWS01000130.1	97.830	1014	22	0	1	1014	1925	912	0.0	1792
Int1_Pc_Pattern	NZ_LQUA01000078.1	97.830	1014	22	0	1	1014	5674	4661	0.0	1792
Int1_Pc_Pattern	NZ_LQSV01000163.1	97.830	1014	22	0	1	1014	215	1228	0.0	1792
Int1_Pc_Pattern	NZ_LQVM01000056.1	97.830	1014	22	0	1	1014	743	1756	0.0	1792
Int1_Pc_Pattern	NZ_LQVQ01000111.1	97.830	1014	22	0	1	1014	1141	128	0.0	1792
Int1_Pc_Pattern	NZ_LQVK01000070.1	97.830	1014	22	0	1	1014	5673	6686	0.0	1792
Int1_Pc_Pattern	NZ_LQVA01000087.1	97.830	1014	22	0	1	1014	6745	7758	0.0	1792
Int1_Pc_Pattern	NZ_LQTS01000050.1	97.830	1014	22	0	1	1014	6456	7469	0.0	1792
Int1_Pc_Pattern	NZ_LQTU01000029.1	97.830	1014	22	0	1	1014	9816	10829	0.0	1792
Int1_Pc_Pattern	NZ_LQVS01000023.1	97.830	1014	22	0	1	1014	3674	4687	0.0	1792
Int1_Pc_Pattern	NZ_LQTN01000173.1	97.830	1014	22	0	1	1014	35246	34233	0.0	1792
Int1_Pc_Pattern	NZ_LQSW01000004.1	97.830	1014	22	0	1	1014	3783	4796	0.0	1792
Int1_Pc_Pattern	NZ_LQVU01000011.1	97.830	1014	22	0	1	1014	7499	8512	0.0	1792
Int1_Pc_Pattern	NZ_LQSM01000048.1	97.830	1014	22	0	1	1014	21931	22944	0.0	1792
Int1_Pc_Pattern	NZ_LQZU01000088.1	97.830	1014	22	0	1	1014	5064	6077	0.0	1792
Int1_Pc_Pattern	NZ_LLYF01000011.1	97.830	1014	22	0	1	1014	2481	1468	0.0	1792
Int1_Pc_Pattern	NZ_CP013657.1	97.830	1014	22	0	1	1014	139964	138951	0.0	1792
Int1_Pc_Pattern	NZ_LNIK01000093.1	97.830	1014	22	0	1	1014	5055	4042	0.0	1792
Int1_Pc_Pattern	NZ_LNIH01000113.1	97.830	1014	22	0	1	1014	1580	567	0.0	1792
Int1_Pc_Pattern	NZ_LNGY01000017.1	97.830	1014	22	0	1	1014	338	1351	0.0	1792
Int1_Pc_Pattern	NZ_LASE01000028.1	97.830	1014	22	0	1	1014	10018	9005	0.0	1792
Int1_Pc_Pattern	NZ_LKJU01000058.1	97.830	1014	22	0	1	1014	93268	92255	0.0	1792
Int1_Pc_Pattern	NZ_LKJT01000048.1	97.830	1014	22	0	1	1014	87248	86235	0.0	1792
Int1_Pc_Pattern	NZ_LJZZ01000103.1	97.830	1014	22	0	1	1014	2022	1009	0.0	1792
Int1_Pc_Pattern	NZ_LJZY01000065.1	97.830	1014	22	0	1	1014	5680	4667	0.0	1792
Int1_Pc_Pattern	NZ_LIVB01000069.1	97.830	1014	22	0	1	1014	890	1903	0.0	1792
Int1_Pc_Pattern	NZ_LIUW01000017.1	97.830	1014	22	0	1	1014	84541	83528	0.0	1792
Int1_Pc_Pattern	NZ_LJDY02000796.1	97.830	1014	22	0	1	1014	1592	579	0.0	1792
Int1_Pc_Pattern	NZ_CXZI01000059.1	97.830	1014	22	0	1	1014	2011	998	0.0	1792
Int1_Pc_Pattern	NZ_CYEV01000024.1	97.830	1014	22	0	1	1014	14527	15540	0.0	1792
Int1_Pc_Pattern	NZ_CXZW01000050.1	97.830	1014	22	0	1	1014	2348	3361	0.0	1792
Int1_Pc_Pattern	NZ_CYCO01000050.1	97.830	1014	22	0	1	1014	2302	3315	0.0	1792
Int1_Pc_Pattern	NZ_CYCI01000091.1	97.830	1014	22	0	1	1014	10232	9219	0.0	1792
Int1_Pc_Pattern	NZ_CYCA01000087.1	97.830	1014	22	0	1	1014	6875	5862	0.0	1792
Int1_Pc_Pattern	NZ_CYDV01000051.1	97.830	1014	22	0	1	1014	792	1805	0.0	1792
Int1_Pc_Pattern	NZ_CYAM01000103.1	97.830	1014	22	0	1	1014	4160	5173	0.0	1792
Int1_Pc_Pattern	NZ_CYCR01000051.1	97.830	1014	22	0	1	1014	2055	3068	0.0	1792
Int1_Pc_Pattern	NZ_CYBN01000081.1	97.830	1014	22	0	1	1014	5314	4301	0.0	1792
Int1_Pc_Pattern	NZ_CYGA01000050.1	97.830	1014	22	0	1	1014	18093	17080	0.0	1792
Int1_Pc_Pattern	NZ_CYBQ01000080.1	97.830	1014	22	0	1	1014	2736	1723	0.0	1792
Int1_Pc_Pattern	NZ_CXZP01000040.1	97.830	1014	22	0	1	1014	5405	6418	0.0	1792
Int1_Pc_Pattern	NZ_CYAD01000098.1	97.830	1014	22	0	1	1014	1788	775	0.0	1792
Int1_Pc_Pattern	NZ_CYFW01000057.1	97.830	1014	22	0	1	1014	1549	2562	0.0	1792
Int1_Pc_Pattern	NZ_CYCS01000011.1	97.830	1014	22	0	1	1014	2871	1858	0.0	1792
Int1_Pc_Pattern	NZ_LJGI01000135.1	97.830	1014	22	0	1	1014	1912	899	0.0	1792
Int1_Pc_Pattern	NZ_LJGH01000092.1	97.830	1014	22	0	1	1014	1468	455	0.0	1792
Int1_Pc_Pattern	NZ_LJGJ01000051.1	97.830	1014	22	0	1	1014	2529	3542	0.0	1792
Int1_Pc_Pattern	NZ_LJGK01000070.1	97.830	1014	22	0	1	1014	1940	927	0.0	1792
Int1_Pc_Pattern	NZ_LJGF01000075.1	97.830	1014	22	0	1	1014	1956	943	0.0	1792
Int1_Pc_Pattern	NZ_LJGB01000052.1	97.830	1014	22	0	1	1014	9363	10376	0.0	1792
Int1_Pc_Pattern	NZ_LJGC01000041.1	97.830	1014	22	0	1	1014	1946	933	0.0	1792
Int1_Pc_Pattern	NZ_LJGG01000027.1	97.830	1014	22	0	1	1014	1460	447	0.0	1792
Int1_Pc_Pattern	NZ_CP012632.1	97.830	1014	22	0	1	1014	68427	69440	0.0	1792
Int1_Pc_Pattern	NZ_CP012636.1	97.830	1014	22	0	1	1014	81309	80296	0.0	1792
Int1_Pc_Pattern	NZ_CXYF01000031.1	97.830	1014	22	0	1	1014	7047	6034	0.0	1792
Int1_Pc_Pattern	NZ_CXXX01000075.1	97.830	1014	22	0	1	1014	81294	80281	0.0	1792
Int1_Pc_Pattern	NZ_JHTG01000068.1	97.830	1014	22	0	1	1014	2323	3336	0.0	1792
Int1_Pc_Pattern	NZ_JHTF01000120.1	97.830	1014	22	0	1	1014	2059	3072	0.0	1792
Int1_Pc_Pattern	NZ_JHSY01000103.1	97.830	1014	22	0	1	1014	10291	11304	0.0	1792
Int1_Pc_Pattern	NZ_JHSV01000091.1	97.830	1014	22	0	1	1014	9875	8862	0.0	1792
Int1_Pc_Pattern	NZ_JHSL01000007.1	97.830	1014	22	0	1	1014	2782	3795	0.0	1792
Int1_Pc_Pattern	NZ_JHSK01000005.1	97.830	1014	22	0	1	1014	182890	181877	0.0	1792
Int1_Pc_Pattern	NZ_JHSE01000170.1	97.830	1014	22	0	1	1014	2062	3075	0.0	1792
Int1_Pc_Pattern	NZ_JHSA01000049.1	97.830	1014	22	0	1	1014	6694	5681	0.0	1792
Int1_Pc_Pattern	NZ_JHRZ01000065.1	97.830	1014	22	0	1	1014	1745	732	0.0	1792
Int1_Pc_Pattern	NZ_JHRY01000092.1	97.830	1014	22	0	1	1014	1804	791	0.0	1792
Int1_Pc_Pattern	NZ_JHRW01000074.1	97.830	1014	22	0	1	1014	11747	12760	0.0	1792
Int1_Pc_Pattern	NZ_JHRV01000052.1	97.830	1014	22	0	1	1014	9924	8911	0.0	1792
Int1_Pc_Pattern	NZ_JHRK01000037.1	97.830	1014	22	0	1	1014	44392	43379	0.0	1792
Int1_Pc_Pattern	NZ_JHRH01000146.1	97.830	1014	22	0	1	1014	2404	1391	0.0	1792
Int1_Pc_Pattern	NZ_JHRE01000194.1	97.830	1014	22	0	1	1014	2405	1392	0.0	1792
Int1_Pc_Pattern	NZ_JHRD01000015.1	97.830	1014	22	0	1	1014	71141	70128	0.0	1792
Int1_Pc_Pattern	NZ_JHQV01000042.1	97.830	1014	22	0	1	1014	23368	22355	0.0	1792
Int1_Pc_Pattern	NZ_JUKZ01000298.1	97.830	1014	22	0	1	1014	9520	10533	0.0	1792
Int1_Pc_Pattern	NZ_JUVQ01000306.1	97.830	1014	22	0	1	1014	9271	10284	0.0	1792
Int1_Pc_Pattern	NZ_JUTZ01000229.1	97.830	1014	22	0	1	1014	3063	2050	0.0	1792
Int1_Pc_Pattern	NZ_JUUQ01000142.1	97.830	1014	22	0	1	1014	1913	900	0.0	1792
Int1_Pc_Pattern	NZ_LBBC01000131.1	97.830	1014	22	0	1	1014	5310	6323	0.0	1792
Int1_Pc_Pattern	NZ_LBBE01000149.1	97.830	1014	22	0	1	1014	1751	738	0.0	1792
Int1_Pc_Pattern	NZ_LBBD01000167.1	97.830	1014	22	0	1	1014	1835	822	0.0	1792
Int1_Pc_Pattern	NZ_JXWF01000018.1	97.830	1014	22	0	1	1014	87076	86063	0.0	1792
Int1_Pc_Pattern	NZ_JXVQ01000361.1	97.830	1014	22	0	1	1014	1216	203	0.0	1792
Int1_Pc_Pattern	NZ_JXWA01000030.1	97.830	1014	22	0	1	1014	41485	42498	0.0	1792
Int1_Pc_Pattern	NZ_JRKF01000105.1	97.830	1014	22	0	1	1014	2007	3020	0.0	1792
Int1_Pc_Pattern	NZ_JRLN01000047.1	97.830	1014	22	0	1	1014	5392	4379	0.0	1792
Int1_Pc_Pattern	NZ_JRKD01000150.1	97.830	1014	22	0	1	1014	2001	3014	0.0	1792
Int1_Pc_Pattern	NZ_JRJF01000100.1	97.830	1014	22	0	1	1014	5383	4370	0.0	1792
Int1_Pc_Pattern	NZ_LM995504.1	97.830	1014	22	0	1	1014	81962	80949	0.0	1792
Int1_Pc_Pattern	NZ_JPQX01000057.1	97.830	1014	22	0	1	1014	15592	16605	0.0	1792
Int1_Pc_Pattern	NZ_JRRG01000023.1	97.830	1014	22	0	1	1014	12257	11244	0.0	1792
Int1_Pc_Pattern	NZ_CP010315.1	97.830	1014	22	0	1	1014	1713130	1712117	0.0	1792
Int1_Pc_Pattern	NZ_JWZD01000123.1	97.830	1014	22	0	1	1014	10503	11516	0.0	1792
Int1_Pc_Pattern	NZ_CP010373.2	97.830	1014	22	0	1	1014	119415	120428	0.0	1792
Int1_Pc_Pattern	NZ_JWKI01000123.1	97.830	1014	22	0	1	1014	1217	204	0.0	1792
Int1_Pc_Pattern	NZ_JUJZ01000157.1	97.830	1014	22	0	1	1014	139	1152	0.0	1792
Int1_Pc_Pattern	NZ_JUDN01000239.1	97.830	1014	22	0	1	1014	6261	7274	0.0	1792
Int1_Pc_Pattern	NZ_JUCR01000076.1	97.830	1014	22	0	1	1014	16136	17149	0.0	1792
Int1_Pc_Pattern	NZ_JUCU01000106.1	97.830	1014	22	0	1	1014	4867	3854	0.0	1792
Int1_Pc_Pattern	NZ_JUCO01000119.1	97.830	1014	22	0	1	1014	2168	3181	0.0	1792
Int1_Pc_Pattern	NZ_JRPP01000167.1	97.830	1014	22	0	1	1014	156	1169	0.0	1792
Int1_Pc_Pattern	NZ_JMJC01000011.1	97.830	1014	22	0	1	1014	146033	147046	0.0	1792
Int1_Pc_Pattern	NZ_JMJC01000011.1	96.917	746	23	0	1	746	9442	10187	0.0	1291
Int1_Pc_Pattern	NZ_JJNT01000073.1	97.830	1014	22	0	1	1014	1856	2869	0.0	1792
Int1_Pc_Pattern	NZ_JICI01000008.1	97.830	1014	22	0	1	1014	2782	3795	0.0	1792
Int1_Pc_Pattern	NZ_JICD01000066.1	97.830	1014	22	0	1	1014	10108	9095	0.0	1792
Int1_Pc_Pattern	NZ_JICC01000086.1	97.830	1014	22	0	1	1014	10007	8994	0.0	1792
Int1_Pc_Pattern	NZ_JICG01000057.1	97.830	1014	22	0	1	1014	5346	4333	0.0	1792
Int1_Pc_Pattern	NZ_JJMY02000004.1	97.830	1014	22	0	1	1014	23141	24154	0.0	1792
Int1_Pc_Pattern	NZ_JJMY02000002.1	97.830	1014	22	0	1	1014	117345	118358	0.0	1792
Int1_Pc_Pattern	NZ_NDAX01000088.1	97.830	1014	22	0	1	1014	2675	3688	0.0	1792
Int1_Pc_Pattern	NZ_NCZO01000045.1	97.830	1014	22	0	1	1014	5107	6120	0.0	1792
Int1_Pc_Pattern	NZ_MSFZ01000197.1	97.830	1014	22	0	1	1014	1761	748	0.0	1792
Int1_Pc_Pattern	NZ_NGHL01000068.1	97.830	1014	22	0	1	1014	3310	2297	0.0	1792
Int1_Pc_Pattern	NZ_NGFD01000037.1	97.830	1014	22	0	1	1014	2675	3688	0.0	1792
Int1_Pc_Pattern	NZ_NGDE01000060.1	97.830	1014	22	0	1	1014	5645	6658	0.0	1792
Int1_Pc_Pattern	NZ_MSOQ01000025.1	97.830	1014	22	0	1	1014	2675	3688	0.0	1792
Int1_Pc_Pattern	NZ_MSMG01001133.1	97.830	1014	22	0	1	1014	3359	4372	0.0	1792
Int1_Pc_Pattern	NZ_LZVZ01000111.1	97.830	1014	22	0	1	1014	2671	3684	0.0	1792
Int1_Pc_Pattern	NZ_LZTR01000092.1	97.830	1014	22	0	1	1014	1882	869	0.0	1792
Int1_Pc_Pattern	NZ_LZBD01000067.1	97.830	1014	22	0	1	1014	161	1174	0.0	1792
Int1_Pc_Pattern	NZ_CP014541.1	97.830	1014	22	0	1	1014	2608681	2607668	0.0	1792
Int1_Pc_Pattern	NZ_CP014541.1	97.243	798	22	0	1	798	1332245	1331448	0.0	1393
Int1_Pc_Pattern	NZ_LQRQ01000007.1	97.830	1014	22	0	1	1014	1281072	1282085	0.0	1792
Int1_Pc_Pattern	NZ_LQRQ01000007.1	97.732	1014	23	0	1	1014	1520955	1519942	0.0	1786
Int1_Pc_Pattern	NZ_LQRQ01000007.1	100.000	64	0	0	1	64	2656552	2656615	7.21e-24	119
Int1_Pc_Pattern	NZ_CP013924.1	97.830	1014	22	0	1	1014	2760918	2761931	0.0	1792
Int1_Pc_Pattern	NZ_CP013924.1	93.956	364	22	0	1	364	1438717	1438354	3.53e-166	592
Int1_Pc_Pattern	NZ_LLCK01000018.1	97.830	1014	22	0	1	1014	3508	4521	0.0	1792
Int1_Pc_Pattern	NZ_LLCI01000079.1	97.830	1014	22	0	1	1014	4122	5135	0.0	1792
Int1_Pc_Pattern	NZ_LLCY01000138.1	97.830	1014	22	0	1	1014	3654	4667	0.0	1792
Int1_Pc_Pattern	NZ_LKIB01000166.1	97.830	1014	22	0	1	1014	1251	238	0.0	1792
Int1_Pc_Pattern	NZ_LGHQ01000020.1	97.830	1014	22	0	1	1014	161	1174	0.0	1792
Int1_Pc_Pattern	NZ_CP008707.1	97.830	1014	22	0	1	1014	37651	38664	0.0	1792
Int1_Pc_Pattern	NZ_CP008707.1	100.000	899	0	0	116	1014	31746	32644	0.0	1661
Int1_Pc_Pattern	NZ_CP010781.1	97.830	1014	22	0	1	1014	290298	289285	0.0	1792
Int1_Pc_Pattern	NZ_JWXK03000105.1	97.830	1014	22	0	1	1014	609	1622	0.0	1792
Int1_Pc_Pattern	NZ_JRQY01000076.1	97.830	1014	22	0	1	1014	748	1761	0.0	1792
Int1_Pc_Pattern	NZ_JPLK01000016.1	97.830	1014	22	0	1	1014	5098	6111	0.0	1792
Int1_Pc_Pattern	NZ_JPLF01000010.1	97.830	1014	22	0	1	1014	5627	6640	0.0	1792
Int1_Pc_Pattern	NZ_JMRW01000040.1	97.830	1014	22	0	1	1014	3255	2242	0.0	1792
Int1_Pc_Pattern	NZ_MJBQ01000107.1	97.732	1014	23	0	1	1014	2251	3264	0.0	1788
Int1_Pc_Pattern	NZ_CCFM01000031.1	97.732	1014	23	0	1	1014	7009	5996	0.0	1788
Int1_Pc_Pattern	NZ_LLJM01000056.1	97.826	1012	22	0	3	1014	26	1037	0.0	1788
Int1_Pc_Pattern	LLJM01000056.1	97.826	1012	22	0	3	1014	26	1037	0.0	1788
Int1_Pc_Pattern	NZ_CP024477.1	97.732	1014	23	0	1	1014	6585450	6584437	0.0	1786
Int1_Pc_Pattern	NZ_NINQ01000001.1	97.732	1014	23	0	1	1014	7975	8988	0.0	1786
Int1_Pc_Pattern	NZ_MPBP01000002.1	97.732	1014	23	0	1	1014	612600	611587	0.0	1786
Int1_Pc_Pattern	NZ_NHOE01000035.1	97.732	1014	23	0	1	1014	8429	9442	0.0	1786
Int1_Pc_Pattern	NZ_CP022023.1	97.734	1015	22	1	1	1014	4067027	4068041	0.0	1786
Int1_Pc_Pattern	NZ_LNIG01000016.1	97.732	1014	23	0	1	1014	71	1084	0.0	1786
Int1_Pc_Pattern	DAFKSD010000123.1	97.732	1014	23	0	1	1014	1533	520	0.0	1786
Int1_Pc_Pattern	DAFKSD010000076.1	97.732	1014	23	0	1	1014	6030	7043	0.0	1786
Int1_Pc_Pattern	NZ_LVOI01000023.1	97.732	1014	23	0	1	1014	28486	27473	0.0	1786
Int1_Pc_Pattern	NZ_LQTZ01000137.1	97.732	1014	23	0	1	1014	4786	5799	0.0	1786
Int1_Pc_Pattern	NZ_LQTQ01000139.1	97.732	1014	23	0	1	1014	1898	885	0.0	1786
Int1_Pc_Pattern	NZ_LQSC01000086.1	97.732	1014	23	0	1	1014	1884	871	0.0	1786
Int1_Pc_Pattern	NZ_LJXY01000067.1	97.732	1014	23	0	1	1014	1283	270	0.0	1786
Int1_Pc_Pattern	NZ_CP010372.1	97.732	1014	23	0	1	1014	113145	112132	0.0	1786
Int1_Pc_Pattern	NZ_JUBQ01000102.1	97.732	1014	23	0	1	1014	5417	6430	0.0	1786
Int1_Pc_Pattern	NZ_NDAN01000026.1	97.732	1014	23	0	1	1014	2675	3688	0.0	1786
Int1_Pc_Pattern	NZ_NDAH01000119.1	97.732	1014	23	0	1	1014	5060	6073	0.0	1786
Int1_Pc_Pattern	NZ_NDAG01000104.1	97.732	1014	23	0	1	1014	2675	3688	0.0	1786
Int1_Pc_Pattern	NZ_NDAC01000047.1	97.732	1014	23	0	1	1014	1609	596	0.0	1786
Int1_Pc_Pattern	NZ_NGJF01000026.1	97.732	1014	23	0	1	1014	2675	3688	0.0	1786
Int1_Pc_Pattern	NZ_NGGK01000005.1	97.732	1014	23	0	1	1014	88372	89385	0.0	1786
Int1_Pc_Pattern	NZ_NGFC01000010.1	97.732	1014	23	0	1	1014	2675	3688	0.0	1786
Int1_Pc_Pattern	NZ_NGEO01000039.1	97.732	1014	23	0	1	1014	1609	596	0.0	1786
Int1_Pc_Pattern	NZ_NGDR01000064.1	97.732	1014	23	0	1	1014	5060	6073	0.0	1786
Int1_Pc_Pattern	NZ_NGDF01000011.1	97.732	1014	23	0	1	1014	43465	42452	0.0	1786
Int1_Pc_Pattern	NZ_MSNP01000049.1	97.732	1014	23	0	1	1014	5060	6073	0.0	1786
Int1_Pc_Pattern	NZ_MSNL01000081.1	97.732	1014	23	0	1	1014	1609	596	0.0	1786
Int1_Pc_Pattern	NZ_LZXK01000084.1	97.732	1014	23	0	1	1014	5055	6068	0.0	1786
Int1_Pc_Pattern	NZ_LZXI01000098.1	97.732	1014	23	0	1	1014	5055	6068	0.0	1786
Int1_Pc_Pattern	NZ_LZXF01000134.1	97.732	1014	23	0	1	1014	5055	6068	0.0	1786
Int1_Pc_Pattern	NZ_LZXE01000018.1	97.732	1014	23	0	1	1014	1607	594	0.0	1786
Int1_Pc_Pattern	NZ_LZXA01000027.1	97.732	1014	23	0	1	1014	1607	594	0.0	1786
Int1_Pc_Pattern	NZ_LZWY01000016.1	97.732	1014	23	0	1	1014	1607	594	0.0	1786
Int1_Pc_Pattern	NZ_LZWS01000040.1	97.732	1014	23	0	1	1014	5055	6068	0.0	1786
Int1_Pc_Pattern	NZ_LZWF01000101.1	97.732	1014	23	0	1	1014	5055	6068	0.0	1786
Int1_Pc_Pattern	NZ_LZWB01000093.1	97.732	1014	23	0	1	1014	1607	594	0.0	1786
Int1_Pc_Pattern	NZ_LZWC01000098.1	97.732	1014	23	0	1	1014	5055	6068	0.0	1786
Int1_Pc_Pattern	NZ_LZVX01000112.1	97.732	1014	23	0	1	1014	5055	6068	0.0	1786
Int1_Pc_Pattern	NZ_CP035043.1	97.732	1014	23	0	1	1014	1518464	1517451	0.0	1786
Int1_Pc_Pattern	NZ_CP035051.1	97.732	1014	23	0	1	1014	1521524	1520511	0.0	1786
Int1_Pc_Pattern	NZ_LZVP01000031.1	97.732	1014	23	0	1	1014	1607	594	0.0	1786
Int1_Pc_Pattern	NZ_LZVO01000111.1	97.732	1014	23	0	1	1014	5055	6068	0.0	1786
Int1_Pc_Pattern	NZ_LZVF01000106.1	97.732	1014	23	0	1	1014	1607	594	0.0	1786
Int1_Pc_Pattern	NZ_LZVD01000022.1	97.732	1014	23	0	1	1014	1608	595	0.0	1786
Int1_Pc_Pattern	NZ_LZVC01000062.1	97.732	1014	23	0	1	1014	1607	594	0.0	1786
Int1_Pc_Pattern	NZ_LZVA01000118.1	97.732	1014	23	0	1	1014	5055	6068	0.0	1786
Int1_Pc_Pattern	NZ_LZUN01000051.1	97.732	1014	23	0	1	1014	5055	6068	0.0	1786
Int1_Pc_Pattern	NZ_LZUK01000053.1	97.732	1014	23	0	1	1014	5055	6068	0.0	1786
Int1_Pc_Pattern	NZ_LZUI01000004.1	97.732	1014	23	0	1	1014	1607	594	0.0	1786
Int1_Pc_Pattern	NZ_LZUF01000133.1	97.732	1014	23	0	1	1014	1607	594	0.0	1786
Int1_Pc_Pattern	NZ_LZUH01000043.1	97.732	1014	23	0	1	1014	5055	6068	0.0	1786
Int1_Pc_Pattern	NZ_LZUE01000031.1	97.732	1014	23	0	1	1014	1607	594	0.0	1786
Int1_Pc_Pattern	NZ_LZTZ01000118.1	97.732	1014	23	0	1	1014	1607	594	0.0	1786
Int1_Pc_Pattern	NZ_LZUA01000102.1	97.732	1014	23	0	1	1014	1607	594	0.0	1786
Int1_Pc_Pattern	NZ_LZTQ01000141.1	97.732	1014	23	0	1	1014	5055	6068	0.0	1786
Int1_Pc_Pattern	NZ_LZXU01000008.1	97.732	1014	23	0	1	1014	5055	6068	0.0	1786
Int1_Pc_Pattern	NZ_LZXQ01000010.1	97.732	1014	23	0	1	1014	5055	6068	0.0	1786
Int1_Pc_Pattern	NZ_LZWO01000001.1	97.732	1014	23	0	1	1014	5055	6068	0.0	1786
Int1_Pc_Pattern	NZ_LZVN01000046.1	97.732	1014	23	0	1	1014	1607	594	0.0	1786
Int1_Pc_Pattern	NZ_LZVL01000084.1	97.732	1014	23	0	1	1014	1607	594	0.0	1786
Int1_Pc_Pattern	NZ_LZVG01000127.1	97.732	1014	23	0	1	1014	1607	594	0.0	1786
Int1_Pc_Pattern	NZ_LZVE01000050.1	97.732	1014	23	0	1	1014	5055	6068	0.0	1786
Int1_Pc_Pattern	NZ_LZUZ01000069.1	97.732	1014	23	0	1	1014	1607	594	0.0	1786
Int1_Pc_Pattern	NZ_LZXV01000119.1	97.732	1014	23	0	1	1014	5055	6068	0.0	1786
Int1_Pc_Pattern	NZ_LZXP01000074.1	97.732	1014	23	0	1	1014	5055	6068	0.0	1786
Int1_Pc_Pattern	NZ_LZXB01000128.1	97.732	1014	23	0	1	1014	5055	6068	0.0	1786
Int1_Pc_Pattern	NZ_LZWQ01000061.1	97.732	1014	23	0	1	1014	5055	6068	0.0	1786
Int1_Pc_Pattern	NZ_LZWG01000058.1	97.732	1014	23	0	1	1014	1607	594	0.0	1786
Int1_Pc_Pattern	NZ_LZWE01000032.1	97.732	1014	23	0	1	1014	5055	6068	0.0	1786
Int1_Pc_Pattern	NZ_LZUS01000152.1	97.732	1014	23	0	1	1014	1607	594	0.0	1786
Int1_Pc_Pattern	NZ_LZTP01000099.1	97.732	1014	23	0	1	1014	5055	6068	0.0	1786
Int1_Pc_Pattern	NZ_LZVH01000085.1	97.732	1014	23	0	1	1014	5055	6068	0.0	1786
Int1_Pc_Pattern	NZ_LZXW01000104.1	97.732	1014	23	0	1	1014	5055	6068	0.0	1786
Int1_Pc_Pattern	NZ_LZVB01000121.1	97.732	1014	23	0	1	1014	1607	594	0.0	1786
Int1_Pc_Pattern	NZ_LZTX01000054.1	97.732	1014	23	0	1	1014	5055	6068	0.0	1786
Int1_Pc_Pattern	NZ_LZTT01000058.1	97.732	1014	23	0	1	1014	5060	6073	0.0	1786
Int1_Pc_Pattern	NZ_LZXO01000056.1	97.732	1014	23	0	1	1014	1882	869	0.0	1786
Int1_Pc_Pattern	NZ_LZXH01000106.1	97.732	1014	23	0	1	1014	1607	594	0.0	1786
Int1_Pc_Pattern	NZ_LZXT01000044.1	97.732	1014	23	0	1	1014	1607	594	0.0	1786
Int1_Pc_Pattern	NZ_LZWH01000034.1	97.732	1014	23	0	1	1014	5055	6068	0.0	1786
Int1_Pc_Pattern	NZ_LZWI01000075.1	97.732	1014	23	0	1	1014	1607	594	0.0	1786
Int1_Pc_Pattern	NZ_LZUO01000070.1	97.732	1014	23	0	1	1014	1607	594	0.0	1786
Int1_Pc_Pattern	NZ_LZBY01000055.1	97.732	1014	23	0	1	1014	1609	596	0.0	1786
Int1_Pc_Pattern	NZ_LZBW01000025.1	97.732	1014	23	0	1	1014	1609	596	0.0	1786
Int1_Pc_Pattern	NZ_LZBU01000104.1	97.732	1014	23	0	1	1014	1609	596	0.0	1786
Int1_Pc_Pattern	NZ_LZBT01000061.1	97.732	1014	23	0	1	1014	5060	6073	0.0	1786
Int1_Pc_Pattern	NZ_LZBR01000110.1	97.732	1014	23	0	1	1014	5060	6073	0.0	1786
Int1_Pc_Pattern	NZ_LZBQ01000041.1	97.732	1014	23	0	1	1014	1609	596	0.0	1786
Int1_Pc_Pattern	NZ_LZBN01000062.1	97.732	1014	23	0	1	1014	5060	6073	0.0	1786
Int1_Pc_Pattern	NZ_LZBK01000013.1	97.732	1014	23	0	1	1014	5060	6073	0.0	1786
Int1_Pc_Pattern	NZ_LZBG01000006.1	97.732	1014	23	0	1	1014	5060	6073	0.0	1786
Int1_Pc_Pattern	NZ_LZAZ01000090.1	97.732	1014	23	0	1	1014	1609	596	0.0	1786
Int1_Pc_Pattern	NZ_LZAH01000010.1	97.732	1014	23	0	1	1014	1609	596	0.0	1786
Int1_Pc_Pattern	NZ_LZAE01000001.1	97.732	1014	23	0	1	1014	124971	125984	0.0	1786
Int1_Pc_Pattern	NZ_LZAD01000033.1	97.732	1014	23	0	1	1014	1609	596	0.0	1786
Int1_Pc_Pattern	NZ_LYZS01000026.1	97.732	1014	23	0	1	1014	1609	596	0.0	1786
Int1_Pc_Pattern	NZ_LYZQ01000029.1	97.732	1014	23	0	1	1014	1609	596	0.0	1786
Int1_Pc_Pattern	NZ_LZAP01000019.1	97.732	1014	23	0	1	1014	1609	596	0.0	1786
Int1_Pc_Pattern	NZ_LZAJ01000035.1	97.732	1014	23	0	1	1014	1609	596	0.0	1786
Int1_Pc_Pattern	NZ_LYZY01000102.1	97.732	1014	23	0	1	1014	1609	596	0.0	1786
Int1_Pc_Pattern	NZ_LYZM01000066.1	97.732	1014	23	0	1	1014	3718	4731	0.0	1786
Int1_Pc_Pattern	NZ_LYZP01000086.1	97.732	1014	23	0	1	1014	1609	596	0.0	1786
Int1_Pc_Pattern	NZ_JZCK02000079.1	97.732	1014	23	0	1	1014	1607	594	0.0	1786
Int1_Pc_Pattern	NZ_JWTO03000105.1	97.732	1014	23	0	1	1014	1589	576	0.0	1786
Int1_Pc_Pattern	NZ_CP027044.1	97.732	1014	22	1	1	1014	110110	109098	0.0	1784
Int1_Pc_Pattern	NZ_CP027044.1	97.257	802	22	0	1	802	104858	105659	0.0	1400
Int1_Pc_Pattern	NZ_LRVP01000001.1	97.732	1014	22	1	1	1014	7899	8911	0.0	1784
Int1_Pc_Pattern	NZ_LLDV01000022.1	97.633	1014	24	0	1	1014	9398	10411	0.0	1781
Int1_Pc_Pattern	NZ_LLDO01000022.1	97.633	1014	24	0	1	1014	1655	642	0.0	1781
Int1_Pc_Pattern	NZ_LLCJ01000031.1	97.633	1014	24	0	1	1014	5150	6163	0.0	1781
Int1_Pc_Pattern	NZ_LLIM01000327.1	97.633	1014	24	0	1	1014	3150	2137	0.0	1781
Int1_Pc_Pattern	NZ_LLID01000193.1	97.633	1014	24	0	1	1014	5205	6218	0.0	1781
Int1_Pc_Pattern	NZ_LLHZ01000013.1	97.633	1014	24	0	1	1014	1869	856	0.0	1781
Int1_Pc_Pattern	NZ_LLII01000385.1	97.633	1014	24	0	1	1014	1738	725	0.0	1781
Int1_Pc_Pattern	NZ_LLHP01000043.1	97.633	1014	24	0	1	1014	5296	6309	0.0	1781
Int1_Pc_Pattern	NZ_LLGL01000153.1	97.633	1014	24	0	1	1014	5296	6309	0.0	1781
Int1_Pc_Pattern	NZ_LLGG01000032.1	97.633	1014	24	0	1	1014	5323	6336	0.0	1781
Int1_Pc_Pattern	NZ_JWUW03000071.1	97.633	1014	24	0	1	1014	665	1678	0.0	1781
Int1_Pc_Pattern	NZ_JBJNET010000002.1	97.633	1014	22	2	1	1014	170509	169498	0.0	1779
Int1_Pc_Pattern	NZ_JBJNET010000002.1	97.535	1014	22	2	1	1014	138200	137190	0.0	1772
Int1_Pc_Pattern	NZ_LZQJ01000035.1	97.813	1006	22	0	1	1006	19917	20922	0.0	1777
Int1_Pc_Pattern	NZ_LM995849.1	97.813	1006	22	0	1	1006	69329	70334	0.0	1777
Int1_Pc_Pattern	NZ_NFXG01000051.1	97.784	993	22	0	1	993	1149	2141	0.0	1753
Int1_Pc_Pattern	NZ_FBVS01000153.1	97.784	993	22	0	1	993	1013	21	0.0	1753
Int1_Pc_Pattern	NZ_LLFH01000012.1	97.784	993	22	0	1	993	1813	821	0.0	1753
Int1_Pc_Pattern	NZ_CYCQ01000103.1	97.771	987	22	0	1	987	1065	79	0.0	1742
Int1_Pc_Pattern	NZ_CYCG01000031.1	97.766	985	22	0	1	985	5559	4575	0.0	1738
Int1_Pc_Pattern	NZ_LM995927.1	97.766	985	22	0	1	985	27719	26735	0.0	1738
Int1_Pc_Pattern	NZ_NINN01000021.1	96.746	1014	22	1	1	1014	55242	56244	0.0	1720
Int1_Pc_Pattern	NZ_LVNE01000014.1	97.744	975	22	0	40	1014	1	975	0.0	1720
Int1_Pc_Pattern	NZ_LAIO01000020.1	97.718	964	22	0	1	964	32302	31339	0.0	1700
Int1_Pc_Pattern	NZ_CP114381.1	97.718	964	22	0	1	964	3701703	3702666	0.0	1700
Int1_Pc_Pattern	NZ_LVOU01000045.1	97.669	944	22	0	1	944	944	1	0.0	1663
Int1_Pc_Pattern	NZ_MPUY01000159.1	100.000	899	0	0	116	1014	1101	203	0.0	1661
Int1_Pc_Pattern	NZ_LLQC01000051.1	100.000	899	0	0	116	1014	74363	73465	0.0	1661
Int1_Pc_Pattern	NZ_NBOT01001288.1	100.000	899	0	0	116	1014	1	899	0.0	1661
Int1_Pc_Pattern	NZ_LSBZ01000298.1	100.000	899	0	0	116	1014	3093	2195	0.0	1661
Int1_Pc_Pattern	NZ_JBRUXE020000002.1	100.000	899	0	0	116	1014	56689	57587	0.0	1661
Int1_Pc_Pattern	NZ_JBMDGN010000067.1	100.000	899	0	0	116	1014	1	899	0.0	1661
Int1_Pc_Pattern	NZ_JAHESL010000038.1	100.000	899	0	0	116	1014	21	919	0.0	1661
Int1_Pc_Pattern	NZ_LPZE01000091.1	100.000	899	0	0	116	1014	1101	203	0.0	1661
Int1_Pc_Pattern	NZ_JUBY01000085.1	100.000	899	0	0	116	1014	1101	203	0.0	1661
Int1_Pc_Pattern	NZ_MDTS01000040.1	100.000	899	0	0	116	1014	1276	378	0.0	1661
Int1_Pc_Pattern	DAKLXH010000071.1	100.000	898	0	0	117	1014	1377	480	0.0	1659
Int1_Pc_Pattern	DAKLTM010000071.1	100.000	898	0	0	117	1014	1377	480	0.0	1659
Int1_Pc_Pattern	DAIXMV010000041.1	100.000	898	0	0	117	1014	1	898	0.0	1659
Int1_Pc_Pattern	DAFIKX010000132.1	100.000	898	0	0	117	1014	1378	481	0.0	1659
Int1_Pc_Pattern	NZ_CP018441.1	97.662	941	22	0	1	941	61455	62395	0.0	1657
Int1_Pc_Pattern	NZ_MANR01000103.1	97.657	939	22	0	1	939	1027	89	0.0	1653
Int1_Pc_Pattern	NZ_LUUX01000142.1	97.657	939	22	0	1	939	4350	5288	0.0	1653
Int1_Pc_Pattern	NZ_LVON01000024.1	97.652	937	22	0	49	985	20695	21631	0.0	1650
Int1_Pc_Pattern	NZ_LVON01000024.1	100.000	89	0	0	1	89	20583	20671	9.13e-38	165
Int1_Pc_Pattern	NZ_LQUF01000131.1	97.634	930	22	0	1	930	1000	71	0.0	1637
Int1_Pc_Pattern	NZ_LQUF01000131.1	100.000	77	0	0	165	241	1	77	4.28e-31	143
Int1_Pc_Pattern	DACOOT010000098.1	100.000	884	0	0	117	1000	884	1	0.0	1633
Int1_Pc_Pattern	NZ_NIPF01000010.1	97.627	927	22	0	1	927	462727	463653	0.0	1631
Int1_Pc_Pattern	NZ_NIPF01000010.1	100.000	90	0	0	925	1014	464007	464096	2.54e-38	167
Int1_Pc_Pattern	DAOYIT010000186.1	100.000	878	0	0	137	1014	1059	182	0.0	1622
Int1_Pc_Pattern	DACOPY010000089.1	100.000	878	0	0	137	1014	946	69	0.0	1622
Int1_Pc_Pattern	NZ_NFYN01000064.1	97.609	920	22	0	1	920	997	78	0.0	1618
Int1_Pc_Pattern	DANUCW010000102.1	100.000	871	0	0	117	987	871	1	0.0	1609
Int1_Pc_Pattern	NZ_JBZGFR010000003.1	97.569	905	22	0	1	905	43630	42726	0.0	1591
Int1_Pc_Pattern	NZ_JBZGFR010000003.1	100.000	117	0	0	898	1014	41759	41875	2.48e-53	217
Int1_Pc_Pattern	CP129956.1	97.569	905	22	0	1	905	181751	180847	0.0	1591
Int1_Pc_Pattern	CP129956.1	100.000	117	0	0	898	1014	175379	175263	2.48e-53	217
Int1_Pc_Pattern	DAJECX010000073.1	97.569	905	22	0	1	905	9861	8957	0.0	1591
Int1_Pc_Pattern	DAJECX010000073.1	100.000	117	0	0	898	1014	3489	3373	2.48e-53	217
Int1_Pc_Pattern	DAJECX010000043.1	97.569	905	22	0	1	905	6079	6983	0.0	1591
Int1_Pc_Pattern	DAJECX010000043.1	100.000	117	0	0	898	1014	12451	12567	2.48e-53	217
Int1_Pc_Pattern	NZ_CP015503.1	97.468	869	22	0	1	869	61540	62408	0.0	1524
Int1_Pc_Pattern	NZ_CGBHRI010000060.1	97.468	869	22	0	1	869	923	55	0.0	1524
Int1_Pc_Pattern	NZ_LNIN01000176.1	100.000	825	0	0	190	1014	1028	204	0.0	1524
Int1_Pc_Pattern	NZ_MPBT01000191.1	97.451	863	22	0	1	863	7961	8823	0.0	1513
Int1_Pc_Pattern	NZ_LLUY01000089.1	100.000	811	0	0	204	1014	1985	2795	0.0	1498
Int1_Pc_Pattern	NZ_LLUY01000089.1	100.000	89	0	0	1	89	1889	1977	9.13e-38	165
Int1_Pc_Pattern	NZ_NDES01000007.1	97.427	855	22	0	1	855	932	78	0.0	1498
Int1_Pc_Pattern	NZ_CCIQ01000187.1	100.000	797	0	0	218	1014	1294	498	0.0	1472
Int1_Pc_Pattern	NZ_CXZO01000069.1	100.000	792	0	0	223	1014	1	792	0.0	1463
Int1_Pc_Pattern	LJEY02000091.1	100.000	777	0	0	238	1014	1	777	0.0	1435
Int1_Pc_Pattern	NZ_LQWH01000148.1	99.869	764	1	0	251	1014	1	764	0.0	1406
Int1_Pc_Pattern	NZ_LXMV01000087.1	97.260	803	22	0	1	803	803	1	0.0	1402
Int1_Pc_Pattern	NZ_LLMF01000117.1	97.257	802	22	0	1	802	1258	457	0.0	1400
Int1_Pc_Pattern	NZ_LLMF01000117.1	100.000	116	0	0	899	1014	456	341	8.94e-53	215
Int1_Pc_Pattern	NZ_NQWF01000070.1	97.250	800	22	0	1	800	800	1	0.0	1397
Int1_Pc_Pattern	NZ_PHST01000113.1	97.247	799	22	0	1	799	4306	5104	0.0	1395
Int1_Pc_Pattern	NZ_PHST01000113.1	100.000	218	0	0	797	1014	5540	5757	1.78e-109	403
Int1_Pc_Pattern	NZ_LVWC01000001.1	97.247	799	22	0	1	799	6176390	6175592	0.0	1395
Int1_Pc_Pattern	NZ_LVWC01000001.1	100.000	218	0	0	797	1014	6175156	6174939	1.78e-109	403
Int1_Pc_Pattern	NZ_CP015003.1	97.247	799	22	0	1	799	2838907	2838109	0.0	1395
Int1_Pc_Pattern	NZ_CP015003.1	100.000	218	0	0	797	1014	2837673	2837456	1.78e-109	403
Int1_Pc_Pattern	NZ_CP015001.1	97.247	799	22	0	1	799	2671933	2671135	0.0	1395
Int1_Pc_Pattern	NZ_CP015001.1	100.000	218	0	0	797	1014	2670699	2670482	1.78e-109	403
Int1_Pc_Pattern	NZ_LLPQ01000027.1	97.247	799	22	0	1	799	4526	5324	0.0	1395
Int1_Pc_Pattern	NZ_LLPQ01000027.1	100.000	218	0	0	797	1014	5760	5977	1.78e-109	403
Int1_Pc_Pattern	NZ_CP021380.2	97.247	799	22	0	1	799	2671542	2670744	0.0	1395
Int1_Pc_Pattern	NZ_CP021380.2	100.000	218	0	0	797	1014	2670308	2670091	1.78e-109	403
Int1_Pc_Pattern	NZ_NIAN01000022.1	97.247	799	22	0	1	799	40	838	0.0	1395
Int1_Pc_Pattern	NZ_JAOPDE010000038.1	97.247	799	22	0	1	799	50948	50150	0.0	1395
Int1_Pc_Pattern	NZ_JAOPDE010000038.1	100.000	218	0	0	797	1014	49698	49481	1.78e-109	403
Int1_Pc_Pattern	JAOPDE010000038.1	97.247	799	22	0	1	799	50948	50150	0.0	1395
Int1_Pc_Pattern	JAOPDE010000038.1	100.000	218	0	0	797	1014	49698	49481	1.78e-109	403
Int1_Pc_Pattern	NZ_CP012582.1	97.243	798	22	0	1	798	4443747	4444544	0.0	1393
Int1_Pc_Pattern	NZ_CP012584.1	97.243	798	22	0	1	798	4703367	4702570	0.0	1393
Int1_Pc_Pattern	NZ_CP012584.1	97.121	799	22	1	1	798	4448845	4449643	0.0	1387
Int1_Pc_Pattern	NZ_CP012581.1	97.243	798	22	0	1	798	4447632	4448429	0.0	1393
Int1_Pc_Pattern	NZ_CP012581.1	97.243	798	22	0	1	798	4702154	4701357	0.0	1393
Int1_Pc_Pattern	NZ_CP012580.1	97.243	798	22	0	1	798	1238494	1237697	0.0	1393
Int1_Pc_Pattern	NZ_CP012585.1	97.243	798	22	0	1	798	4447633	4448430	0.0	1393
Int1_Pc_Pattern	NZ_NIAR01000230.1	97.243	798	22	0	1	798	165	962	0.0	1393
Int1_Pc_Pattern	NZ_NLDF01000045.1	97.243	798	22	0	1	798	4421	5218	0.0	1393
Int1_Pc_Pattern	NZ_NLDL01000044.1	97.243	798	22	0	1	798	4421	5218	0.0	1393
Int1_Pc_Pattern	NZ_NLDS01000046.1	97.243	798	22	0	1	798	4421	5218	0.0	1393
Int1_Pc_Pattern	NZ_NLED01000045.1	97.243	798	22	0	1	798	4421	5218	0.0	1393
Int1_Pc_Pattern	NZ_NLEO01000044.1	97.243	798	22	0	1	798	4421	5218	0.0	1393
Int1_Pc_Pattern	NZ_NLEQ01000047.1	97.243	798	22	0	1	798	4421	5218	0.0	1393
Int1_Pc_Pattern	NZ_NLFD01000044.1	97.243	798	22	0	1	798	4421	5218	0.0	1393
Int1_Pc_Pattern	NZ_NGYF01000092.1	97.243	798	22	0	1	798	3491	4288	0.0	1393
Int1_Pc_Pattern	NZ_NGYQ01000096.1	97.243	798	22	0	1	798	798	1	0.0	1393
Int1_Pc_Pattern	NZ_NGYK01000071.1	97.243	798	22	0	1	798	798	1	0.0	1393
Int1_Pc_Pattern	NZ_NGWM01000040.1	97.243	798	22	0	1	798	5635	6432	0.0	1393
Int1_Pc_Pattern	NZ_NGYY01000044.1	97.243	798	22	0	1	798	798	1	0.0	1393
Int1_Pc_Pattern	NZ_NGXS01000015.1	97.243	798	22	0	1	798	798	1	0.0	1393
Int1_Pc_Pattern	NZ_NFBG02000061.1	97.243	798	22	0	1	798	798	1	0.0	1393
Int1_Pc_Pattern	NZ_NEZB02000095.1	97.243	798	22	0	1	798	798	1	0.0	1393
Int1_Pc_Pattern	NZ_NDET01000018.1	97.243	798	22	0	1	798	798	1	0.0	1393
Int1_Pc_Pattern	NZ_NDEK01000074.1	97.243	798	22	0	1	798	3308	4105	0.0	1393
Int1_Pc_Pattern	NZ_NDEJ01000091.1	97.243	798	22	0	1	798	1068	1865	0.0	1393
Int1_Pc_Pattern	NZ_NDCV01000136.1	97.243	798	22	0	1	798	798	1	0.0	1393
Int1_Pc_Pattern	NZ_NDCM01000015.1	97.243	798	22	0	1	798	798	1	0.0	1393
Int1_Pc_Pattern	NZ_NDBH01000123.1	97.243	798	22	0	1	798	798	1	0.0	1393
Int1_Pc_Pattern	NZ_NDEC01000062.1	97.243	798	22	0	1	798	798	1	0.0	1393
Int1_Pc_Pattern	NZ_NDDC01000105.1	97.243	798	22	0	1	798	798	1	0.0	1393
Int1_Pc_Pattern	NZ_NDCR01000031.1	97.243	798	22	0	1	798	798	1	0.0	1393
Int1_Pc_Pattern	NZ_NDBW01000073.1	97.243	798	22	0	1	798	798	1	0.0	1393
Int1_Pc_Pattern	NZ_NDBM01000052.1	97.243	798	22	0	1	798	798	1	0.0	1393
Int1_Pc_Pattern	NZ_NDBL01000137.1	97.243	798	22	0	1	798	798	1	0.0	1393
Int1_Pc_Pattern	NZ_CP021539.1	97.243	798	22	0	1	798	2747671	2746874	0.0	1393
Int1_Pc_Pattern	NZ_NDIR01000012.1	97.243	798	22	0	1	798	798	1	0.0	1393
Int1_Pc_Pattern	NZ_CP020841.1	97.243	798	22	0	1	798	5432417	5431620	0.0	1393
Int1_Pc_Pattern	NZ_MSZL01000128.1	97.243	798	22	0	1	798	798	1	0.0	1393
Int1_Pc_Pattern	NZ_MSZM01000100.1	97.243	798	22	0	1	798	798	1	0.0	1393
Int1_Pc_Pattern	NZ_CP017987.1	97.243	798	22	0	1	798	54049	53252	0.0	1393
Int1_Pc_Pattern	NZ_CP018722.1	97.243	798	22	0	1	798	9009	9806	0.0	1393
Int1_Pc_Pattern	NZ_CP018716.1	97.243	798	22	0	1	798	44478	43681	0.0	1393
Int1_Pc_Pattern	NZ_CP018689.1	97.243	798	22	0	1	798	59011	59808	0.0	1393
Int1_Pc_Pattern	NZ_MPZB04000100.1	97.243	798	22	0	1	798	3309	4106	0.0	1393
Int1_Pc_Pattern	NZ_CP018318.1	97.243	798	22	0	1	798	84501	85298	0.0	1393
Int1_Pc_Pattern	NZ_MIFX01000105.1	97.243	798	22	0	1	798	798	1	0.0	1393
Int1_Pc_Pattern	NZ_MAGG01000035.1	97.243	798	22	0	1	798	925	128	0.0	1393
Int1_Pc_Pattern	NZ_JUBE01000079.1	97.243	798	22	0	1	798	896	99	0.0	1393
Int1_Pc_Pattern	NZ_CP014647.1	97.243	798	22	0	1	798	2267881	2267084	0.0	1393
Int1_Pc_Pattern	NZ_LRIM01000007.1	97.243	798	22	0	1	798	798	1	0.0	1393
Int1_Pc_Pattern	NZ_LTDV01000046.1	97.243	798	22	0	1	798	4421	5218	0.0	1393
Int1_Pc_Pattern	NZ_LNIC01000087.1	97.243	798	22	0	1	798	857	60	0.0	1393
Int1_Pc_Pattern	NZ_CCJD01000117.1	97.243	798	22	0	1	798	1367	2164	0.0	1393
Int1_Pc_Pattern	NZ_CCGW01000112.1	97.243	798	22	0	1	798	346	1143	0.0	1393
Int1_Pc_Pattern	NZ_CCGI01000122.1	97.243	798	22	0	1	798	1042	245	0.0	1393
Int1_Pc_Pattern	NZ_CCGF01000014.1	97.243	798	22	0	1	798	341887	342684	0.0	1393
Int1_Pc_Pattern	NZ_CCFO01000109.1	97.243	798	22	0	1	798	798	1	0.0	1393
Int1_Pc_Pattern	NZ_CP010392.1	97.243	798	22	0	1	798	3015854	3016651	0.0	1393
Int1_Pc_Pattern	NZ_JWRM01000003.1	97.243	798	22	0	1	798	1000962	1001759	0.0	1393
Int1_Pc_Pattern	NZ_JBCGRS010000071.1	97.243	798	22	0	1	798	140	937	0.0	1393
Int1_Pc_Pattern	NZ_JBHGTP010000105.1	100.000	754	0	0	116	869	1	754	0.0	1393
Int1_Pc_Pattern	NZ_BQGH01000081.1	97.243	798	22	0	1	798	798	1	0.0	1393
Int1_Pc_Pattern	JAMHKA010000002.1	97.243	798	22	0	1	798	40064	39267	0.0	1393
Int1_Pc_Pattern	BQGH01000081.1	97.243	798	22	0	1	798	798	1	0.0	1393
Int1_Pc_Pattern	NZ_LQUI01000049.1	97.243	798	22	0	1	798	10060	10857	0.0	1393
Int1_Pc_Pattern	NZ_LQSN01000073.1	97.243	798	22	0	1	798	875	78	0.0	1393
Int1_Pc_Pattern	NZ_LFQP01000094.1	97.243	798	22	0	1	798	1980	2777	0.0	1393
Int1_Pc_Pattern	NZ_NCXT01000044.1	97.243	798	22	0	1	798	16714	17511	0.0	1393
Int1_Pc_Pattern	NZ_NDAY01000043.1	97.243	798	22	0	1	798	798	1	0.0	1393
Int1_Pc_Pattern	NZ_NDAU01000019.1	97.243	798	22	0	1	798	16758	17555	0.0	1393
Int1_Pc_Pattern	NZ_NCZS01000063.1	97.243	798	22	0	1	798	13143	13940	0.0	1393
Int1_Pc_Pattern	NZ_NCZK01000060.1	97.243	798	22	0	1	798	16714	17511	0.0	1393
Int1_Pc_Pattern	NZ_NCYL01000028.1	97.243	798	22	0	1	798	5897	6694	0.0	1393
Int1_Pc_Pattern	NZ_NCYC01000053.1	97.243	798	22	0	1	798	875	78	0.0	1393
Int1_Pc_Pattern	NZ_NGIC01000192.1	97.243	798	22	0	1	798	13162	13959	0.0	1393
Int1_Pc_Pattern	NZ_NGJI01000030.1	97.243	798	22	0	1	798	798	1	0.0	1393
Int1_Pc_Pattern	NZ_NGHV01000002.1	97.243	798	22	0	1	798	16695	17492	0.0	1393
Int1_Pc_Pattern	NZ_NGJG01000091.1	97.243	798	22	0	1	798	1236	2033	0.0	1393
Int1_Pc_Pattern	NZ_NGHX01000040.1	97.243	798	22	0	1	798	798	1	0.0	1393
Int1_Pc_Pattern	NZ_NGHI01000068.1	97.243	798	22	0	1	798	16714	17511	0.0	1393
Int1_Pc_Pattern	NZ_NGHA01000059.1	97.243	798	22	0	1	798	16714	17511	0.0	1393
Int1_Pc_Pattern	NZ_NGFS01000032.1	97.243	798	22	0	1	798	16714	17511	0.0	1393
Int1_Pc_Pattern	NZ_NGFF01000040.1	97.243	798	22	0	1	798	16758	17555	0.0	1393
Int1_Pc_Pattern	NZ_NGEZ01000037.1	97.243	798	22	0	1	798	13162	13959	0.0	1393
Int1_Pc_Pattern	NZ_NGDL01000039.1	97.243	798	22	0	1	798	13162	13959	0.0	1393
Int1_Pc_Pattern	NZ_NGDG01000026.1	97.243	798	22	0	1	798	875	78	0.0	1393
Int1_Pc_Pattern	NZ_NGCL01000072.1	97.243	798	22	0	1	798	875	78	0.0	1393
Int1_Pc_Pattern	NZ_NGCC01000022.1	97.243	798	22	0	1	798	16714	17511	0.0	1393
Int1_Pc_Pattern	NZ_NGBZ01000035.1	97.243	798	22	0	1	798	5897	6694	0.0	1393
Int1_Pc_Pattern	NZ_LVYA01000131.1	97.243	798	22	0	1	798	798	1	0.0	1393
Int1_Pc_Pattern	NZ_CP020596.1	97.243	798	22	0	1	798	185036	184239	0.0	1393
Int1_Pc_Pattern	NZ_CP020591.1	97.243	798	22	0	1	798	3714125	3714922	0.0	1393
Int1_Pc_Pattern	NZ_CP020590.1	97.243	798	22	0	1	798	1150613	1149816	0.0	1393
Int1_Pc_Pattern	NZ_MWVO01000002.1	97.243	798	22	0	1	798	16714	17511	0.0	1393
Int1_Pc_Pattern	NZ_MSNS01000067.1	97.243	798	22	0	1	798	798	1	0.0	1393
Int1_Pc_Pattern	NZ_MJBM01000063.1	97.243	798	22	0	1	798	2690	3487	0.0	1393
Int1_Pc_Pattern	NZ_MJBK01000385.1	97.243	798	22	0	1	798	2690	3487	0.0	1393
Int1_Pc_Pattern	NZ_CP016298.1	97.243	798	22	0	1	798	1336364	1335567	0.0	1393
Int1_Pc_Pattern	NZ_CP018421.1	97.243	798	22	0	1	798	1334881	1334084	0.0	1393
Int1_Pc_Pattern	NZ_MLYW01000004.1	97.243	798	22	0	1	798	993	196	0.0	1393
Int1_Pc_Pattern	NZ_LZWK01000026.1	97.243	798	22	0	1	798	16711	17508	0.0	1393
Int1_Pc_Pattern	NZ_LZVQ01000019.1	97.243	798	22	0	1	798	874	77	0.0	1393
Int1_Pc_Pattern	NZ_LZVR01000042.1	97.243	798	22	0	1	798	13161	13958	0.0	1393
Int1_Pc_Pattern	NZ_LZBZ01000090.1	97.243	798	22	0	1	798	2462	3259	0.0	1393
Int1_Pc_Pattern	NZ_LZBF01000016.1	97.243	798	22	0	1	798	798	1	0.0	1393
Int1_Pc_Pattern	NZ_LYZV01000070.1	97.243	798	22	0	1	798	161	958	0.0	1393
Int1_Pc_Pattern	NZ_LZAO01000035.1	97.243	798	22	0	1	798	7574	8371	0.0	1393
Int1_Pc_Pattern	NZ_LYZR01000072.1	97.243	798	22	0	1	798	13162	13959	0.0	1393
Int1_Pc_Pattern	NZ_LRMI02000006.1	97.243	798	22	0	1	798	2504	3301	0.0	1393
Int1_Pc_Pattern	NZ_LRMK02000019.1	97.243	798	22	0	1	798	874	77	0.0	1393
Int1_Pc_Pattern	NZ_LLHR01000100.1	97.243	798	22	0	1	798	1004	207	0.0	1393
Int1_Pc_Pattern	NZ_LLGQ01000084.1	97.243	798	22	0	1	798	17072	17869	0.0	1393
Int1_Pc_Pattern	NZ_LLGS01000029.1	97.243	798	22	0	1	798	2729	3526	0.0	1393
Int1_Pc_Pattern	NZ_LLGP01000020.1	97.243	798	22	0	1	798	1146	349	0.0	1393
Int1_Pc_Pattern	NZ_LLFF01000019.1	97.243	798	22	0	1	798	1135	338	0.0	1393
Int1_Pc_Pattern	NZ_LFYW01000002.1	97.243	798	22	0	1	798	203979	203182	0.0	1393
Int1_Pc_Pattern	NZ_JUKM01000073.1	97.243	798	22	0	1	798	16696	17493	0.0	1393
Int1_Pc_Pattern	NZ_JWFF01000068.1	97.243	798	22	0	1	798	850	53	0.0	1393
Int1_Pc_Pattern	NZ_JWFE01000225.1	97.243	798	22	0	1	798	16676	17473	0.0	1393
Int1_Pc_Pattern	NZ_JWGN01000073.1	97.243	798	22	0	1	798	16696	17493	0.0	1393
Int1_Pc_Pattern	NZ_LAIN01000032.1	97.243	798	22	0	1	798	16655	17452	0.0	1393
Int1_Pc_Pattern	NZ_LAKP01000099.1	97.243	798	22	0	1	798	818	21	0.0	1393
Int1_Pc_Pattern	NZ_JZJG02000035.1	97.243	798	22	0	1	798	13143	13940	0.0	1393
Int1_Pc_Pattern	NZ_JZIZ02000039.1	97.243	798	22	0	1	798	13162	13959	0.0	1393
Int1_Pc_Pattern	NZ_JZCM02000049.1	97.243	798	22	0	1	798	16712	17509	0.0	1393
Int1_Pc_Pattern	NZ_CP015483.1	97.243	798	22	0	1	798	1389226	1388429	0.0	1393
Int1_Pc_Pattern	NZ_JZCO02000048.1	97.243	798	22	0	1	798	16712	17509	0.0	1393
Int1_Pc_Pattern	NZ_JZCN02000108.1	97.243	798	22	0	1	798	874	77	0.0	1393
Int1_Pc_Pattern	NZ_JWTW03000048.1	97.243	798	22	0	1	798	15946	16743	0.0	1393
Int1_Pc_Pattern	NZ_JWTX03000093.1	97.243	798	22	0	1	798	13085	13882	0.0	1393
Int1_Pc_Pattern	NZ_JWTZ03000026.1	97.243	798	22	0	1	798	15949	16746	0.0	1393
Int1_Pc_Pattern	NZ_JWUE03000053.1	97.243	798	22	0	1	798	16694	17491	0.0	1393
Int1_Pc_Pattern	NZ_JWUM03000045.1	97.243	798	22	0	1	798	856	59	0.0	1393
Int1_Pc_Pattern	NZ_JWTT03000094.1	97.243	798	22	0	1	798	3284	4081	0.0	1393
Int1_Pc_Pattern	NZ_JWWP03000038.1	97.243	798	22	0	1	798	15846	16643	0.0	1393
Int1_Pc_Pattern	NZ_JWWW03000044.1	97.243	798	22	0	1	798	16694	17491	0.0	1393
Int1_Pc_Pattern	NZ_JWXA03000318.1	97.243	798	22	0	1	798	2678	1881	0.0	1393
Int1_Pc_Pattern	NZ_JWWE03000045.1	97.243	798	22	0	1	798	798	1	0.0	1393
Int1_Pc_Pattern	NZ_JWYG03000069.1	97.243	798	22	0	1	798	856	59	0.0	1393
Int1_Pc_Pattern	NZ_JWYP03000058.1	97.243	798	22	0	1	798	3224	4021	0.0	1393
Int1_Pc_Pattern	NZ_JWWF03000012.1	97.243	798	22	0	1	798	856	59	0.0	1393
Int1_Pc_Pattern	NZ_JWYR03000029.1	97.243	798	22	0	1	798	856	59	0.0	1393
Int1_Pc_Pattern	NZ_JWVO03000086.1	97.243	798	22	0	1	798	16694	17491	0.0	1393
Int1_Pc_Pattern	NZ_JWVV03000096.1	97.243	798	22	0	1	798	856	59	0.0	1393
Int1_Pc_Pattern	NZ_JWVW03000164.1	97.243	798	22	0	1	798	856	59	0.0	1393
Int1_Pc_Pattern	NZ_JWWH03000178.1	97.243	798	22	0	1	798	4611	3814	0.0	1393
Int1_Pc_Pattern	NZ_JWWJ03000054.1	97.243	798	22	0	1	798	853	56	0.0	1393
Int1_Pc_Pattern	NZ_JWVG03000027.1	97.243	798	22	0	1	798	15352	14555	0.0	1393
Int1_Pc_Pattern	NZ_JWVI03000004.1	97.243	798	22	0	1	798	16694	17491	0.0	1393
Int1_Pc_Pattern	NZ_JWVK03000111.1	97.243	798	22	0	1	798	720	1517	0.0	1393
Int1_Pc_Pattern	NZ_JWXT03000114.1	97.243	798	22	0	1	798	2990	3787	0.0	1393
Int1_Pc_Pattern	NZ_JWXU03000093.1	97.243	798	22	0	1	798	2990	3787	0.0	1393
Int1_Pc_Pattern	NZ_JWXZ03000092.1	97.243	798	22	0	1	798	725	1522	0.0	1393
Int1_Pc_Pattern	NZ_JWVM03000164.1	97.243	798	22	0	1	798	712	1509	0.0	1393
Int1_Pc_Pattern	NZ_JWYD03000091.1	97.243	798	22	0	1	798	856	59	0.0	1393
Int1_Pc_Pattern	NZ_JWSF03000075.1	97.243	798	22	0	1	798	713	1510	0.0	1393
Int1_Pc_Pattern	NZ_JWSC03000003.1	97.243	798	22	0	1	798	16695	17492	0.0	1393
Int1_Pc_Pattern	NZ_JWSA03000006.1	97.243	798	22	0	1	798	16695	17492	0.0	1393
Int1_Pc_Pattern	NZ_JWRY03000139.1	97.243	798	22	0	1	798	2548	1751	0.0	1393
Int1_Pc_Pattern	NZ_JWRW03000022.1	97.243	798	22	0	1	798	16694	17491	0.0	1393
Int1_Pc_Pattern	NZ_JWRT03000104.1	97.243	798	22	0	1	798	777	1574	0.0	1393
Int1_Pc_Pattern	NZ_JWRU03000225.1	97.243	798	22	0	1	798	856	59	0.0	1393
Int1_Pc_Pattern	NZ_JPLH01000009.1	97.243	798	22	0	1	798	16704	17501	0.0	1393
Int1_Pc_Pattern	NZ_JAKWHS010000168.1	97.118	798	23	0	1	798	798	1	0.0	1389
Int1_Pc_Pattern	NZ_JAKWHT010000217.1	97.118	798	23	0	1	798	140	937	0.0	1389
Int1_Pc_Pattern	JAKWHS010000168.1	97.118	798	23	0	1	798	798	1	0.0	1389
Int1_Pc_Pattern	NZ_CCFU01000078.1	97.233	795	22	0	1	795	795	1	0.0	1387
Int1_Pc_Pattern	NZ_JAKWIM010000165.1	97.118	798	23	0	1	798	862	65	0.0	1387
Int1_Pc_Pattern	JAKWHW010000186.1	97.118	798	23	0	1	798	1824	2621	0.0	1387
Int1_Pc_Pattern	NZ_NIIV01000106.1	100.000	748	0	0	267	1014	5394	4647	0.0	1382
Int1_Pc_Pattern	NZ_NIJA01000100.1	100.000	748	0	0	267	1014	1	748	0.0	1382
Int1_Pc_Pattern	NZ_CCII01000113.1	100.000	741	0	0	274	1014	1	741	0.0	1369
Int1_Pc_Pattern	NZ_NJPJ01000122.1	97.194	784	22	0	1	784	2126	2909	0.0	1367
Int1_Pc_Pattern	NZ_NJPK01000034.1	97.194	784	22	0	1	784	2020	2803	0.0	1367
Int1_Pc_Pattern	NZ_CP022997.1	97.194	784	22	0	1	784	1430580	1431363	0.0	1367
Int1_Pc_Pattern	NZ_CP022882.1	97.194	784	22	0	1	784	200135	200918	0.0	1367
Int1_Pc_Pattern	NZ_NPHK01000071.1	97.194	784	22	0	1	784	2128	2911	0.0	1367
Int1_Pc_Pattern	NZ_NPHE01000063.1	97.194	784	22	0	1	784	911	128	0.0	1367
Int1_Pc_Pattern	NZ_NPHC01000062.1	97.194	784	22	0	1	784	911	128	0.0	1367
Int1_Pc_Pattern	NZ_NPGR01000061.1	97.194	784	22	0	1	784	911	128	0.0	1367
Int1_Pc_Pattern	NZ_NLCW01000104.1	97.194	784	22	0	1	784	919	136	0.0	1367
Int1_Pc_Pattern	NZ_NLCZ01000201.1	97.194	784	22	0	1	784	109	892	0.0	1367
Int1_Pc_Pattern	NZ_NLDE01000111.1	97.194	784	22	0	1	784	140	923	0.0	1367
Int1_Pc_Pattern	NZ_NLDI01000083.1	97.194	784	22	0	1	784	911	128	0.0	1367
Int1_Pc_Pattern	NZ_NLDK01000069.1	97.194	784	22	0	1	784	911	128	0.0	1367
Int1_Pc_Pattern	NZ_NLDM01000116.1	97.194	784	22	0	1	784	140	923	0.0	1367
Int1_Pc_Pattern	NZ_NLDX01000063.1	97.194	784	22	0	1	784	911	128	0.0	1367
Int1_Pc_Pattern	NZ_NLEH01000076.1	97.194	784	22	0	1	784	911	128	0.0	1367
Int1_Pc_Pattern	NZ_NLEL01000109.1	97.194	784	22	0	1	784	140	923	0.0	1367
Int1_Pc_Pattern	NZ_NLEU01000107.1	97.194	784	22	0	1	784	140	923	0.0	1367
Int1_Pc_Pattern	NZ_CM121373.1	97.194	784	22	0	1	784	3128141	3128924	0.0	1367
Int1_Pc_Pattern	NZ_CP036361.1	97.194	784	22	0	1	784	3141331	3142114	0.0	1367
Int1_Pc_Pattern	NZ_CP031721.1	97.194	784	22	0	1	784	3148972	3149755	0.0	1367
Int1_Pc_Pattern	NZ_CP015991.1	100.000	735	0	0	116	850	34886	35620	0.0	1358
Int1_Pc_Pattern	NZ_NFVI01000072.1	100.000	727	0	0	288	1014	1	727	0.0	1343
Int1_Pc_Pattern	NZ_LRJA01000034.1	100.000	727	0	0	288	1014	929	203	0.0	1343
Int1_Pc_Pattern	LRJA01000034.1	100.000	727	0	0	288	1014	929	203	0.0	1343
Int1_Pc_Pattern	NZ_NEZD02000071.1	97.139	769	22	0	1	769	1589	821	0.0	1339
Int1_Pc_Pattern	NZ_NQLN01000047.1	97.135	768	22	0	1	768	6984	6217	0.0	1338
Int1_Pc_Pattern	NZ_NQLL01000089.1	97.135	768	22	0	1	768	118	885	0.0	1338
Int1_Pc_Pattern	NZ_NFBD02000045.1	97.135	768	22	0	1	768	845	78	0.0	1338
Int1_Pc_Pattern	NZ_NFAZ02000102.1	97.135	768	22	0	1	768	140	907	0.0	1338
Int1_Pc_Pattern	NZ_NDEL01000017.1	97.135	768	22	0	1	768	1149	1916	0.0	1338
Int1_Pc_Pattern	NZ_NDEF01000019.1	97.135	768	22	0	1	768	768	1	0.0	1338
Int1_Pc_Pattern	NZ_NDDY01000073.1	97.135	768	22	0	1	768	3309	4076	0.0	1338
Int1_Pc_Pattern	NZ_NDCB01000057.1	97.135	768	22	0	1	768	768	1	0.0	1338
Int1_Pc_Pattern	NZ_NDBI01000105.1	97.135	768	22	0	1	768	1354	2121	0.0	1338
Int1_Pc_Pattern	NZ_NDDV01000021.1	97.135	768	22	0	1	768	3309	4076	0.0	1338
Int1_Pc_Pattern	NZ_NDDS01000052.1	97.135	768	22	0	1	768	1152	1919	0.0	1338
Int1_Pc_Pattern	NZ_NDDQ01000172.1	97.135	768	22	0	1	768	768	1	0.0	1338
Int1_Pc_Pattern	NZ_NDDM01000021.1	97.135	768	22	0	1	768	768	1	0.0	1338
Int1_Pc_Pattern	NZ_NDDJ01000098.1	97.135	768	22	0	1	768	768	1	0.0	1338
Int1_Pc_Pattern	NZ_NDDD01000022.1	97.135	768	22	0	1	768	845	78	0.0	1338
Int1_Pc_Pattern	NZ_NDCU01000151.1	97.135	768	22	0	1	768	768	1	0.0	1338
Int1_Pc_Pattern	NZ_NDCP01000029.1	97.135	768	22	0	1	768	3309	4076	0.0	1338
Int1_Pc_Pattern	NZ_NDCC01000033.1	97.135	768	22	0	1	768	845	78	0.0	1338
Int1_Pc_Pattern	NZ_NDBY01000019.1	97.135	768	22	0	1	768	768	1	0.0	1338
Int1_Pc_Pattern	NZ_NDBV01000003.1	97.135	768	22	0	1	768	1152	1919	0.0	1338
Int1_Pc_Pattern	NZ_NDIU01000134.1	97.135	768	22	0	1	768	768	1	0.0	1338
Int1_Pc_Pattern	NZ_CP015387.1	97.135	768	22	0	1	768	133930	134697	0.0	1338
Int1_Pc_Pattern	NZ_MAOR01000075.1	97.135	768	22	0	1	768	845	78	0.0	1338
Int1_Pc_Pattern	NZ_MAPM01000073.1	97.135	768	22	0	1	768	1152	1919	0.0	1338
Int1_Pc_Pattern	NZ_MAPH01000173.1	97.135	768	22	0	1	768	845	78	0.0	1338
Int1_Pc_Pattern	NZ_MPYX04000068.1	97.135	768	22	0	1	768	1152	1919	0.0	1338
Int1_Pc_Pattern	NZ_MPYW04000106.1	97.135	768	22	0	1	768	1152	1919	0.0	1338
Int1_Pc_Pattern	NZ_MPYV04000037.1	97.135	768	22	0	1	768	768	1	0.0	1338
Int1_Pc_Pattern	NZ_MPZC04000009.1	97.135	768	22	0	1	768	4294	5061	0.0	1338
Int1_Pc_Pattern	NZ_LOEG01000122.1	97.135	768	22	0	1	768	140	907	0.0	1338
Int1_Pc_Pattern	NZ_LOEF01000185.1	97.135	768	22	0	1	768	140	907	0.0	1338
Int1_Pc_Pattern	NZ_MPZA04000026.1	97.005	768	23	0	1	768	768	1	0.0	1332
Int1_Pc_Pattern	NZ_LLSN01000001.1	97.071	751	22	0	1	751	156820	157570	0.0	1306
Int1_Pc_Pattern	NZ_LLSN01000001.1	100.000	264	0	0	751	1014	157936	158199	4.77e-135	488
Int1_Pc_Pattern	NZ_MQNA01000057.1	100.000	707	0	0	308	1014	1	707	0.0	1306
Int1_Pc_Pattern	NZ_MPVF01000020.1	100.000	706	0	0	309	1014	77	782	0.0	1304
Int1_Pc_Pattern	NZ_NEZG02000043.1	100.000	705	0	0	310	1014	1264	560	0.0	1303
Int1_Pc_Pattern	NZ_LRAP01000097.1	96.796	749	24	0	1	749	822	74	0.0	1291
Int1_Pc_Pattern	NZ_LQUM01000045.1	96.796	749	24	0	1	749	1375	627	0.0	1291
Int1_Pc_Pattern	NZ_LQVO01000082.1	96.796	749	24	0	1	749	963	215	0.0	1291
Int1_Pc_Pattern	NZ_LQUR01000296.1	96.917	746	23	0	1	746	15958	16703	0.0	1291
Int1_Pc_Pattern	NZ_LQTL01000029.1	96.796	749	24	0	1	749	821	73	0.0	1291
Int1_Pc_Pattern	NZ_JUXP01000071.1	96.917	746	23	0	1	746	9275	10020	0.0	1291
Int1_Pc_Pattern	NZ_CDFR01000221.1	97.031	741	22	0	1	741	5362	6102	0.0	1288
Int1_Pc_Pattern	NZ_CCBT01000438.1	97.019	738	22	0	1	738	19	756	0.0	1282
Int1_Pc_Pattern	NZ_CDRL01000492.1	97.019	738	22	0	1	738	19	756	0.0	1282
Int1_Pc_Pattern	NZ_LVNS01000004.1	96.990	731	22	0	1	731	809	79	0.0	1269
Int1_Pc_Pattern	NZ_NIAL01000101.1	100.000	683	0	0	116	798	683	1	0.0	1262
Int1_Pc_Pattern	NZ_LZXS01000104.1	100.000	683	0	0	116	798	683	1	0.0	1262
Int1_Pc_Pattern	NZ_LMAM01000077.1	100.000	683	0	0	116	798	683	1	0.0	1262
Int1_Pc_Pattern	NZ_LAYM01000072.1	100.000	683	0	0	116	798	683	1	0.0	1262
Int1_Pc_Pattern	NZ_LAZK01000073.1	100.000	680	0	0	117	796	1	680	0.0	1256
Int1_Pc_Pattern	NZ_CCIN01000101.1	96.949	721	22	0	1	721	721	1	0.0	1251
Int1_Pc_Pattern	NZ_MSZJ01000066.1	100.000	671	0	0	235	905	1	671	0.0	1240
Int1_Pc_Pattern	NZ_CAIZTA010000066.1	99.851	673	0	1	288	960	6214	5543	0.0	1236
Int1_Pc_Pattern	NZ_CAIZTA010000066.1	100.000	66	0	0	949	1014	77	12	5.57e-25	122
Int1_Pc_Pattern	NZ_MANM01000259.1	96.914	713	22	0	1	713	713	1	0.0	1236
Int1_Pc_Pattern	NZ_JAIPKY010000013.1	100.000	660	0	0	355	1014	1	660	0.0	1219
Int1_Pc_Pattern	JAIPKY010000013.1	100.000	660	0	0	355	1014	1	660	0.0	1219
Int1_Pc_Pattern	NZ_LQUV01000216.1	100.000	659	0	0	356	1014	1046	388	0.0	1218
Int1_Pc_Pattern	NZ_LQUV01000158.1	100.000	659	0	0	356	1014	1	659	0.0	1218
Int1_Pc_Pattern	NZ_LQUV01000157.1	100.000	659	0	0	356	1014	1670	1012	0.0	1218
Int1_Pc_Pattern	NZ_NELT01000103.1	100.000	653	0	0	116	768	897	245	0.0	1206
Int1_Pc_Pattern	NZ_LIPM01000101.1	100.000	653	0	0	116	768	780	128	0.0	1206
Int1_Pc_Pattern	RXPU01000103.1	100.000	650	0	0	365	1014	1	650	0.0	1201
Int1_Pc_Pattern	DACOPV010000175.1	100.000	639	0	0	376	1014	707	69	0.0	1181
Int1_Pc_Pattern	NZ_BDLF01000073.1	96.774	682	22	0	1	682	703	22	0.0	1179
Int1_Pc_Pattern	NZ_AP024499.1	96.774	682	22	0	1	682	78383	77702	0.0	1179
Int1_Pc_Pattern	NZ_LVNZ01000002.1	96.774	682	22	0	1	682	287	968	0.0	1179
Int1_Pc_Pattern	NZ_LRWR01000173.1	96.774	682	22	0	1	682	743	62	0.0	1179
Int1_Pc_Pattern	NZ_LRVS01000144.1	96.774	682	22	0	1	682	682	1	0.0	1179
Int1_Pc_Pattern	NZ_LRVQ01000018.1	96.774	682	22	0	1	682	5170	5851	0.0	1179
Int1_Pc_Pattern	NZ_LNPW01000009.1	96.774	682	22	0	1	682	745	64	0.0	1179
Int1_Pc_Pattern	NZ_JFFM01000032.1	96.774	682	22	0	1	682	9472	10153	0.0	1179
Int1_Pc_Pattern	NZ_CP008715.1	96.628	682	23	0	1	682	80014	79333	0.0	1173
Int1_Pc_Pattern	NZ_CCBT01000431.1	100.000	630	0	0	385	1014	1	630	0.0	1164
Int1_Pc_Pattern	NZ_CDRL01000486.1	100.000	630	0	0	385	1014	1	630	0.0	1164
Int1_Pc_Pattern	NZ_LQTF01000106.1	96.702	667	22	0	1	667	1198	1864	0.0	1151
Int1_Pc_Pattern	NZ_JAJFCY010000104.1	96.682	663	22	0	1	663	663	1	0.0	1144
Int1_Pc_Pattern	JAJFCY010000104.1	96.682	663	22	0	1	663	663	1	0.0	1144
Int1_Pc_Pattern	NZ_NXHP01000222.1	96.651	657	22	0	1	657	657	1	0.0	1133
Int1_Pc_Pattern	NZ_NXHO01000231.1	96.651	657	22	0	1	657	657	1	0.0	1133
Int1_Pc_Pattern	NZ_NXHN01000304.1	96.651	657	22	0	1	657	657	1	0.0	1133
Int1_Pc_Pattern	NZ_MKEM01000332.1	100.000	613	0	0	402	1014	7593	6981	0.0	1133
Int1_Pc_Pattern	NZ_JHTM01000121.1	96.513	631	22	0	1	631	6282	6912	0.0	1085
Int1_Pc_Pattern	NZ_JHRS01000186.1	96.372	634	23	0	1	634	727	94	0.0	1085
Int1_Pc_Pattern	NZ_JFFM01000059.1	100.000	583	0	0	432	1014	1678	1096	0.0	1077
Int1_Pc_Pattern	NZ_MQNA01000048.1	96.370	606	22	0	1	606	606	1	0.0	1038
Int1_Pc_Pattern	NZ_JAJSXZ010000125.1	96.321	598	22	0	1	598	140	737	0.0	1024
Int1_Pc_Pattern	NZ_NPGK01000136.1	96.321	598	22	0	1	598	598	1	0.0	1024
Int1_Pc_Pattern	JAJSXZ010000125.1	96.321	598	22	0	1	598	140	737	0.0	1024
Int1_Pc_Pattern	NPGK01000136.1	96.321	598	22	0	1	598	598	1	0.0	1024
Int1_Pc_Pattern	NZ_NIZN01000105.1	96.265	589	22	0	1	589	116	704	0.0	1007
Int1_Pc_Pattern	NZ_NIZR01000109.1	96.265	589	22	0	1	589	116	704	0.0	1007
Int1_Pc_Pattern	NZ_CDFO01000162.1	100.000	543	0	0	256	798	791	249	0.0	1003
Int1_Pc_Pattern	NZ_JAJSXZ010000076.1	100.000	543	0	0	472	1014	1	543	0.0	1003
Int1_Pc_Pattern	NZ_NPGK01000072.1	100.000	543	0	0	472	1014	1	543	0.0	1003
Int1_Pc_Pattern	JAJSXZ010000076.1	100.000	543	0	0	472	1014	1	543	0.0	1003
Int1_Pc_Pattern	NPGK01000072.1	100.000	543	0	0	472	1014	1	543	0.0	1003
Int1_Pc_Pattern	NZ_JHSC01000051.1	96.226	583	22	0	1	583	1657	2239	0.0	996
Int1_Pc_Pattern	NZ_CDFR01000161.1	100.000	522	0	0	493	1014	1	522	0.0	965
Int1_Pc_Pattern	NZ_CCGI01000051.1	100.000	522	0	0	493	1014	7642	7121	0.0	965
Int1_Pc_Pattern	NZ_NDAZ01000104.1	100.000	511	0	0	288	798	1	511	0.0	944
Int1_Pc_Pattern	NZ_NDAS01000065.1	100.000	511	0	0	288	798	1	511	0.0	944
Int1_Pc_Pattern	NZ_NGFE01000016.1	100.000	511	0	0	288	798	1	511	0.0	944
Int1_Pc_Pattern	NZ_MSOY01000057.1	100.000	511	0	0	288	798	1	511	0.0	944
Int1_Pc_Pattern	NZ_MSNQ01000019.1	100.000	511	0	0	288	798	1	511	0.0	944
Int1_Pc_Pattern	NZ_MSNK01000067.1	100.000	511	0	0	288	798	1	511	0.0	944
Int1_Pc_Pattern	DACOIX010000128.1	100.000	510	0	0	505	1014	691	182	0.0	942
Int1_Pc_Pattern	NZ_NIZN01000103.1	100.000	502	0	0	513	1014	781	280	0.0	928
Int1_Pc_Pattern	NZ_NIZR01000107.1	100.000	502	0	0	513	1014	781	280	0.0	928
Int1_Pc_Pattern	NZ_CCIF01000151.1	95.903	537	22	0	1	537	1506	2042	0.0	911
Int1_Pc_Pattern	NZ_JWTQ03000136.1	100.000	492	0	0	307	798	549	58	0.0	909
Int1_Pc_Pattern	NZ_JAMGNC010000032.1	95.888	535	22	0	1	535	611	77	0.0	907
Int1_Pc_Pattern	JAMGNC010000032.1	95.888	535	22	0	1	535	611	77	0.0	907
Int1_Pc_Pattern	NZ_NQZB01000153.1	100.000	486	0	0	140	625	486	1	0.0	898
Int1_Pc_Pattern	NZ_CDFO01000108.1	95.802	524	22	0	1	524	1689	2212	0.0	887
Int1_Pc_Pattern	NZ_JAJFCY010000070.1	100.000	478	0	0	537	1014	4441	3964	0.0	883
Int1_Pc_Pattern	JAJFCY010000070.1	100.000	478	0	0	537	1014	4441	3964	0.0	883
Int1_Pc_Pattern	NZ_MOSH01000714.1	100.000	467	0	0	548	1014	1	467	0.0	863
Int1_Pc_Pattern	NZ_CCIF01000055.1	100.000	466	0	0	549	1014	4841	4376	0.0	861
Int1_Pc_Pattern	NZ_CCFO01000066.1	100.000	466	0	0	549	1014	6881	6416	0.0	861
Int1_Pc_Pattern	NZ_MPCR01000115.1	100.000	465	0	0	550	1014	571	107	0.0	859
Int1_Pc_Pattern	NZ_NQWF01000139.1	100.000	463	0	0	552	1014	1	463	0.0	856
Int1_Pc_Pattern	NZ_CCGW01000054.1	100.000	462	0	0	553	1014	1	462	0.0	854
Int1_Pc_Pattern	NZ_CDFO01000064.1	100.000	455	0	0	560	1014	35647	35193	0.0	841
Int1_Pc_Pattern	NZ_CCJD01000135.1	99.123	456	3	1	559	1014	82	536	0.0	824
Int1_Pc_Pattern	NZ_JNOI01000104.1	95.248	484	23	0	1	484	484	1	0.0	809
Int1_Pc_Pattern	NZ_NXHP01000030.1	100.000	434	0	0	581	1014	59842	59409	0.0	802
Int1_Pc_Pattern	NZ_NXHO01000035.1	100.000	434	0	0	581	1014	59842	59409	0.0	802
Int1_Pc_Pattern	NZ_NXHN01000024.1	100.000	434	0	0	581	1014	59842	59409	0.0	802
Int1_Pc_Pattern	NZ_JNOI01000190.1	99.537	432	2	0	318	749	833	402	0.0	787
Int1_Pc_Pattern	NZ_LQUV01000329.1	100.000	418	0	0	358	775	664	247	0.0	773
Int1_Pc_Pattern	NZ_LQUV01000329.1	100.000	254	0	0	699	952	1	254	1.73e-129	470
Int1_Pc_Pattern	DACOIX010000137.1	95.122	451	22	0	1	451	25	475	0.0	752
Int1_Pc_Pattern	NZ_LRVS01000084.1	100.000	406	0	0	609	1014	1	406	0.0	750
Int1_Pc_Pattern	NZ_NFYK01000089.1	95.056	445	22	0	1	445	5738	6182	0.0	741
Int1_Pc_Pattern	NZ_CCHJ01000192.1	95.056	445	22	0	1	445	532	88	0.0	741
Int1_Pc_Pattern	NZ_CCHD01000048.1	95.056	445	22	0	1	445	691	247	0.0	741
Int1_Pc_Pattern	NZ_CCBT01000639.1	95.011	441	22	0	1	441	441	1	0.0	734
Int1_Pc_Pattern	NZ_CDRL01000631.1	95.011	441	22	0	1	441	441	1	0.0	734
Int1_Pc_Pattern	NZ_LIVI01000083.1	94.966	437	22	0	1	437	4209	3773	0.0	726
Int1_Pc_Pattern	NZ_LQUV01000291.1	94.907	432	22	0	1	432	432	1	0.0	717
Int1_Pc_Pattern	NZ_LZYQ01000030.1	94.907	432	22	0	1	432	432	1	0.0	717
Int1_Pc_Pattern	NZ_JUCZ01000077.1	100.000	365	0	0	650	1014	21	385	0.0	675
Int1_Pc_Pattern	NZ_NLDE01000100.1	100.000	357	0	0	658	1014	1	357	0.0	660
Int1_Pc_Pattern	NZ_NLDM01000106.1	100.000	357	0	0	658	1014	1	357	0.0	660
Int1_Pc_Pattern	NZ_NLDR01000099.1	100.000	357	0	0	658	1014	1	357	0.0	660
Int1_Pc_Pattern	NZ_NLEL01000099.1	100.000	357	0	0	658	1014	1	357	0.0	660
Int1_Pc_Pattern	NZ_NLEU01000098.1	100.000	357	0	0	658	1014	1	357	0.0	660
Int1_Pc_Pattern	NZ_LVNR01000037.1	94.330	388	22	0	1	388	456	69	1.61e-179	636
Int1_Pc_Pattern	NZ_LVNR01000037.1	100.000	32	0	0	270	301	5182	5151	4.43e-06	60.2
Int1_Pc_Pattern	NZ_MIFX01000028.1	100.000	343	0	0	672	1014	1	343	5.79e-179	634
Int1_Pc_Pattern	NZ_LRIM01000051.1	100.000	343	0	0	672	1014	1	343	5.79e-179	634
Int1_Pc_Pattern	NZ_JBCGRS010000050.1	100.000	343	0	0	672	1014	4342	4000	5.79e-179	634
Int1_Pc_Pattern	NZ_BQGH01000028.1	100.000	343	0	0	672	1014	1	343	5.79e-179	634
Int1_Pc_Pattern	BQGH01000028.1	100.000	343	0	0	672	1014	1	343	5.79e-179	634
Int1_Pc_Pattern	NZ_LQUV01000186.1	94.087	389	22	1	1	388	970	582	7.49e-178	630
Int1_Pc_Pattern	NZ_LQUV01000186.1	89.862	217	22	0	1	217	217	1	1.84e-84	320
Int1_Pc_Pattern	NZ_LXMV01000054.1	100.000	338	0	0	677	1014	6968	6631	3.48e-176	625
Int1_Pc_Pattern	NZ_LLIK01000044.1	94.164	377	22	0	1	377	5853	6229	2.10e-173	616
Int1_Pc_Pattern	NZ_NIAN01000192.1	100.000	332	0	0	683	1014	1	332	7.54e-173	614
Int1_Pc_Pattern	NZ_LNIE01000228.1	94.133	375	22	0	1	375	375	1	2.71e-172	612
Int1_Pc_Pattern	NZ_NFAZ02000039.1	100.000	323	0	0	692	1014	4618	4296	7.60e-168	597
Int1_Pc_Pattern	NZ_NDEF01000156.1	100.000	323	0	0	692	1014	1	323	7.60e-168	597
Int1_Pc_Pattern	NZ_NDCB01000114.1	100.000	323	0	0	692	1014	1	323	7.60e-168	597
Int1_Pc_Pattern	NZ_NDBI01000020.1	100.000	323	0	0	692	1014	2064	1742	7.60e-168	597
Int1_Pc_Pattern	NZ_NDDQ01000174.1	100.000	323	0	0	692	1014	4618	4296	7.60e-168	597
Int1_Pc_Pattern	NZ_NDDM01000171.1	100.000	323	0	0	692	1014	6134	5812	7.60e-168	597
Int1_Pc_Pattern	NZ_NDDJ01000112.1	100.000	323	0	0	692	1014	1	323	7.60e-168	597
Int1_Pc_Pattern	NZ_NDCU01000054.1	100.000	323	0	0	692	1014	4615	4293	7.60e-168	597
Int1_Pc_Pattern	NZ_NDBY01000052.1	100.000	323	0	0	692	1014	1	323	7.60e-168	597
Int1_Pc_Pattern	NZ_MPZA04000036.1	100.000	323	0	0	692	1014	1	323	7.60e-168	597
Int1_Pc_Pattern	NZ_MPYV04000080.1	100.000	323	0	0	692	1014	33955	33633	7.60e-168	597
Int1_Pc_Pattern	NZ_LOEG01000080.1	100.000	323	0	0	692	1014	4618	4296	7.60e-168	597
Int1_Pc_Pattern	NZ_LOEF01000105.1	100.000	323	0	0	692	1014	4618	4296	7.60e-168	597
Int1_Pc_Pattern	NZ_CCBT01000453.1	93.973	365	22	0	1	365	2467	2831	9.83e-167	593
Int1_Pc_Pattern	NZ_CDRL01000272.1	93.973	365	22	0	1	365	365	1	9.83e-167	593
Int1_Pc_Pattern	NZ_NFXI01000040.1	93.956	364	22	0	1	364	438	75	3.53e-166	592
Int1_Pc_Pattern	NZ_NFWF01000079.1	93.956	364	22	0	1	364	9105	9468	3.53e-166	592
Int1_Pc_Pattern	NZ_NFVI01000005.1	93.956	364	22	0	1	364	140	503	3.53e-166	592
Int1_Pc_Pattern	NZ_LYPV01000086.1	93.956	364	22	0	1	364	3817	4180	3.53e-166	592
Int1_Pc_Pattern	NZ_LSBZ01000223.1	94.231	364	21	0	1	364	364	1	3.53e-166	592
Int1_Pc_Pattern	NZ_CAIZTA010000168.1	93.956	364	22	0	1	364	115	478	3.53e-166	592
Int1_Pc_Pattern	RXPU01000123.1	93.956	364	22	0	1	364	364	1	3.53e-166	592
Int1_Pc_Pattern	LJEY02000130.1	93.956	364	22	0	1	364	46	409	3.53e-166	592
Int1_Pc_Pattern	LJEY02000026.1	93.956	364	22	0	1	364	3429	3792	3.53e-166	592
Int1_Pc_Pattern	NZ_NDAZ01000060.1	93.956	364	22	0	1	364	158	521	3.53e-166	592
Int1_Pc_Pattern	NZ_NDAS01000072.1	93.956	364	22	0	1	364	158	521	3.53e-166	592
Int1_Pc_Pattern	NZ_NGFE01000021.1	93.956	364	22	0	1	364	158	521	3.53e-166	592
Int1_Pc_Pattern	NZ_CP020574.1	93.956	364	22	0	1	364	3728289	3727926	3.53e-166	592
Int1_Pc_Pattern	NZ_MSOY01000069.1	93.956	364	22	0	1	364	158	521	3.53e-166	592
Int1_Pc_Pattern	NZ_MSNQ01000013.1	93.956	364	22	0	1	364	158	521	3.53e-166	592
Int1_Pc_Pattern	NZ_MSNK01000003.1	93.956	364	22	0	1	364	158	521	3.53e-166	592
Int1_Pc_Pattern	NZ_CP017644.1	93.956	364	22	0	1	364	2562907	2563270	3.53e-166	592
Int1_Pc_Pattern	NZ_JWTQ03000137.1	93.939	363	22	0	1	363	363	1	1.27e-165	590
Int1_Pc_Pattern	AAXLNU010000073.1	93.889	360	22	0	1	360	3300	3659	5.91e-164	584
Int1_Pc_Pattern	NZ_JFFM01000063.1	99.683	315	1	0	432	746	1	315	9.90e-162	577
Int1_Pc_Pattern	NZ_JAIPKY010000015.1	93.785	354	22	0	1	354	74	427	1.28e-160	573
Int1_Pc_Pattern	JAIPKY010000015.1	93.785	354	22	0	1	354	74	427	1.28e-160	573
Int1_Pc_Pattern	NZ_LVYA01000032.1	100.000	306	0	0	709	1014	2616	2311	2.14e-158	566
Int1_Pc_Pattern	NZ_MPCR01000109.1	93.696	349	22	0	1	349	349	1	7.70e-158	564
Int1_Pc_Pattern	NZ_MJBQ01000168.1	93.642	346	22	0	1	346	346	1	3.58e-156	558
Int1_Pc_Pattern	NZ_MQNA01000035.1	100.000	299	0	0	308	606	299	1	1.67e-154	553
Int1_Pc_Pattern	AAXLNU010000125.1	100.000	299	0	0	716	1014	1	299	1.67e-154	553
Int1_Pc_Pattern	NZ_CCGI01000081.1	93.548	341	22	0	1	341	2020	2360	2.16e-153	549
Int1_Pc_Pattern	NZ_CCIF01000234.1	93.510	339	22	0	1	339	731	1069	2.79e-152	545
Int1_Pc_Pattern	NZ_NFBG02000031.1	100.000	293	0	0	722	1014	1	293	3.61e-151	542
Int1_Pc_Pattern	NZ_NEZB02000068.1	100.000	293	0	0	722	1014	4263	3971	3.61e-151	542
Int1_Pc_Pattern	NZ_NDET01000094.1	100.000	293	0	0	722	1014	6307	6015	3.61e-151	542
Int1_Pc_Pattern	NZ_NDCV01000037.1	100.000	293	0	0	722	1014	40704	40412	3.61e-151	542
Int1_Pc_Pattern	NZ_NDCM01000092.1	100.000	293	0	0	722	1014	1	293	3.61e-151	542
Int1_Pc_Pattern	NZ_NDBH01000081.1	100.000	293	0	0	722	1014	10339	10047	3.61e-151	542
Int1_Pc_Pattern	NZ_NDDC01000124.1	100.000	293	0	0	722	1014	40704	40412	3.61e-151	542
Int1_Pc_Pattern	NZ_NDCR01000061.1	100.000	293	0	0	722	1014	41270	40978	3.61e-151	542
Int1_Pc_Pattern	NZ_NDBW01000012.1	100.000	293	0	0	722	1014	1	293	3.61e-151	542
Int1_Pc_Pattern	NZ_NDBM01000074.1	100.000	293	0	0	722	1014	41270	40978	3.61e-151	542
Int1_Pc_Pattern	NZ_NDBL01000060.1	100.000	293	0	0	722	1014	33245	32953	3.61e-151	542
Int1_Pc_Pattern	NZ_NDIR01000141.1	100.000	293	0	0	722	1014	40359	40067	3.61e-151	542
Int1_Pc_Pattern	NZ_MSZL01000056.1	100.000	293	0	0	722	1014	10339	10047	3.61e-151	542
Int1_Pc_Pattern	NZ_MSZM01000049.1	100.000	293	0	0	722	1014	10339	10047	3.61e-151	542
Int1_Pc_Pattern	NZ_NDAY01000044.1	100.000	293	0	0	722	1014	5492	5200	3.61e-151	542
Int1_Pc_Pattern	NZ_NGJI01000017.1	100.000	293	0	0	722	1014	5492	5200	3.61e-151	542
Int1_Pc_Pattern	NZ_LZBF01000022.1	100.000	293	0	0	722	1014	5492	5200	3.61e-151	542
Int1_Pc_Pattern	NZ_LYZV01000073.1	100.000	293	0	0	722	1014	1580	1288	3.61e-151	542
Int1_Pc_Pattern	NZ_NDEC01000004.1	100.000	292	0	0	723	1014	6306	6015	1.30e-150	540
Int1_Pc_Pattern	NZ_LZXS01000010.1	100.000	292	0	0	723	1014	1	292	1.30e-150	540
Int1_Pc_Pattern	NZ_CCII01000183.1	93.373	332	22	0	1	332	1554	1885	2.17e-148	532
Int1_Pc_Pattern	NZ_JAKWHS010000154.1	100.000	288	0	0	727	1014	1	288	2.17e-148	532
Int1_Pc_Pattern	JAKWHS010000154.1	100.000	288	0	0	727	1014	1	288	2.17e-148	532
Int1_Pc_Pattern	NZ_NGHX01000048.1	100.000	286	0	0	729	1014	5485	5200	2.81e-147	529
Int1_Pc_Pattern	NZ_LLQC01000121.1	93.313	329	22	0	1	329	329	1	1.01e-146	527
Int1_Pc_Pattern	NZ_LLQC01000112.1	93.313	329	22	0	1	329	329	1	1.01e-146	527
Int1_Pc_Pattern	NZ_CP017656.1	93.313	329	22	0	1	329	2571875	2572203	1.01e-146	527
Int1_Pc_Pattern	NZ_CP017656.1	100.000	110	0	0	689	798	2572202	2572311	1.93e-49	204
Int1_Pc_Pattern	NZ_CDFO01000166.1	93.272	327	22	0	1	327	327	1	1.31e-145	523
Int1_Pc_Pattern	NZ_JAKWHT010000060.1	100.000	282	0	0	733	1014	4186	3905	4.70e-145	521
Int1_Pc_Pattern	DAXNOL010000117.1	92.675	314	23	0	1	314	419	106	1.03e-136	494
Int1_Pc_Pattern	DAXNOL010000022.1	92.926	311	22	0	1	311	3015	3325	1.03e-136	494
Int1_Pc_Pattern	NZ_NQLL01000112.1	100.000	264	0	0	642	905	1	264	4.77e-135	488
Int1_Pc_Pattern	NZ_CCBT01000297.1	100.000	263	0	0	752	1014	3419	3157	1.72e-134	486
Int1_Pc_Pattern	NZ_CDRL01000362.1	100.000	263	0	0	752	1014	1728	1466	1.72e-134	486
Int1_Pc_Pattern	NZ_NIIV01000175.1	92.691	301	22	0	1	301	301	1	3.71e-131	475
Int1_Pc_Pattern	NZ_NIJA01000157.1	92.691	301	22	0	1	301	118	418	3.71e-131	475
Int1_Pc_Pattern	NZ_MPCR01000096.1	93.023	301	21	0	1	301	1351	1051	3.71e-131	475
Int1_Pc_Pattern	NZ_LLPY01000058.1	92.691	301	22	0	1	301	7541	7241	3.71e-131	475
Int1_Pc_Pattern	NZ_LLTV01000027.1	92.691	301	22	0	1	301	355	655	3.71e-131	475
Int1_Pc_Pattern	NZ_LLTF01000265.1	92.691	301	22	0	1	301	355	655	3.71e-131	475
Int1_Pc_Pattern	NZ_CXZO01000061.1	92.691	301	22	0	1	301	10248	10548	3.71e-131	475
Int1_Pc_Pattern	NZ_NQWF01000137.1	100.000	249	0	0	552	800	1	249	1.04e-126	460
Int1_Pc_Pattern	NZ_MPCR01000079.1	100.000	249	0	0	348	596	249	1	1.04e-126	460
Int1_Pc_Pattern	NZ_LZYQ01000032.1	100.000	248	0	0	476	723	248	1	3.74e-126	459
Int1_Pc_Pattern	NZ_NIAR01000291.1	100.000	236	0	0	779	1014	1	236	1.75e-119	436
Int1_Pc_Pattern	NZ_NIAL01000102.1	100.000	235	0	0	780	1014	801	567	6.30e-119	435
Int1_Pc_Pattern	NZ_JUBE01000063.1	100.000	224	0	0	791	1014	96	319	8.21e-113	414
Int1_Pc_Pattern	NZ_LAZK01000080.1	100.000	218	0	0	797	1014	1	218	1.78e-109	403
Int1_Pc_Pattern	NZ_LFQP01000093.1	100.000	216	0	0	799	1014	2855	2640	2.30e-108	399
Int1_Pc_Pattern	NZ_MDTS01000047.1	91.538	260	22	0	1	260	260	1	2.30e-108	399
Int1_Pc_Pattern	NZ_LMAM01000082.1	100.000	216	0	0	799	1014	394	179	2.30e-108	399
Int1_Pc_Pattern	NZ_LAYM01000081.1	100.000	216	0	0	799	1014	394	179	2.30e-108	399
Int1_Pc_Pattern	NZ_LNIN01000111.1	90.984	244	22	0	1	244	9136	9379	1.80e-99	370
Int1_Pc_Pattern	NZ_JNOI01000183.1	99.029	206	1	1	541	746	1	205	6.48e-99	368
Int1_Pc_Pattern	NZ_JWUN03000027.1	90.717	237	22	0	1	237	237	1	1.40e-95	357
Int1_Pc_Pattern	NZ_CDFR01000298.1	100.000	191	0	0	824	1014	770	580	1.82e-94	353
Int1_Pc_Pattern	NZ_NMQM01000080.1	90.435	230	22	0	1	230	1115	1344	1.09e-91	344
Int1_Pc_Pattern	NZ_MOSH01000480.1	90.000	220	22	0	1	220	141	360	3.96e-86	326
Int1_Pc_Pattern	NZ_LZYQ01000086.1	100.000	174	0	0	791	964	1	174	5.12e-85	322
Int1_Pc_Pattern	NZ_MRYM02000093.1	89.862	217	22	0	1	217	217	1	1.84e-84	320
Int1_Pc_Pattern	NZ_LQUV01000352.1	89.862	217	22	0	1	217	217	1	1.84e-84	320
Int1_Pc_Pattern	NZ_LQUV01000352.1	100.000	77	0	0	358	434	616	540	4.28e-31	143
Int1_Pc_Pattern	NZ_LQUV01000328.1	89.862	217	22	0	1	217	448	664	1.84e-84	320
Int1_Pc_Pattern	NZ_LQUV01000328.1	100.000	77	0	0	147	223	1	77	4.28e-31	143
Int1_Pc_Pattern	NZ_LQUV01000207.1	89.862	217	22	0	1	217	330	546	1.84e-84	320
Int1_Pc_Pattern	NZ_LQUV01000207.1	89.163	203	22	0	1	203	927	1129	1.12e-76	294
Int1_Pc_Pattern	NZ_MPVF01000002.1	89.252	214	23	0	1	214	286	73	3.99e-81	309
Int1_Pc_Pattern	NZ_NDES01000005.1	100.000	162	0	0	853	1014	78	239	2.40e-78	300
Int1_Pc_Pattern	NZ_JBMDGN010000052.1	89.320	206	22	0	1	206	4859	5064	2.40e-78	300
Int1_Pc_Pattern	NZ_NBOT01001287.1	89.268	205	22	0	1	205	2	206	8.63e-78	298
Int1_Pc_Pattern	NZ_NBOT01001286.1	89.268	205	22	0	1	205	2	206	8.63e-78	298
Int1_Pc_Pattern	NZ_LQUV01000371.1	89.268	205	22	0	1	205	205	1	8.63e-78	298
Int1_Pc_Pattern	NZ_LVNE01000010.1	88.832	197	22	0	1	197	270	74	2.42e-73	283
Int1_Pc_Pattern	NZ_LNIN01000125.1	88.832	197	22	0	1	197	620	424	2.42e-73	283
Int1_Pc_Pattern	NZ_LNIN01000080.1	88.832	197	22	0	1	197	5287	5483	2.42e-73	283
Int1_Pc_Pattern	NZ_LZXS01000102.1	88.482	191	22	0	1	191	1583	1773	5.23e-70	272
Int1_Pc_Pattern	NZ_LZXS01000041.1	88.482	191	22	0	1	191	191	1	5.23e-70	272
Int1_Pc_Pattern	NZ_JAHESL010000023.1	88.421	190	22	0	1	190	6269	6458	1.88e-69	270
Int1_Pc_Pattern	NZ_JBHGTP010000128.1	100.000	145	0	0	870	1014	1	145	6.76e-69	268
Int1_Pc_Pattern	DALQLR010000090.1	88.360	189	22	0	1	189	189	1	6.76e-69	268
Int1_Pc_Pattern	NZ_MPCR01000075.1	100.000	143	0	0	872	1014	3675	3533	8.75e-68	265
Int1_Pc_Pattern	NZ_JAJSXZ010000112.1	88.108	185	22	0	1	185	185	1	1.13e-66	261
Int1_Pc_Pattern	JAJSXZ010000112.1	88.108	185	22	0	1	185	185	1	1.13e-66	261
Int1_Pc_Pattern	NZ_MPCR01000086.1	100.000	139	0	0	876	1014	1	139	1.46e-65	257
Int1_Pc_Pattern	DACONJ010000283.1	87.978	183	22	0	1	183	183	1	1.46e-65	257
Int1_Pc_Pattern	NZ_CAIZTA010000235.1	100.000	135	0	0	880	1014	146	12	2.45e-63	250
Int1_Pc_Pattern	NZ_LRVS01000029.1	98.582	141	2	0	609	749	210	70	2.45e-63	250
Int1_Pc_Pattern	NZ_LXMV01000103.1	99.242	132	0	1	677	808	1	131	1.91e-59	237
Int1_Pc_Pattern	NZ_NQLL01000128.1	100.000	127	0	0	642	768	249	123	6.86e-59	235
Int1_Pc_Pattern	NZ_MRYM02000138.1	100.000	127	0	0	328	454	1	127	6.86e-59	235
Int1_Pc_Pattern	NZ_MIFX01000142.1	100.000	127	0	0	672	798	1	127	6.86e-59	235
Int1_Pc_Pattern	NZ_JAJSXZ010000105.1	100.000	127	0	0	472	598	1892	1766	6.86e-59	235
Int1_Pc_Pattern	NZ_BQGH01000153.1	100.000	127	0	0	672	798	254	128	6.86e-59	235
Int1_Pc_Pattern	NZ_JAJFCY010000133.1	100.000	127	0	0	537	663	1	127	6.86e-59	235
Int1_Pc_Pattern	NZ_JAJFCY010000129.1	100.000	127	0	0	656	782	127	253	6.86e-59	235
Int1_Pc_Pattern	NZ_NPGK01000100.1	100.000	127	0	0	472	598	1892	1766	6.86e-59	235
Int1_Pc_Pattern	JAJSXZ010000105.1	100.000	127	0	0	472	598	1892	1766	6.86e-59	235
Int1_Pc_Pattern	BQGH01000153.1	100.000	127	0	0	672	798	254	128	6.86e-59	235
Int1_Pc_Pattern	JAJFCY010000133.1	100.000	127	0	0	537	663	1	127	6.86e-59	235
Int1_Pc_Pattern	JAJFCY010000129.1	100.000	127	0	0	656	782	127	253	6.86e-59	235
Int1_Pc_Pattern	NPGK01000100.1	100.000	127	0	0	472	598	1892	1766	6.86e-59	235
Int1_Pc_Pattern	NZ_NDFV01000086.1	86.286	175	24	0	1	175	121326	121500	8.87e-58	231
Int1_Pc_Pattern	NZ_JAJFCY010000130.1	100.000	120	0	0	895	1014	1	120	5.34e-55	222
Int1_Pc_Pattern	JAJFCY010000130.1	100.000	120	0	0	895	1014	1	120	5.34e-55	222
Int1_Pc_Pattern	NZ_NQLL01000047.1	100.000	117	0	0	898	1014	3819	3935	2.48e-53	217
Int1_Pc_Pattern	NZ_MCNT01000089.1	86.335	161	22	0	1	161	2001	2161	2.48e-53	217
Int1_Pc_Pattern	NZ_LLMF01000163.1	100.000	116	0	0	899	1014	456	341	8.94e-53	215
Int1_Pc_Pattern	NZ_MCNT01000083.1	86.250	160	22	0	1	160	2193	2352	8.94e-53	215
Int1_Pc_Pattern	NZ_NMQL01000136.1	100.000	115	0	0	116	230	241	127	3.21e-52	213
Int1_Pc_Pattern	NZ_LZQJ01000155.1	86.076	158	22	0	1	158	2275	2432	1.16e-51	211
Int1_Pc_Pattern	NZ_NIAH01000201.1	100.000	112	0	0	687	798	1	112	1.50e-50	207
Int1_Pc_Pattern	NZ_LZQI01000063.1	100.000	96	0	0	919	1014	4630	4535	1.17e-41	178
Int1_Pc_Pattern	NZ_LZQI01000008.1	100.000	96	0	0	919	1014	173005	172910	1.17e-41	178
Int1_Pc_Pattern	NZ_NXHO01000162.1	100.000	92	0	0	581	672	3428	3337	1.96e-39	171
Int1_Pc_Pattern	NZ_MPCR01000099.1	100.000	89	0	0	1	89	109	21	9.13e-38	165
Int1_Pc_Pattern	NZ_MPCR01000090.1	100.000	89	0	0	1	89	1567	1655	9.13e-38	165
Int1_Pc_Pattern	NZ_MPCR01000112.1	100.000	89	0	0	1	89	537	625	9.13e-38	165
Int1_Pc_Pattern	NZ_LLUY01000133.1	100.000	89	0	0	1	89	96	8	9.13e-38	165
Int1_Pc_Pattern	NZ_LLQC01000129.1	100.000	89	0	0	1	89	101	13	9.13e-38	165
Int1_Pc_Pattern	NZ_LLQC01000104.1	100.000	89	0	0	1	89	101	13	9.13e-38	165
Int1_Pc_Pattern	NZ_NIAL01000257.1	100.000	89	0	0	1	89	141	229	9.13e-38	165
Int1_Pc_Pattern	NZ_NIAL01000064.1	100.000	89	0	0	1	89	133	45	9.13e-38	165
Int1_Pc_Pattern	NZ_NIAR01000320.1	100.000	89	0	0	1	89	1781	1869	9.13e-38	165
Int1_Pc_Pattern	NZ_NELR01000060.1	100.000	89	0	0	1	89	2316	2228	9.13e-38	165
Int1_Pc_Pattern	NZ_NELT01000098.1	100.000	89	0	0	1	89	348	260	9.13e-38	165
Int1_Pc_Pattern	NZ_NBOT01001285.1	100.000	89	0	0	1	89	119	207	9.13e-38	165
Int1_Pc_Pattern	NZ_LSBZ01000132.1	100.000	89	0	0	1	89	120	32	9.13e-38	165
Int1_Pc_Pattern	NZ_LIPM01000037.1	100.000	89	0	0	1	89	7007	7095	9.13e-38	165
Int1_Pc_Pattern	NZ_CCJD01000086.1	100.000	89	0	0	1	89	109	21	9.13e-38	165
Int1_Pc_Pattern	NZ_CCGW01000075.1	100.000	89	0	0	1	89	381	293	9.13e-38	165
Int1_Pc_Pattern	NZ_JBHGTP010000102.1	100.000	89	0	0	1	89	801	889	9.13e-38	165
Int1_Pc_Pattern	NZ_JBHGTP010000096.1	100.000	89	0	0	1	89	966	1054	9.13e-38	165
Int1_Pc_Pattern	NZ_LLJM01000060.1	100.000	89	0	0	1	89	115	27	9.13e-38	165
Int1_Pc_Pattern	DANUCW010000098.1	100.000	89	0	0	1	89	989	1077	9.13e-38	165
Int1_Pc_Pattern	DANUCW010000067.1	100.000	89	0	0	1	89	3527	3615	9.13e-38	165
Int1_Pc_Pattern	DANUCW010000057.1	100.000	89	0	0	1	89	89	1	9.13e-38	165
Int1_Pc_Pattern	DAKLXH010000075.1	100.000	89	0	0	1	89	1063	1151	9.13e-38	165
Int1_Pc_Pattern	DAKLXH010000042.1	100.000	89	0	0	1	89	6030	6118	9.13e-38	165
Int1_Pc_Pattern	DAKLTM010000075.1	100.000	89	0	0	1	89	1063	1151	9.13e-38	165
Int1_Pc_Pattern	DAKLTM010000043.1	100.000	89	0	0	1	89	6030	6118	9.13e-38	165
Int1_Pc_Pattern	DAIXMV010000073.1	100.000	89	0	0	1	89	94	6	9.13e-38	165
Int1_Pc_Pattern	DAIXMV010000072.1	100.000	89	0	0	1	89	1894	1982	9.13e-38	165
Int1_Pc_Pattern	DAFKSN010000096.1	100.000	89	0	0	1	89	6030	6118	9.13e-38	165
Int1_Pc_Pattern	AAXLNU010000078.1	100.000	89	0	0	1	89	3409	3497	9.13e-38	165
Int1_Pc_Pattern	DACOPY010000079.1	100.000	89	0	0	1	89	1569	1657	9.13e-38	165
Int1_Pc_Pattern	DACOPY010000072.1	100.000	89	0	0	1	89	3014	3102	9.13e-38	165
Int1_Pc_Pattern	DACOPV010000138.1	100.000	89	0	0	1	89	2285	2373	9.13e-38	165
Int1_Pc_Pattern	LLJM01000060.1	100.000	89	0	0	1	89	115	27	9.13e-38	165
Int1_Pc_Pattern	NZ_LPZE01000168.1	100.000	89	0	0	1	89	110	22	9.13e-38	165
Int1_Pc_Pattern	NZ_LQWK01000070.1	100.000	89	0	0	1	89	5108	5196	9.13e-38	165
Int1_Pc_Pattern	NZ_JUBY01000163.1	100.000	89	0	0	1	89	110	22	9.13e-38	165
Int1_Pc_Pattern	NZ_JUBY01000108.1	100.000	89	0	0	1	89	110	22	9.13e-38	165
Int1_Pc_Pattern	NZ_JRPP01000180.1	100.000	89	0	0	1	89	2620	2708	9.13e-38	165
Int1_Pc_Pattern	NZ_LMAM01000065.1	100.000	89	0	0	1	89	1778	1866	9.13e-38	165
Int1_Pc_Pattern	NZ_LMAM01000037.1	100.000	89	0	0	1	89	115	27	9.13e-38	165
Int1_Pc_Pattern	NZ_LAZK01000065.1	100.000	89	0	0	1	89	1176	1264	9.13e-38	165
Int1_Pc_Pattern	NZ_LAZK01000036.1	100.000	89	0	0	1	89	116	28	9.13e-38	165
Int1_Pc_Pattern	NZ_LAYM01000064.1	100.000	89	0	0	1	89	1174	1262	9.13e-38	165
Int1_Pc_Pattern	NZ_LAYM01000062.1	100.000	89	0	0	1	89	115	27	9.13e-38	165
Int1_Pc_Pattern	DADXBF010000146.1	100.000	86	0	0	1	86	780	865	4.25e-36	159
Int1_Pc_Pattern	NZ_CP011576.1	100.000	83	0	0	932	1014	4180	4262	1.98e-34	154
Int1_Pc_Pattern	NZ_MAGK01000098.1	100.000	82	0	0	1	82	1808	1889	7.11e-34	152
Int1_Pc_Pattern	LJEY02000072.1	100.000	82	0	0	1	82	1510	1591	7.11e-34	152
Int1_Pc_Pattern	LJEY02000030.1	100.000	82	0	0	1	82	82	1	7.11e-34	152
Int1_Pc_Pattern	NZ_CXZO01000075.1	100.000	80	0	0	222	301	1	80	9.19e-33	148
Int1_Pc_Pattern	NZ_NDEC01000069.1	100.000	77	0	0	722	798	537	461	4.28e-31	143
Int1_Pc_Pattern	NZ_NDBW01000004.1	100.000	77	0	0	722	798	537	461	4.28e-31	143
Int1_Pc_Pattern	NZ_CAIZTA010000228.1	100.000	77	0	0	288	364	1	77	4.28e-31	143
Int1_Pc_Pattern	NZ_JAKWIP010000155.1	100.000	71	0	0	944	1014	1	71	9.26e-28	132
Int1_Pc_Pattern	NZ_LVON01000012.1	100.000	71	0	0	915	985	1	71	9.26e-28	132
Int1_Pc_Pattern	DAOKPI010000142.1	100.000	68	0	0	1	68	68	1	4.31e-26	126
Int1_Pc_Pattern	NZ_CAIZTA010000194.1	100.000	66	0	0	949	1014	1	66	5.57e-25	122
Int1_Pc_Pattern	NZ_MWKP01000066.1	100.000	60	0	0	242	301	7121	7062	1.21e-21	111
Int1_Pc_Pattern	NZ_MKEM01000273.1	100.000	59	0	0	243	301	1085	1027	4.34e-21	110
Int1_Pc_Pattern	DADXBF010000161.1	95.588	68	3	0	1	68	1412	1345	4.34e-21	110
Int1_Pc_Pattern	NZ_LXMX01000075.1	100.000	57	0	0	1	57	1768	1824	5.61e-20	106
Int1_Pc_Pattern	NZ_LXMX01000068.1	100.000	57	0	0	1	57	2021	2077	5.61e-20	106
Int1_Pc_Pattern	JAKWIG010000099.1	100.000	57	0	0	958	1014	1	57	5.61e-20	106
Int1_Pc_Pattern	NZ_JAKWIV010000146.1	100.000	55	0	0	960	1014	257	203	7.26e-19	102
Int1_Pc_Pattern	NZ_JAHESL010000027.1	100.000	50	0	0	1	50	3508	3557	4.37e-16	93.5
Int1_Pc_Pattern	NZ_JAKMLP010000050.1	100.000	46	0	0	1	46	46	1	7.31e-14	86.1
Int1_Pc_Pattern	NZ_JAKMLP010000042.1	100.000	46	0	0	1	46	9242	9287	7.31e-14	86.1
Int1_Pc_Pattern	JAKMLP010000050.1	100.000	46	0	0	1	46	46	1	7.31e-14	86.1
Int1_Pc_Pattern	JAKMLP010000042.1	100.000	46	0	0	1	46	9242	9287	7.31e-14	86.1
Int1_Pc_Pattern	NZ_NBEZ01000062.1	100.000	42	0	0	1	42	1997	2038	1.22e-11	78.7
Int1_Pc_Pattern	NZ_MAGI01000022.1	94.000	50	3	0	1	50	37733	37684	4.40e-11	76.8
Int1_Pc_Pattern	NZ_LNIE01000207.1	97.727	44	1	0	1	44	2585	2628	4.40e-11	76.8
Int1_Pc_Pattern	NZ_NQLO01000149.1	100.000	38	0	0	977	1014	1	38	2.05e-09	71.3
Int1_Pc_Pattern	NZ_NQLO01000127.1	100.000	38	0	0	977	1014	1000	963	2.05e-09	71.3
Int1_Pc_Pattern	NZ_LXMX01000130.1	100.000	38	0	0	977	1014	1	38	2.05e-09	71.3
Int1_Pc_Pattern	NZ_LXMX01000061.1	100.000	38	0	0	977	1014	1	38	2.05e-09	71.3
Int1_Pc_Pattern	NZ_JAJFCY010000135.1	100.000	38	0	0	977	1014	1	38	2.05e-09	71.3
Int1_Pc_Pattern	JAJFCY010000135.1	100.000	38	0	0	977	1014	1	38	2.05e-09	71.3
Int1_Pc_Pattern	NZ_LLSV01000100.1	100.000	37	0	0	978	1014	1	37	7.36e-09	69.4
Int1_Pc_Pattern	NZ_LLSV01000075.1	100.000	37	0	0	978	1014	121508	121472	7.36e-09	69.4
Int1_Pc_Pattern	NZ_LLSF01000085.1	100.000	37	0	0	978	1014	41646	41610	7.36e-09	69.4
Int1_Pc_Pattern	NZ_LLSF01000070.1	100.000	37	0	0	978	1014	1	37	7.36e-09	69.4
Int1_Pc_Pattern	NZ_LLRW01000084.1	100.000	37	0	0	978	1014	1	37	7.36e-09	69.4
Int1_Pc_Pattern	NZ_LLRW01000041.1	100.000	37	0	0	978	1014	1	37	7.36e-09	69.4
Int1_Pc_Pattern	NZ_LLRN01000061.1	100.000	37	0	0	978	1014	1	37	7.36e-09	69.4
Int1_Pc_Pattern	NZ_LLRN01000027.1	100.000	37	0	0	978	1014	194140	194104	7.36e-09	69.4
Int1_Pc_Pattern	NZ_LLMV01000031.1	100.000	37	0	0	978	1014	1	37	7.36e-09	69.4
Int1_Pc_Pattern	NZ_LLMV01000001.1	100.000	37	0	0	978	1014	700380	700344	7.36e-09	69.4
Int1_Pc_Pattern	NZ_LLLB01000032.1	100.000	37	0	0	978	1014	1	37	7.36e-09	69.4
Int1_Pc_Pattern	NZ_LLLB01000023.1	100.000	37	0	0	978	1014	447305	447269	7.36e-09	69.4
Int1_Pc_Pattern	NZ_NIIV01000100.1	100.000	35	0	0	267	301	7071	7037	9.53e-08	65.8
Int1_Pc_Pattern	NZ_NIJA01000085.1	100.000	35	0	0	267	301	7071	7037	9.53e-08	65.8
Int1_Pc_Pattern	NZ_MZZX01000315.1	100.000	35	0	0	1	35	35	1	9.53e-08	65.8
Int1_Pc_Pattern	NZ_MZZX01000314.1	100.000	35	0	0	1	35	35	1	9.53e-08	65.8
Int1_Pc_Pattern	NZ_NINP01000046.1	100.000	33	0	0	982	1014	1	33	1.23e-06	62.1
Int1_Pc_Pattern	NZ_NBIK01000054.1	100.000	32	0	0	270	301	13861	13830	4.43e-06	60.2
Int1_Pc_Pattern	NZ_MZZT01000204.1	100.000	32	0	0	270	301	1586	1617	4.43e-06	60.2
Int1_Pc_Pattern	NZ_MZZS01000149.1	100.000	32	0	0	270	301	1586	1617	4.43e-06	60.2
Int1_Pc_Pattern	NZ_CP027038.1	100.000	32	0	0	270	301	133077	133108	4.43e-06	60.2
Int1_Pc_Pattern	NZ_LXMV01000043.1	100.000	32	0	0	270	301	7160	7129	4.43e-06	60.2
Int1_Pc_Pattern	NZ_CGBHRI010000066.1	100.000	32	0	0	270	301	6249	6280	4.43e-06	60.2
Int1_Pc_Pattern	NZ_CAIZTE010000094.1	100.000	32	0	0	1	32	32	1	4.43e-06	60.2
Int1_Pc_Pattern	NZ_CAIZTE010000079.1	100.000	32	0	0	1	32	32	1	4.43e-06	60.2
Int1_Pc_Pattern	NZ_CAIZTG010000081.1	100.000	32	0	0	1	32	1903	1934	4.43e-06	60.2
Int1_Pc_Pattern	NZ_CAIZTG010000070.1	100.000	32	0	0	1	32	32	1	4.43e-06	60.2
Int1_Pc_Pattern	NZ_JBMDDT010000043.1	100.000	32	0	0	270	301	7809	7840	4.43e-06	60.2
Int1_Pc_Pattern	NZ_LRJA01000004.1	100.000	32	0	0	1	32	1981	2012	4.43e-06	60.2
Int1_Pc_Pattern	LRJA01000004.1	100.000	32	0	0	1	32	1981	2012	4.43e-06	60.2
Int1_Pc_Pattern	NZ_LVOO01000035.1	100.000	32	0	0	270	301	2758	2789	4.43e-06	60.2
Int1_Pc_Pattern	NZ_FBVS01000138.1	100.000	29	0	0	986	1014	58	86	2.06e-04	54.7
Int1_Pc_Pattern	NZ_CCIN01000010.1	100.000	28	0	0	987	1014	1	28	7.42e-04	52.8
