Int1_Pc_Pattern	NZ_JAAOET010000008.1	97.830	1014	22	0	1	1014	166156	165143	0.0	1792
Int1_Pc_Pattern	NZ_JAAOET010000008.1	95.911	538	22	0	1	538	174758	174221	0.0	913
Int1_Pc_Pattern	NZ_JAALHG010000040.1	97.830	1014	22	0	1	1014	5028	4015	0.0	1792
Int1_Pc_Pattern	NZ_JACCIJ010000080.1	97.830	1014	22	0	1	1014	3367	4380	0.0	1792
Int1_Pc_Pattern	NZ_JACCIH010000071.1	97.830	1014	22	0	1	1014	4758	5771	0.0	1792
Int1_Pc_Pattern	NZ_CP056774.1	97.830	1014	22	0	1	1014	5263419	5262406	0.0	1792
Int1_Pc_Pattern	NZ_CP056774.1	97.830	1014	22	0	1	1014	6273210	6274223	0.0	1792
Int1_Pc_Pattern	NZ_CP056774.1	97.830	1014	22	0	1	1014	6286495	6287508	0.0	1792
Int1_Pc_Pattern	NZ_CP056774.1	92.691	301	22	0	1	301	6261385	6261685	2.43e-130	475
Int1_Pc_Pattern	NZ_CP053917.1	97.830	1014	22	0	1	1014	2895452	2894439	0.0	1792
Int1_Pc_Pattern	NZ_CP053917.1	97.732	1014	23	0	1	1014	39285	40298	0.0	1786
Int1_Pc_Pattern	NZ_JABLTW010000106.1	97.830	1014	22	0	1	1014	1216	203	0.0	1792
Int1_Pc_Pattern	NZ_SWGR01000131.1	97.830	1014	22	0	1	1014	2817	3830	0.0	1792
Int1_Pc_Pattern	NZ_SWGO01000082.1	97.830	1014	22	0	1	1014	13144	12131	0.0	1792
Int1_Pc_Pattern	NZ_SWGG01000113.1	97.830	1014	22	0	1	1014	1216	203	0.0	1792
Int1_Pc_Pattern	NZ_CP045917.1	97.830	1014	22	0	1	1014	384477	385490	0.0	1792
Int1_Pc_Pattern	NZ_CP045917.1	92.691	301	22	0	1	301	376846	377146	2.43e-130	475
Int1_Pc_Pattern	NZ_WXZU01000049.1	97.830	1014	22	0	1	1014	2081	3094	0.0	1792
Int1_Pc_Pattern	NZ_WUDM01000176.1	97.830	1014	22	0	1	1014	6022	7035	0.0	1792
Int1_Pc_Pattern	NZ_WUDL01000140.1	97.830	1014	22	0	1	1014	6022	7035	0.0	1792
Int1_Pc_Pattern	NZ_VTFE01000040.1	97.830	1014	22	0	1	1014	55935	54922	0.0	1792
Int1_Pc_Pattern	NZ_CP039991.1	97.830	1014	22	0	1	1014	211457	210444	0.0	1792
Int1_Pc_Pattern	NZ_CP039991.1	97.830	1014	22	0	1	1014	254791	255804	0.0	1792
Int1_Pc_Pattern	NZ_CP039991.1	92.691	301	22	0	1	301	220917	220617	2.43e-130	475
Int1_Pc_Pattern	NZ_CP039991.1	92.691	301	22	0	1	301	245331	245631	2.43e-130	475
Int1_Pc_Pattern	NZ_CP041945.1	97.830	1014	22	0	1	1014	6802626	6803639	0.0	1792
Int1_Pc_Pattern	NZ_CP045739.1	97.830	1014	22	0	1	1014	3527449	3526436	0.0	1792
Int1_Pc_Pattern	NZ_CP045739.1	97.830	1014	22	0	1	1014	6120957	6119944	0.0	1792
Int1_Pc_Pattern	NZ_CP024630.1	97.830	1014	22	0	1	1014	5570059	5569046	0.0	1792
Int1_Pc_Pattern	NZ_CP024630.1	97.830	1014	22	0	1	1014	5804023	5803010	0.0	1792
Int1_Pc_Pattern	NZ_CP024630.1	92.691	301	22	0	1	301	5578136	5577836	2.43e-130	475
Int1_Pc_Pattern	NZ_VMNQ01000003.1	97.830	1014	22	0	1	1014	78038	79051	0.0	1792
Int1_Pc_Pattern	NZ_VMNP01000071.1	97.830	1014	22	0	1	1014	1263	250	0.0	1792
Int1_Pc_Pattern	NZ_VMTW01000036.1	97.830	1014	22	0	1	1014	9222	8209	0.0	1792
Int1_Pc_Pattern	NZ_CP043483.1	97.830	1014	22	0	1	1014	2457080	2456067	0.0	1792
Int1_Pc_Pattern	NZ_CP043483.1	97.830	1014	22	0	1	1014	4739742	4740755	0.0	1792
Int1_Pc_Pattern	NZ_CP043483.1	92.691	301	22	0	1	301	4729417	4729717	2.43e-130	475
Int1_Pc_Pattern	NZ_CP083367.1	97.830	1014	22	0	1	1014	64234	63221	0.0	1792
Int1_Pc_Pattern	NZ_VIHQ01000056.1	97.830	1014	22	0	1	1014	9030	8017	0.0	1792
Int1_Pc_Pattern	NZ_VIHP01000064.1	97.830	1014	22	0	1	1014	9030	8017	0.0	1792
Int1_Pc_Pattern	NZ_VIHN01000070.1	97.830	1014	22	0	1	1014	7588	8601	0.0	1792
Int1_Pc_Pattern	NZ_VIHC01000066.1	97.830	1014	22	0	1	1014	8980	7967	0.0	1792
Int1_Pc_Pattern	NZ_CM131228.1	97.830	1014	22	0	1	1014	2435134	2434121	0.0	1792
Int1_Pc_Pattern	NZ_CM131228.1	97.830	1014	22	0	1	1014	2480564	2479551	0.0	1792
Int1_Pc_Pattern	NZ_SSDD01000063.1	97.830	1014	22	0	1	1014	5707	4694	0.0	1792
Int1_Pc_Pattern	NZ_SSDE01000077.1	97.830	1014	22	0	1	1014	5250	4237	0.0	1792
Int1_Pc_Pattern	NZ_SRKE01000078.1	97.830	1014	22	0	1	1014	1216	203	0.0	1792
Int1_Pc_Pattern	NZ_SRKE01000077.1	97.830	1014	22	0	1	1014	1216	203	0.0	1792
Int1_Pc_Pattern	NZ_RWQE01000002.1	97.830	1014	22	0	1	1014	963608	962595	0.0	1792
Int1_Pc_Pattern	NZ_RWQD01000002.1	97.830	1014	22	0	1	1014	670555	669542	0.0	1792
Int1_Pc_Pattern	NZ_SCXC01000030.1	97.830	1014	22	0	1	1014	1415	402	0.0	1792
Int1_Pc_Pattern	NZ_SCWX01000079.1	97.830	1014	22	0	1	1014	2333	3346	0.0	1792
Int1_Pc_Pattern	NZ_SCWW01000081.1	97.830	1014	22	0	1	1014	1413	400	0.0	1792
Int1_Pc_Pattern	NZ_CP035739.1	97.830	1014	22	0	1	1014	2909397	2908384	0.0	1792
Int1_Pc_Pattern	NZ_CP035739.1	97.830	1014	22	0	1	1014	5674285	5675298	0.0	1792
Int1_Pc_Pattern	NZ_CP035739.1	97.160	1021	22	1	1	1014	2952041	2951021	0.0	1759
Int1_Pc_Pattern	NZ_SBKB01000014.1	97.830	1014	22	0	1	1014	111224	110211	0.0	1792
Int1_Pc_Pattern	NZ_SBJT01000032.1	97.830	1014	22	0	1	1014	4996	6009	0.0	1792
Int1_Pc_Pattern	NZ_CP034430.1	97.830	1014	22	0	1	1014	151906	150893	0.0	1792
Int1_Pc_Pattern	NZ_CP034409.1	97.830	1014	22	0	1	1014	5128723	5127710	0.0	1792
Int1_Pc_Pattern	NZ_CP034409.1	97.830	1014	22	0	1	1014	5158017	5159030	0.0	1792
Int1_Pc_Pattern	NZ_RXUR01000003.1	97.830	1014	22	0	1	1014	456559	455546	0.0	1792
Int1_Pc_Pattern	NZ_RXWS01000043.1	97.830	1014	22	0	1	1014	40082	39069	0.0	1792
Int1_Pc_Pattern	NZ_RXVL01000092.1	97.830	1014	22	0	1	1014	7379	8392	0.0	1792
Int1_Pc_Pattern	NZ_RXVZ01000124.1	97.830	1014	22	0	1	1014	6021	7034	0.0	1792
Int1_Pc_Pattern	NZ_RXVB01000034.1	97.830	1014	22	0	1	1014	67142	66129	0.0	1792
Int1_Pc_Pattern	NZ_RXUP01000065.1	97.830	1014	22	0	1	1014	63014	62001	0.0	1792
Int1_Pc_Pattern	NZ_RXSY01000085.1	97.830	1014	22	0	1	1014	13534	12521	0.0	1792
Int1_Pc_Pattern	NZ_RXTN01000057.1	97.830	1014	22	0	1	1014	6979	7992	0.0	1792
Int1_Pc_Pattern	NZ_RXTL01000080.1	97.830	1014	22	0	1	1014	1129	116	0.0	1792
Int1_Pc_Pattern	NZ_RXTC01000019.1	97.830	1014	22	0	1	1014	80169	79156	0.0	1792
Int1_Pc_Pattern	NZ_RWXN01000092.1	97.830	1014	22	0	1	1014	115412	114399	0.0	1792
Int1_Pc_Pattern	NZ_RWWO01000095.1	97.830	1014	22	0	1	1014	81187	82200	0.0	1792
Int1_Pc_Pattern	NZ_RWWO01000095.1	92.691	301	22	0	1	301	72374	72674	2.43e-130	475
Int1_Pc_Pattern	NZ_RWWJ01000098.1	97.830	1014	22	0	1	1014	38278	37265	0.0	1792
Int1_Pc_Pattern	NZ_RWWM01000128.1	97.830	1014	22	0	1	1014	1120	107	0.0	1792
Int1_Pc_Pattern	NZ_CP034354.1	97.830	1014	22	0	1	1014	1404117	1403104	0.0	1792
Int1_Pc_Pattern	NZ_NSPI01000051.1	97.830	1014	22	0	1	1014	1410	397	0.0	1792
Int1_Pc_Pattern	NZ_RRBK01000156.1	97.830	1014	22	0	1	1014	2784	1771	0.0	1792
Int1_Pc_Pattern	NZ_RRBF01000027.1	97.830	1014	22	0	1	1014	565	1578	0.0	1792
Int1_Pc_Pattern	NZ_RRBL01000060.1	97.830	1014	22	0	1	1014	14017	13004	0.0	1792
Int1_Pc_Pattern	NZ_NTAF01000033.1	97.830	1014	22	0	1	1014	35264	34251	0.0	1792
Int1_Pc_Pattern	NZ_NSVW01000041.1	97.830	1014	22	0	1	1014	1431	418	0.0	1792
Int1_Pc_Pattern	NZ_NSVG01000010.1	97.830	1014	22	0	1	1014	174658	173645	0.0	1792
Int1_Pc_Pattern	NZ_NSVE01000016.1	97.830	1014	22	0	1	1014	186162	185149	0.0	1792
Int1_Pc_Pattern	NZ_NSVA01000042.1	97.830	1014	22	0	1	1014	13532	12519	0.0	1792
Int1_Pc_Pattern	NZ_NSUH01000061.1	97.830	1014	22	0	1	1014	5548	4535	0.0	1792
Int1_Pc_Pattern	NZ_NSPP01000033.1	97.830	1014	22	0	1	1014	1930	2943	0.0	1792
Int1_Pc_Pattern	NZ_NSPJ01000030.1	97.830	1014	22	0	1	1014	1413	400	0.0	1792
Int1_Pc_Pattern	NZ_NSQM01000047.1	97.830	1014	22	0	1	1014	5548	4535	0.0	1792
Int1_Pc_Pattern	NZ_NSPH01000032.1	97.830	1014	22	0	1	1014	1339	326	0.0	1792
Int1_Pc_Pattern	NZ_NSOS01000025.1	97.830	1014	22	0	1	1014	1413	400	0.0	1792
Int1_Pc_Pattern	NZ_CP033834.1	97.830	1014	22	0	1	1014	8347	7334	0.0	1792
Int1_Pc_Pattern	NZ_CP033439.1	97.830	1014	22	0	1	1014	6697380	6696367	0.0	1792
Int1_Pc_Pattern	NZ_MCMD01000016.1	97.830	1014	22	0	1	1014	107283	108296	0.0	1792
Int1_Pc_Pattern	NZ_RABX01000723.1	97.830	1014	22	0	1	1014	1170	157	0.0	1792
Int1_Pc_Pattern	NZ_RACD01000139.1	97.830	1014	22	0	1	1014	68270	69283	0.0	1792
Int1_Pc_Pattern	NZ_RACF01000038.1	97.830	1014	22	0	1	1014	265886	266899	0.0	1792
Int1_Pc_Pattern	NZ_RACG01000107.1	97.830	1014	22	0	1	1014	114011	115024	0.0	1792
Int1_Pc_Pattern	NZ_RACH01000737.1	97.830	1014	22	0	1	1014	3718	2705	0.0	1792
Int1_Pc_Pattern	NZ_RACI01000050.1	97.830	1014	22	0	1	1014	234779	235792	0.0	1792
Int1_Pc_Pattern	NZ_RAEF01000109.1	97.830	1014	22	0	1	1014	3091	2078	0.0	1792
Int1_Pc_Pattern	NZ_RAEI01000046.1	97.830	1014	22	0	1	1014	9572	8559	0.0	1792
Int1_Pc_Pattern	NZ_RAFJ01000084.1	97.830	1014	22	0	1	1014	7002	8015	0.0	1792
Int1_Pc_Pattern	NZ_RAFL01000026.1	97.830	1014	22	0	1	1014	3998	2985	0.0	1792
Int1_Pc_Pattern	NZ_RAFY01000385.1	97.830	1014	22	0	1	1014	1349	336	0.0	1792
Int1_Pc_Pattern	NZ_CP032569.1	97.830	1014	22	0	1	1014	6710906	6711919	0.0	1792
Int1_Pc_Pattern	NZ_CP032569.1	94.923	453	23	0	1	453	6236078	6236530	0.0	750
Int1_Pc_Pattern	NZ_CP031876.1	97.830	1014	22	0	1	1014	6827828	6826815	0.0	1792
Int1_Pc_Pattern	NZ_CP029605.1	97.830	1014	22	0	1	1014	2435102	2434089	0.0	1792
Int1_Pc_Pattern	NZ_CP029605.1	97.830	1014	22	0	1	1014	5821511	5820498	0.0	1792
Int1_Pc_Pattern	NZ_CP029605.1	97.732	1014	23	0	1	1014	5106558	5105545	0.0	1786
Int1_Pc_Pattern	NZ_QVDE02000020.1	97.830	1014	22	0	1	1014	28215	29228	0.0	1792
Int1_Pc_Pattern	NZ_CP039294.1	97.830	1014	22	0	1	1014	28516	29529	0.0	1792
Int1_Pc_Pattern	NZ_QVCQ02000139.1	97.830	1014	22	0	1	1014	6654	7667	0.0	1792
Int1_Pc_Pattern	NZ_QVCP02000073.1	97.830	1014	22	0	1	1014	28215	29228	0.0	1792
Int1_Pc_Pattern	NZ_QVDB02000094.1	97.830	1014	22	0	1	1014	10174	11187	0.0	1792
Int1_Pc_Pattern	NZ_QVBJ02000003.1	97.830	1014	22	0	1	1014	69280	70293	0.0	1792
Int1_Pc_Pattern	NZ_QVBI02000044.1	97.830	1014	22	0	1	1014	49482	48469	0.0	1792
Int1_Pc_Pattern	NZ_CP030911.1	97.830	1014	22	0	1	1014	5149720	5148707	0.0	1792
Int1_Pc_Pattern	NZ_CP030911.1	92.691	301	22	0	1	301	5162548	5162248	2.43e-130	475
Int1_Pc_Pattern	NZ_CP030911.1	100.000	161	0	0	141	301	5158393	5158233	5.64e-77	298
Int1_Pc_Pattern	NZ_CP030912.1	97.830	1014	22	0	1	1014	5097701	5098714	0.0	1792
Int1_Pc_Pattern	NZ_CP030912.1	92.691	301	22	0	1	301	5088888	5089188	2.43e-130	475
Int1_Pc_Pattern	NZ_CP030913.1	97.830	1014	22	0	1	1014	5086636	5085623	0.0	1792
Int1_Pc_Pattern	NZ_CP030913.1	92.691	301	22	0	1	301	5099464	5099164	2.43e-130	475
Int1_Pc_Pattern	NZ_CP030913.1	100.000	161	0	0	141	301	5095309	5095149	5.64e-77	298
Int1_Pc_Pattern	NZ_QMGO01000001.1	97.830	1014	22	0	1	1014	1337504	1338517	0.0	1792
Int1_Pc_Pattern	NZ_QMGO01000001.1	97.830	1014	22	0	1	1014	6395194	6394181	0.0	1792
Int1_Pc_Pattern	NZ_QMGP01000002.1	97.830	1014	22	0	1	1014	94724	93711	0.0	1792
Int1_Pc_Pattern	NZ_QMGP01000001.1	97.830	1014	22	0	1	1014	1983618	1984631	0.0	1792
Int1_Pc_Pattern	NZ_CP029707.1	97.830	1014	22	0	1	1014	4900894	4899881	0.0	1792
Int1_Pc_Pattern	NZ_CP029707.1	97.830	1014	22	0	1	1014	4914958	4913945	0.0	1792
Int1_Pc_Pattern	NZ_CP029707.1	97.830	1014	22	0	1	1014	5923839	5924852	0.0	1792
Int1_Pc_Pattern	NZ_CP029707.1	92.691	301	22	0	1	301	4926783	4926483	2.43e-130	475
Int1_Pc_Pattern	NZ_CP029745.1	97.830	1014	22	0	1	1014	352051	351038	0.0	1792
Int1_Pc_Pattern	NZ_QJOY01000796.1	97.830	1014	22	0	1	1014	3775	4788	0.0	1792
Int1_Pc_Pattern	NZ_QHLT01000415.1	97.830	1014	22	0	1	1014	144	1157	0.0	1792
Int1_Pc_Pattern	NZ_QFRM01000080.1	97.830	1014	22	0	1	1014	1116	103	0.0	1792
Int1_Pc_Pattern	NZ_QFRL01000073.1	97.830	1014	22	0	1	1014	136	1149	0.0	1792
Int1_Pc_Pattern	NZ_CP029096.1	97.830	1014	22	0	1	1014	374478	375491	0.0	1792
Int1_Pc_Pattern	NZ_CP029089.1	97.830	1014	22	0	1	1014	5092587	5091574	0.0	1792
Int1_Pc_Pattern	NZ_CP029089.1	97.830	1014	22	0	1	1014	6177957	6176944	0.0	1792
Int1_Pc_Pattern	NZ_CP029089.1	92.691	301	22	0	1	301	6188233	6187933	2.43e-130	475
Int1_Pc_Pattern	NZ_CP027166.1	97.830	1014	22	0	1	1014	1717442	1718455	0.0	1792
Int1_Pc_Pattern	NZ_CP027166.1	97.830	1014	22	0	1	1014	5384617	5383604	0.0	1792
Int1_Pc_Pattern	NZ_CP027166.1	97.830	1014	22	0	1	1014	6302859	6303872	0.0	1792
Int1_Pc_Pattern	NZ_CP027166.1	97.732	1014	23	0	1	1014	3405509	3404496	0.0	1786
Int1_Pc_Pattern	NZ_CP027166.1	92.691	301	22	0	1	301	3410120	3409820	2.43e-130	475
Int1_Pc_Pattern	NZ_CP027174.1	97.830	1014	22	0	1	1014	4949281	4948268	0.0	1792
Int1_Pc_Pattern	NZ_CP027174.1	97.830	1014	22	0	1	1014	5934737	5935750	0.0	1792
Int1_Pc_Pattern	NZ_CP027174.1	92.691	301	22	0	1	301	4961106	4960806	2.43e-130	475
Int1_Pc_Pattern	NZ_CP027171.1	97.830	1014	22	0	1	1014	327548	326535	0.0	1792
Int1_Pc_Pattern	NZ_CP027171.1	97.830	1014	22	0	1	1014	339529	340542	0.0	1792
Int1_Pc_Pattern	NZ_JPEY01000001.1	97.830	1014	22	0	1	1014	2001507	2000494	0.0	1792
Int1_Pc_Pattern	NZ_PQGF01000121.1	97.830	1014	22	0	1	1014	1185	172	0.0	1792
Int1_Pc_Pattern	NZ_CP025054.1	97.830	1014	22	0	1	1014	47891	46878	0.0	1792
Int1_Pc_Pattern	NZ_NXHS01000023.1	97.830	1014	22	0	1	1014	93490	92477	0.0	1792
Int1_Pc_Pattern	NZ_NRFQ01000002.1	97.830	1014	22	0	1	1014	177703	176690	0.0	1792
Int1_Pc_Pattern	NZ_NMPU01000008.1	97.830	1014	22	0	1	1014	20943	19930	0.0	1792
Int1_Pc_Pattern	NZ_CP017293.1	97.830	1014	22	0	1	1014	383462	384475	0.0	1792
Int1_Pc_Pattern	NZ_CP017293.1	97.830	1014	22	0	1	1014	3160934	3159921	0.0	1792
Int1_Pc_Pattern	NZ_CP017293.1	97.830	1014	22	0	1	1014	6205471	6204458	0.0	1792
Int1_Pc_Pattern	NZ_CP017293.1	97.830	1014	22	0	1	1014	6218626	6217613	0.0	1792
Int1_Pc_Pattern	NZ_CP017293.1	92.691	301	22	0	1	301	6230451	6230151	2.43e-130	475
Int1_Pc_Pattern	NZ_CP022000.1	97.830	1014	22	0	1	1014	7116060	7117073	0.0	1792
Int1_Pc_Pattern	NZ_NIJE01000146.1	97.830	1014	22	0	1	1014	142	1155	0.0	1792
Int1_Pc_Pattern	NZ_NIIX01000094.1	97.830	1014	22	0	1	1014	4242	5255	0.0	1792
Int1_Pc_Pattern	NZ_NIJD01000051.1	97.830	1014	22	0	1	1014	34044	35057	0.0	1792
Int1_Pc_Pattern	NZ_NIPD01000086.1	97.830	1014	22	0	1	1014	18649	19662	0.0	1792
Int1_Pc_Pattern	NZ_NBEZ01000075.1	97.830	1014	22	0	1	1014	1120	107	0.0	1792
Int1_Pc_Pattern	NZ_MWKP01000308.1	97.830	1014	22	0	1	1014	65469	64456	0.0	1792
Int1_Pc_Pattern	NZ_NDFQ01000108.1	97.830	1014	22	0	1	1014	1216	203	0.0	1792
Int1_Pc_Pattern	NZ_CP020703.1	97.830	1014	22	0	1	1014	6240155	6241168	0.0	1792
Int1_Pc_Pattern	NZ_CP020703.1	97.830	1014	22	0	1	1014	6245754	6246767	0.0	1792
Int1_Pc_Pattern	NZ_CP020704.1	97.830	1014	22	0	1	1014	6332093	6333106	0.0	1792
Int1_Pc_Pattern	NZ_CP020704.1	97.830	1014	22	0	1	1014	6337692	6338705	0.0	1792
Int1_Pc_Pattern	NZ_CP020603.1	97.830	1014	22	0	1	1014	2528945	2529958	0.0	1792
Int1_Pc_Pattern	NZ_CP020603.1	97.830	1014	22	0	1	1014	2553260	2552247	0.0	1792
Int1_Pc_Pattern	NZ_CP020603.1	97.830	1014	22	0	1	1014	5359493	5358480	0.0	1792
Int1_Pc_Pattern	NZ_CP016955.1	97.830	1014	22	0	1	1014	2160452	2159439	0.0	1792
Int1_Pc_Pattern	NZ_CP016955.1	97.830	1014	22	0	1	1014	3705883	3706896	0.0	1792
Int1_Pc_Pattern	NZ_MZND01000250.1	97.830	1014	22	0	1	1014	237	1250	0.0	1792
Int1_Pc_Pattern	NZ_MPCQ01000050.1	97.830	1014	22	0	1	1014	4189	5202	0.0	1792
Int1_Pc_Pattern	NZ_MPVC01000040.1	97.830	1014	22	0	1	1014	1216	203	0.0	1792
Int1_Pc_Pattern	NZ_MPVI01000134.1	97.830	1014	22	0	1	1014	1216	203	0.0	1792
Int1_Pc_Pattern	NZ_MPUQ01000092.1	97.830	1014	22	0	1	1014	1191	178	0.0	1792
Int1_Pc_Pattern	NZ_MPBO01000005.1	97.830	1014	22	0	1	1014	357119	356106	0.0	1792
Int1_Pc_Pattern	NZ_MPBO01000002.1	97.830	1014	22	0	1	1014	512135	513148	0.0	1792
Int1_Pc_Pattern	NZ_MPBQ01000001.1	97.830	1014	22	0	1	1014	724228	723215	0.0	1792
Int1_Pc_Pattern	NZ_MPBQ01000001.1	97.830	1014	22	0	1	1014	737584	738597	0.0	1792
Int1_Pc_Pattern	NZ_LZQH01000024.1	97.830	1014	22	0	1	1014	38869	37856	0.0	1792
Int1_Pc_Pattern	NZ_LZQI01000058.1	97.830	1014	22	0	1	1014	4667	5680	0.0	1792
Int1_Pc_Pattern	NZ_LZQE01000032.1	97.830	1014	22	0	1	1014	3439	2426	0.0	1792
Int1_Pc_Pattern	NZ_CP016215.1	97.830	1014	22	0	1	1014	55642	54629	0.0	1792
Int1_Pc_Pattern	NZ_CP016215.1	97.627	927	22	0	1	927	97831	98757	0.0	1631
Int1_Pc_Pattern	NZ_CP016215.1	100.000	90	0	0	925	1014	99372	99461	1.66e-37	167
Int1_Pc_Pattern	NZ_LRYR01000014.1	97.830	1014	22	0	1	1014	19407	20420	0.0	1792
Int1_Pc_Pattern	NZ_LRYG01000030.1	97.830	1014	22	0	1	1014	1583	2596	0.0	1792
Int1_Pc_Pattern	NZ_LRYD01000059.1	97.830	1014	22	0	1	1014	1510	2523	0.0	1792
Int1_Pc_Pattern	NZ_AP014651.1	97.830	1014	22	0	1	1014	327335	328348	0.0	1792
Int1_Pc_Pattern	NZ_AP014651.1	97.830	1014	22	0	1	1014	5292129	5291116	0.0	1792
Int1_Pc_Pattern	NZ_AP014651.1	92.691	301	22	0	1	301	317059	317359	2.43e-130	475
Int1_Pc_Pattern	NZ_AP014651.1	92.691	301	22	0	1	301	5302016	5301716	2.43e-130	475
Int1_Pc_Pattern	NZ_CP008857.1	97.830	1014	22	0	1	1014	6669527	6668514	0.0	1792
Int1_Pc_Pattern	NZ_LODN01000060.1	97.830	1014	22	0	1	1014	3997	5010	0.0	1792
Int1_Pc_Pattern	NZ_LLVG01000085.1	97.830	1014	22	0	1	1014	11708	10695	0.0	1792
Int1_Pc_Pattern	NZ_LLTZ01000057.1	97.830	1014	22	0	1	1014	1355	342	0.0	1792
Int1_Pc_Pattern	NZ_LLVJ01000085.1	97.830	1014	22	0	1	1014	4515	5528	0.0	1792
Int1_Pc_Pattern	NZ_LLUS01000093.1	97.830	1014	22	0	1	1014	186019	185006	0.0	1792
Int1_Pc_Pattern	NZ_LLUN01000040.1	97.830	1014	22	0	1	1014	3380	2367	0.0	1792
Int1_Pc_Pattern	NZ_LLUC01000050.1	97.830	1014	22	0	1	1014	1354	341	0.0	1792
Int1_Pc_Pattern	NZ_LLUE01000001.1	97.830	1014	22	0	1	1014	137300	136287	0.0	1792
Int1_Pc_Pattern	NZ_LLTS01000014.1	97.830	1014	22	0	1	1014	1216	203	0.0	1792
Int1_Pc_Pattern	NZ_LLSL01000051.1	97.830	1014	22	0	1	1014	1216	203	0.0	1792
Int1_Pc_Pattern	NZ_LLPY01000042.1	97.830	1014	22	0	1	1014	3318	4331	0.0	1792
Int1_Pc_Pattern	NZ_LLTV01000026.1	97.830	1014	22	0	1	1014	1871	2884	0.0	1792
Int1_Pc_Pattern	NZ_LLTF01000253.1	97.830	1014	22	0	1	1014	30012	28999	0.0	1792
Int1_Pc_Pattern	NZ_LLSX01000068.1	97.830	1014	22	0	1	1014	2247	3260	0.0	1792
Int1_Pc_Pattern	NZ_LLSK01000316.1	97.830	1014	22	0	1	1014	23	1036	0.0	1792
Int1_Pc_Pattern	NZ_LLSJ01000001.1	97.830	1014	22	0	1	1014	628261	627248	0.0	1792
Int1_Pc_Pattern	NZ_LLSI01000113.1	97.830	1014	22	0	1	1014	186103	185090	0.0	1792
Int1_Pc_Pattern	NZ_LLSF01000116.1	97.830	1014	22	0	1	1014	1216	203	0.0	1792
Int1_Pc_Pattern	NZ_LLRP01000070.1	97.830	1014	22	0	1	1014	8127	9140	0.0	1792
Int1_Pc_Pattern	NZ_LLRN01000075.1	97.830	1014	22	0	1	1014	1216	203	0.0	1792
Int1_Pc_Pattern	NZ_LLPL01000071.1	97.830	1014	22	0	1	1014	21037	22050	0.0	1792
Int1_Pc_Pattern	NZ_LLPC01000039.1	97.830	1014	22	0	1	1014	2661	1648	0.0	1792
Int1_Pc_Pattern	NZ_LLOP01000029.1	97.830	1014	22	0	1	1014	162817	161804	0.0	1792
Int1_Pc_Pattern	NZ_LLOL01000031.1	97.830	1014	22	0	1	1014	5249	6262	0.0	1792
Int1_Pc_Pattern	NZ_LLNV01000096.1	97.830	1014	22	0	1	1014	1872	2885	0.0	1792
Int1_Pc_Pattern	NZ_LLNR01000086.1	97.830	1014	22	0	1	1014	5197	6210	0.0	1792
Int1_Pc_Pattern	NZ_LLMD01000002.1	97.830	1014	22	0	1	1014	71404	72417	0.0	1792
Int1_Pc_Pattern	NZ_LLMA01000078.1	97.830	1014	22	0	1	1014	183258	182245	0.0	1792
Int1_Pc_Pattern	NZ_LLLX01000002.1	97.830	1014	22	0	1	1014	183258	182245	0.0	1792
Int1_Pc_Pattern	NZ_LLLU01000049.1	97.830	1014	22	0	1	1014	24236	25249	0.0	1792
Int1_Pc_Pattern	NZ_LLLB01000019.1	97.830	1014	22	0	1	1014	75009	76022	0.0	1792
Int1_Pc_Pattern	NZ_CWFH01000038.1	97.830	1014	22	0	1	1014	3052	2039	0.0	1792
Int1_Pc_Pattern	NZ_CVXN01000005.1	97.830	1014	22	0	1	1014	5305	4292	0.0	1792
Int1_Pc_Pattern	NZ_CVWZ01000178.1	97.830	1014	22	0	1	1014	8816	9829	0.0	1792
Int1_Pc_Pattern	NZ_CVXH01000194.1	97.830	1014	22	0	1	1014	5305	4292	0.0	1792
Int1_Pc_Pattern	NZ_CVXC01000004.1	97.830	1014	22	0	1	1014	8816	9829	0.0	1792
Int1_Pc_Pattern	NZ_CWGG01000178.1	97.830	1014	22	0	1	1014	8816	9829	0.0	1792
Int1_Pc_Pattern	NZ_CVVQ01000021.1	97.830	1014	22	0	1	1014	5305	4292	0.0	1792
Int1_Pc_Pattern	NZ_CVVM01000189.1	97.830	1014	22	0	1	1014	5305	4292	0.0	1792
Int1_Pc_Pattern	NZ_CVWX01000168.1	97.830	1014	22	0	1	1014	5305	4292	0.0	1792
Int1_Pc_Pattern	NZ_CVUN01000192.1	97.830	1014	22	0	1	1014	5305	4292	0.0	1792
Int1_Pc_Pattern	NZ_CVUW01000008.1	97.830	1014	22	0	1	1014	8454	9467	0.0	1792
Int1_Pc_Pattern	NZ_CWER01000165.1	97.830	1014	22	0	1	1014	2933	1920	0.0	1792
Int1_Pc_Pattern	NZ_CVWB01000082.1	97.830	1014	22	0	1	1014	7135	8148	0.0	1792
Int1_Pc_Pattern	NZ_CVWR01000046.1	97.830	1014	22	0	1	1014	5305	4292	0.0	1792
Int1_Pc_Pattern	NZ_CVWQ01000099.1	97.830	1014	22	0	1	1014	72945	71932	0.0	1792
Int1_Pc_Pattern	NZ_CVWT01000555.1	97.830	1014	22	0	1	1014	698	1711	0.0	1792
Int1_Pc_Pattern	NZ_CVWM01000015.1	97.830	1014	22	0	1	1014	4250	3237	0.0	1792
Int1_Pc_Pattern	NZ_CVWD01000089.1	97.830	1014	22	0	1	1014	3160	4173	0.0	1792
Int1_Pc_Pattern	NZ_CVWE01000137.1	97.830	1014	22	0	1	1014	5915	6928	0.0	1792
Int1_Pc_Pattern	NZ_CVWH01000168.1	97.830	1014	22	0	1	1014	8816	9829	0.0	1792
Int1_Pc_Pattern	NZ_CVVR01000181.1	97.830	1014	22	0	1	1014	16787	17800	0.0	1792
Int1_Pc_Pattern	NZ_CVUJ01000189.1	97.830	1014	22	0	1	1014	191	1204	0.0	1792
Int1_Pc_Pattern	NZ_CVVP01000224.1	97.830	1014	22	0	1	1014	5305	4292	0.0	1792
Int1_Pc_Pattern	NZ_CVUS01000017.1	97.830	1014	22	0	1	1014	5305	4292	0.0	1792
Int1_Pc_Pattern	NZ_CVVS01000315.1	97.830	1014	22	0	1	1014	5305	4292	0.0	1792
Int1_Pc_Pattern	NZ_CVVK01000198.1	97.830	1014	22	0	1	1014	5305	4292	0.0	1792
Int1_Pc_Pattern	NZ_CVVO01000019.1	97.830	1014	22	0	1	1014	698	1711	0.0	1792
Int1_Pc_Pattern	NZ_CVUQ01000007.1	97.830	1014	22	0	1	1014	5305	4292	0.0	1792
Int1_Pc_Pattern	NZ_CVVN01000218.1	97.830	1014	22	0	1	1014	5305	4292	0.0	1792
Int1_Pc_Pattern	NZ_CVUR01000201.1	97.830	1014	22	0	1	1014	8816	9829	0.0	1792
Int1_Pc_Pattern	NZ_CVUU01000071.1	97.830	1014	22	0	1	1014	1216	203	0.0	1792
Int1_Pc_Pattern	NZ_CVVE01000152.1	97.830	1014	22	0	1	1014	5305	4292	0.0	1792
Int1_Pc_Pattern	NZ_CVUO01000202.1	97.830	1014	22	0	1	1014	8816	9829	0.0	1792
Int1_Pc_Pattern	NZ_CVVU01000104.1	97.830	1014	22	0	1	1014	1217	204	0.0	1792
Int1_Pc_Pattern	NZ_CVVY01000247.1	97.830	1014	22	0	1	1014	2755	1742	0.0	1792
Int1_Pc_Pattern	NZ_CVVD01000223.1	97.830	1014	22	0	1	1014	8816	9829	0.0	1792
Int1_Pc_Pattern	NZ_CVVW01000052.1	97.830	1014	22	0	1	1014	8990	7977	0.0	1792
Int1_Pc_Pattern	NZ_CWEU01000102.1	97.830	1014	22	0	1	1014	1216	203	0.0	1792
Int1_Pc_Pattern	NZ_CVXP01000032.1	97.830	1014	22	0	1	1014	8816	9829	0.0	1792
Int1_Pc_Pattern	NZ_CWFP01000391.1	97.830	1014	22	0	1	1014	22476	23489	0.0	1792
Int1_Pc_Pattern	NZ_CVUK01000179.1	97.830	1014	22	0	1	1014	8816	9829	0.0	1792
Int1_Pc_Pattern	NZ_CVVB01000046.1	97.830	1014	22	0	1	1014	711	1724	0.0	1792
Int1_Pc_Pattern	NZ_CVUZ01000128.1	97.830	1014	22	0	1	1014	191	1204	0.0	1792
Int1_Pc_Pattern	NZ_CWGH01000059.1	97.830	1014	22	0	1	1014	704	1717	0.0	1792
Int1_Pc_Pattern	NZ_CVWS01000200.1	97.830	1014	22	0	1	1014	191	1204	0.0	1792
Int1_Pc_Pattern	NZ_CVWA01000064.1	97.830	1014	22	0	1	1014	698	1711	0.0	1792
Int1_Pc_Pattern	NZ_LFMT01000001.1	97.830	1014	22	0	1	1014	3961848	3960835	0.0	1792
Int1_Pc_Pattern	NZ_LFMT01000001.1	97.830	1014	22	0	1	1014	6565163	6564150	0.0	1792
Int1_Pc_Pattern	NZ_LFMQ01000021.1	97.830	1014	22	0	1	1014	850423	851436	0.0	1792
Int1_Pc_Pattern	NZ_LFMO01000007.1	97.830	1014	22	0	1	1014	2600575	2601588	0.0	1792
Int1_Pc_Pattern	NZ_LFMU01000010.1	97.830	1014	22	0	1	1014	2553997	2552984	0.0	1792
Int1_Pc_Pattern	NZ_LFMU01000010.1	97.830	1014	22	0	1	1014	5151406	5150393	0.0	1792
Int1_Pc_Pattern	NZ_JUMF01000823.1	97.830	1014	22	0	1	1014	1966	2979	0.0	1792
Int1_Pc_Pattern	NZ_CDAZ01000032.1	97.830	1014	22	0	1	1014	91451	92464	0.0	1792
Int1_Pc_Pattern	NZ_CP011370.1	97.830	1014	22	0	1	1014	134951	133938	0.0	1792
Int1_Pc_Pattern	NZ_AP014622.1	97.830	1014	22	0	1	1014	1451325	1452338	0.0	1792
Int1_Pc_Pattern	NZ_AP014622.1	97.830	1014	22	0	1	1014	3807991	3809004	0.0	1792
Int1_Pc_Pattern	NZ_AP014622.1	97.830	1014	22	0	1	1014	3832306	3831293	0.0	1792
Int1_Pc_Pattern	NZ_JMBS02000036.1	97.830	1014	22	0	1	1014	35	1048	0.0	1792
Int1_Pc_Pattern	NZ_SGYG01000004.1	97.830	1014	22	0	1	1014	12608	11595	0.0	1792
Int1_Pc_Pattern	NZ_SGYG01000002.1	97.830	1014	22	0	1	1014	32408	31395	0.0	1792
Int1_Pc_Pattern	NZ_SGYF01000004.1	97.830	1014	22	0	1	1014	7692	6679	0.0	1792
Int1_Pc_Pattern	NZ_SGYF01000004.1	97.732	1014	22	1	1	1014	77317	76305	0.0	1784
Int1_Pc_Pattern	NZ_SGYF01000002.1	97.830	1014	22	0	1	1014	156784	155771	0.0	1792
Int1_Pc_Pattern	NZ_SGYA01000004.1	97.830	1014	22	0	1	1014	28581	29594	0.0	1792
Int1_Pc_Pattern	NZ_SGYA01000002.1	97.830	1014	22	0	1	1014	227859	228872	0.0	1792
Int1_Pc_Pattern	NZ_SGYD01000006.1	97.830	1014	22	0	1	1014	21032	20019	0.0	1792
Int1_Pc_Pattern	NZ_SGYD01000002.1	97.830	1014	22	0	1	1014	149929	148916	0.0	1792
Int1_Pc_Pattern	NZ_SGYB01000005.1	97.830	1014	22	0	1	1014	65134	66147	0.0	1792
Int1_Pc_Pattern	NZ_SGYB01000003.1	97.830	1014	22	0	1	1014	235035	236048	0.0	1792
Int1_Pc_Pattern	NZ_SGXZ01000006.1	97.830	1014	22	0	1	1014	36180	35167	0.0	1792
Int1_Pc_Pattern	NZ_SGXZ01000004.1	97.830	1014	22	0	1	1014	93489	94502	0.0	1792
Int1_Pc_Pattern	NZ_CP050374.1	97.830	1014	22	0	1	1014	85390	86403	0.0	1792
Int1_Pc_Pattern	NZ_CP050374.1	97.830	1014	22	0	1	1014	98424	97411	0.0	1792
Int1_Pc_Pattern	NZ_AP023338.1	97.830	1014	22	0	1	1014	132594	131581	0.0	1792
Int1_Pc_Pattern	NZ_JAARMH010000067.1	97.830	1014	22	0	1	1014	1219	206	0.0	1792
Int1_Pc_Pattern	NZ_JAAQSK010000060.1	97.830	1014	22	0	1	1014	635	1648	0.0	1792
Int1_Pc_Pattern	NZ_JAAQSJ010000070.1	97.830	1014	22	0	1	1014	140	1153	0.0	1792
Int1_Pc_Pattern	NZ_JAAQTE010000039.1	97.830	1014	22	0	1	1014	5797	4784	0.0	1792
Int1_Pc_Pattern	NZ_JAAQTF010000071.1	97.830	1014	22	0	1	1014	1216	203	0.0	1792
Int1_Pc_Pattern	NZ_CP054172.1	97.830	1014	22	0	1	1014	25580	26593	0.0	1792
Int1_Pc_Pattern	NZ_CP060423.1	97.830	1014	22	0	1	1014	39021	38008	0.0	1792
Int1_Pc_Pattern	NZ_CP060423.1	97.241	1015	22	4	1	1014	16517	15508	0.0	1755
Int1_Pc_Pattern	NZ_CP060421.1	97.830	1014	22	0	1	1014	2760351	2759338	0.0	1792
Int1_Pc_Pattern	NZ_JAAQSM010000038.1	97.830	1014	22	0	1	1014	76	1089	0.0	1792
Int1_Pc_Pattern	NZ_JAAQSQ010000043.1	97.830	1014	22	0	1	1014	1025	12	0.0	1792
Int1_Pc_Pattern	NZ_JAAQSZ010000078.1	97.830	1014	22	0	1	1014	140	1153	0.0	1792
Int1_Pc_Pattern	NZ_JAAQSS010000067.1	97.830	1014	22	0	1	1014	140	1153	0.0	1792
Int1_Pc_Pattern	NZ_JAAQSE010000044.1	97.830	1014	22	0	1	1014	1496	483	0.0	1792
Int1_Pc_Pattern	NZ_CP059469.1	97.830	1014	22	0	1	1014	139049	140062	0.0	1792
Int1_Pc_Pattern	NZ_CP059469.1	97.830	1014	22	0	1	1014	282554	283567	0.0	1792
Int1_Pc_Pattern	NZ_JAAQTI010000063.1	97.830	1014	22	0	1	1014	1216	203	0.0	1792
Int1_Pc_Pattern	NZ_JAAQPL010000092.1	97.830	1014	22	0	1	1014	120	1133	0.0	1792
Int1_Pc_Pattern	NZ_JAAQOL010000033.1	97.830	1014	22	0	1	1014	41425	40412	0.0	1792
Int1_Pc_Pattern	NZ_SPUF01000034.1	97.830	1014	22	0	1	1014	6450	7463	0.0	1792
Int1_Pc_Pattern	NZ_JAANCZ010000038.1	97.830	1014	22	0	1	1014	5342	6355	0.0	1792
Int1_Pc_Pattern	NZ_JAANCY010000039.1	97.830	1014	22	0	1	1014	5342	6355	0.0	1792
Int1_Pc_Pattern	NZ_JAALCB010000085.1	97.830	1014	22	0	1	1014	40	1053	0.0	1792
Int1_Pc_Pattern	NZ_JAALCC010000089.1	97.830	1014	22	0	1	1014	40	1053	0.0	1792
Int1_Pc_Pattern	NZ_JAALAV010000086.1	97.830	1014	22	0	1	1014	40	1053	0.0	1792
Int1_Pc_Pattern	NZ_CP034319.1	97.830	1014	22	0	1	1014	39414	40427	0.0	1792
Int1_Pc_Pattern	NZ_RSEZ01000005.1	97.830	1014	22	0	1	1014	40631	41644	0.0	1792
Int1_Pc_Pattern	NZ_JAAKYK010000066.1	97.830	1014	22	0	1	1014	1197	184	0.0	1792
Int1_Pc_Pattern	NZ_JAAKYD010000067.1	97.830	1014	22	0	1	1014	1197	184	0.0	1792
Int1_Pc_Pattern	NZ_JAAKYT010000053.1	97.830	1014	22	0	1	1014	2311	3324	0.0	1792
Int1_Pc_Pattern	NZ_SBEB01000098.1	97.830	1014	22	0	1	1014	2100	3113	0.0	1792
Int1_Pc_Pattern	NZ_SBDY01000131.1	97.830	1014	22	0	1	1014	116	1129	0.0	1792
Int1_Pc_Pattern	NZ_SBDW01000090.1	97.830	1014	22	0	1	1014	2011	3024	0.0	1792
Int1_Pc_Pattern	NZ_SBDV01000086.1	97.830	1014	22	0	1	1014	1709	696	0.0	1792
Int1_Pc_Pattern	NZ_SBDU01000087.1	97.830	1014	22	0	1	1014	2102	3115	0.0	1792
Int1_Pc_Pattern	NZ_SBDL01000088.1	97.830	1014	22	0	1	1014	1236	223	0.0	1792
Int1_Pc_Pattern	NZ_SBDK01000084.1	97.830	1014	22	0	1	1014	1233	220	0.0	1792
Int1_Pc_Pattern	NZ_SBDJ01000077.1	97.830	1014	22	0	1	1014	1232	219	0.0	1792
Int1_Pc_Pattern	NZ_SBDH01000141.1	97.830	1014	22	0	1	1014	1645	2658	0.0	1792
Int1_Pc_Pattern	NZ_SBDI01000076.1	97.830	1014	22	0	1	1014	2875	3888	0.0	1792
Int1_Pc_Pattern	NZ_SBDD01000054.1	97.830	1014	22	0	1	1014	11343	12356	0.0	1792
Int1_Pc_Pattern	NZ_SBDD01000054.1	100.000	32	0	0	270	301	1436	1467	2.90e-05	60.2
Int1_Pc_Pattern	NZ_SBDB01000079.1	97.830	1014	22	0	1	1014	2875	3888	0.0	1792
Int1_Pc_Pattern	NZ_SBDA01000096.1	97.830	1014	22	0	1	1014	2876	3889	0.0	1792
Int1_Pc_Pattern	NZ_SBCY01000061.1	97.830	1014	22	0	1	1014	6145	7158	0.0	1792
Int1_Pc_Pattern	NZ_SBCR01000071.1	97.830	1014	22	0	1	1014	217	1230	0.0	1792
Int1_Pc_Pattern	NZ_SBCK01000123.1	97.830	1014	22	0	1	1014	119	1132	0.0	1792
Int1_Pc_Pattern	NZ_SBCJ01000049.1	97.830	1014	22	0	1	1014	19741	18728	0.0	1792
Int1_Pc_Pattern	NZ_SBCI01000035.1	97.830	1014	22	0	1	1014	8282	9295	0.0	1792
Int1_Pc_Pattern	NZ_SBCH01000044.1	97.830	1014	22	0	1	1014	11918	10905	0.0	1792
Int1_Pc_Pattern	NZ_SBCD01000163.1	97.830	1014	22	0	1	1014	5136	4123	0.0	1792
Int1_Pc_Pattern	NZ_SBCA01000039.1	97.830	1014	22	0	1	1014	30836	29823	0.0	1792
Int1_Pc_Pattern	NZ_JAAJSX010000026.1	97.830	1014	22	0	1	1014	11315	12328	0.0	1792
Int1_Pc_Pattern	NZ_JAAJST010000026.1	97.830	1014	22	0	1	1014	9598	10611	0.0	1792
Int1_Pc_Pattern	NZ_JAAJSQ010000028.1	97.830	1014	22	0	1	1014	2203	3216	0.0	1792
Int1_Pc_Pattern	NZ_JAAJSK010000034.1	97.830	1014	22	0	1	1014	5359	6372	0.0	1792
Int1_Pc_Pattern	NZ_JAAJSF010000030.1	97.830	1014	22	0	1	1014	2164	1151	0.0	1792
Int1_Pc_Pattern	NZ_JAAJSA010000061.1	97.830	1014	22	0	1	1014	1217	204	0.0	1792
Int1_Pc_Pattern	NZ_JAAJSB010000032.1	97.830	1014	22	0	1	1014	2164	1151	0.0	1792
Int1_Pc_Pattern	NZ_JAAJSG010000025.1	97.830	1014	22	0	1	1014	14653	13640	0.0	1792
Int1_Pc_Pattern	NZ_CP039809.1	97.830	1014	22	0	1	1014	80537	79524	0.0	1792
Int1_Pc_Pattern	NZ_CP030310.1	97.830	1014	22	0	1	1014	4466	3453	0.0	1792
Int1_Pc_Pattern	NZ_CP030310.1	92.691	301	22	0	1	301	33934	33634	2.43e-130	475
Int1_Pc_Pattern	NZ_CP030310.1	100.000	224	0	0	791	1014	27365	27142	5.37e-112	414
Int1_Pc_Pattern	NZ_CP030310.1	100.000	81	0	0	1	81	28265	28185	1.67e-32	150
Int1_Pc_Pattern	NZ_CP030308.1	97.830	1014	22	0	1	1014	65512	64499	0.0	1792
Int1_Pc_Pattern	NZ_CP030304.1	97.830	1014	22	0	1	1014	113643	112630	0.0	1792
Int1_Pc_Pattern	NZ_CP030294.1	97.830	1014	22	0	1	1014	134333	133320	0.0	1792
Int1_Pc_Pattern	NZ_PDFG01000051.1	97.830	1014	22	0	1	1014	9107	10120	0.0	1792
Int1_Pc_Pattern	NZ_WHZG01000062.1	97.830	1014	22	0	1	1014	1838	2851	0.0	1792
Int1_Pc_Pattern	NZ_JAAASL010000053.1	97.830	1014	22	0	1	1014	24196	25209	0.0	1792
Int1_Pc_Pattern	NZ_JAAASJ010000109.1	97.830	1014	22	0	1	1014	5315	6328	0.0	1792
Int1_Pc_Pattern	NZ_JAAASO010000131.1	97.830	1014	22	0	1	1014	5363	6376	0.0	1792
Int1_Pc_Pattern	NZ_JAAASN010000091.1	97.830	1014	22	0	1	1014	1588	575	0.0	1792
Int1_Pc_Pattern	NZ_JAAASK010000063.1	97.830	1014	22	0	1	1014	1590	577	0.0	1792
Int1_Pc_Pattern	NZ_JAAASR010000052.1	97.830	1014	22	0	1	1014	6517	7530	0.0	1792
Int1_Pc_Pattern	NZ_JAAATC010000149.1	97.830	1014	22	0	1	1014	837	1850	0.0	1792
Int1_Pc_Pattern	NZ_JAAASQ010000079.1	97.830	1014	22	0	1	1014	1217	204	0.0	1792
Int1_Pc_Pattern	NZ_JAAASU010000248.1	97.830	1014	22	0	1	1014	1666	653	0.0	1792
Int1_Pc_Pattern	NZ_JAAASW010000231.1	97.830	1014	22	0	1	1014	41344	42357	0.0	1792
Int1_Pc_Pattern	NZ_JAAATF010000109.1	97.830	1014	22	0	1	1014	5323	6336	0.0	1792
Int1_Pc_Pattern	NZ_RPFA01000029.1	97.830	1014	22	0	1	1014	2708	1695	0.0	1792
Int1_Pc_Pattern	NZ_RPFI01000045.1	97.830	1014	22	0	1	1014	4938	3925	0.0	1792
Int1_Pc_Pattern	NZ_VHOD01000086.1	97.830	1014	22	0	1	1014	1594	581	0.0	1792
Int1_Pc_Pattern	NZ_WYAL01000068.1	97.830	1014	22	0	1	1014	1498	485	0.0	1792
Int1_Pc_Pattern	NZ_CP045677.1	97.830	1014	22	0	1	1014	27227	26214	0.0	1792
Int1_Pc_Pattern	NZ_CP045676.1	97.830	1014	22	0	1	1014	10806	9793	0.0	1792
Int1_Pc_Pattern	NZ_WVVY01000049.1	97.830	1014	22	0	1	1014	3364	4377	0.0	1792
Int1_Pc_Pattern	NZ_WULM01000044.1	97.830	1014	22	0	1	1014	5379	6392	0.0	1792
Int1_Pc_Pattern	NZ_VTBJ01000318.1	97.830	1014	22	0	1	1014	1190	2203	0.0	1792
Int1_Pc_Pattern	NZ_CP046940.1	97.830	1014	22	0	1	1014	45160	44147	0.0	1792
Int1_Pc_Pattern	NZ_CP046940.1	97.239	1014	24	2	1	1014	2808	3817	0.0	1755
Int1_Pc_Pattern	NZ_WMHR01000002.1	97.830	1014	22	0	1	1014	123649	122636	0.0	1792
Int1_Pc_Pattern	NZ_WMHT01000003.1	97.830	1014	22	0	1	1014	44477	43464	0.0	1792
Int1_Pc_Pattern	NZ_CP046382.1	97.830	1014	22	0	1	1014	74847	75860	0.0	1792
Int1_Pc_Pattern	NZ_CP046382.1	97.830	1014	22	0	1	1014	117201	116188	0.0	1792
Int1_Pc_Pattern	NZ_WMJV01000044.1	97.830	1014	22	0	1	1014	1580	567	0.0	1792
Int1_Pc_Pattern	NZ_WMJT01000047.1	97.830	1014	22	0	1	1014	1812	799	0.0	1792
Int1_Pc_Pattern	NZ_WMJF01000045.1	97.830	1014	22	0	1	1014	1578	565	0.0	1792
Int1_Pc_Pattern	NZ_WMIQ01000038.1	97.830	1014	22	0	1	1014	1578	565	0.0	1792
Int1_Pc_Pattern	NZ_VINI01000103.1	97.830	1014	22	0	1	1014	1216	203	0.0	1792
Int1_Pc_Pattern	NZ_WJWM02000003.1	97.830	1014	22	0	1	1014	3871	2858	0.0	1792
Int1_Pc_Pattern	NZ_WJWM02000003.1	97.830	1014	22	0	1	1014	78064	77051	0.0	1792
Int1_Pc_Pattern	NZ_WJWN02000002.1	97.830	1014	22	0	1	1014	112986	111973	0.0	1792
Int1_Pc_Pattern	NZ_WJVY01000028.1	97.830	1014	22	0	1	1014	5005	3992	0.0	1792
Int1_Pc_Pattern	NZ_CP035212.1	97.830	1014	22	0	1	1014	42824	41811	0.0	1792
Int1_Pc_Pattern	NZ_VSJW01000033.1	97.830	1014	22	0	1	1014	41451	40438	0.0	1792
Int1_Pc_Pattern	NZ_VSJV01000007.1	97.830	1014	22	0	1	1014	9491	10504	0.0	1792
Int1_Pc_Pattern	NZ_VSKA01000156.1	97.830	1014	22	0	1	1014	4520	5533	0.0	1792
Int1_Pc_Pattern	NZ_VSKI01000043.1	97.830	1014	22	0	1	1014	11986	12999	0.0	1792
Int1_Pc_Pattern	NZ_VXJB01000006.1	97.830	1014	22	0	1	1014	95027	94014	0.0	1792
Int1_Pc_Pattern	NZ_VXIY01000013.1	97.830	1014	22	0	1	1014	44412	43399	0.0	1792
Int1_Pc_Pattern	NZ_VXIZ01000004.1	97.830	1014	22	0	1	1014	49764	48751	0.0	1792
Int1_Pc_Pattern	NZ_VXIZ01000012.1	97.830	1014	22	0	1	1014	18183	17170	0.0	1792
Int1_Pc_Pattern	NZ_VXJG01000006.1	97.830	1014	22	0	1	1014	75555	76568	0.0	1792
Int1_Pc_Pattern	NZ_VXIX01000003.1	97.830	1014	22	0	1	1014	226304	227317	0.0	1792
Int1_Pc_Pattern	NZ_VONE01000003.1	97.830	1014	22	0	1	1014	40236	41249	0.0	1792
Int1_Pc_Pattern	NZ_VONA01000049.1	97.830	1014	22	0	1	1014	8699	9712	0.0	1792
Int1_Pc_Pattern	NZ_VOMV01000003.1	97.830	1014	22	0	1	1014	6752	5739	0.0	1792
Int1_Pc_Pattern	NZ_VOMO01000083.1	97.830	1014	22	0	1	1014	1325	2338	0.0	1792
Int1_Pc_Pattern	NZ_VUDH01000082.1	97.830	1014	22	0	1	1014	222	1235	0.0	1792
Int1_Pc_Pattern	NZ_VUDD01000038.1	97.830	1014	22	0	1	1014	49774	48761	0.0	1792
Int1_Pc_Pattern	NZ_VUDB01000033.1	97.830	1014	22	0	1	1014	1970	2983	0.0	1792
Int1_Pc_Pattern	NZ_VUDC01000047.1	97.830	1014	22	0	1	1014	5306	6319	0.0	1792
Int1_Pc_Pattern	NZ_VUDA01000061.1	97.830	1014	22	0	1	1014	1571	558	0.0	1792
Int1_Pc_Pattern	NZ_VUCZ01000037.1	97.830	1014	22	0	1	1014	1570	557	0.0	1792
Int1_Pc_Pattern	NZ_VUCU01000074.1	97.830	1014	22	0	1	1014	1572	559	0.0	1792
Int1_Pc_Pattern	NZ_VUCT01000059.1	97.830	1014	22	0	1	1014	5309	6322	0.0	1792
Int1_Pc_Pattern	NZ_VUCS01000058.1	97.830	1014	22	0	1	1014	5291	4278	0.0	1792
Int1_Pc_Pattern	NZ_VUCD01000129.1	97.830	1014	22	0	1	1014	1874	861	0.0	1792
Int1_Pc_Pattern	NZ_VUBV01000051.1	97.830	1014	22	0	1	1014	5308	6321	0.0	1792
Int1_Pc_Pattern	NZ_VUBS01000086.1	97.830	1014	22	0	1	1014	1838	2851	0.0	1792
Int1_Pc_Pattern	NZ_VUBR01000084.1	97.830	1014	22	0	1	1014	6748	5735	0.0	1792
Int1_Pc_Pattern	NZ_VUBO01000101.1	97.830	1014	22	0	1	1014	140	1153	0.0	1792
Int1_Pc_Pattern	NZ_VUBE01000056.1	97.830	1014	22	0	1	1014	3337	4350	0.0	1792
Int1_Pc_Pattern	NZ_CP040179.1	97.830	1014	22	0	1	1014	242326	241313	0.0	1792
Int1_Pc_Pattern	NZ_VTRO01000082.1	97.830	1014	22	0	1	1014	1075	2088	0.0	1792
Int1_Pc_Pattern	NZ_VTRN01000135.1	97.830	1014	22	0	1	1014	1544	531	0.0	1792
Int1_Pc_Pattern	NZ_VTDX01000204.1	97.830	1014	22	0	1	1014	1931	2944	0.0	1792
Int1_Pc_Pattern	NZ_VTDV01000332.1	97.830	1014	22	0	1	1014	1032	2045	0.0	1792
Int1_Pc_Pattern	NZ_VIJR01000074.1	97.830	1014	22	0	1	1014	940	1953	0.0	1792
Int1_Pc_Pattern	NZ_CP082756.1	97.830	1014	22	0	1	1014	22348	23361	0.0	1792
Int1_Pc_Pattern	NZ_VOMG01000216.1	97.830	1014	22	0	1	1014	387	1400	0.0	1792
Int1_Pc_Pattern	NZ_CP041640.1	97.830	1014	22	0	1	1014	198056	197043	0.0	1792
Int1_Pc_Pattern	NZ_VKCW01000106.1	97.830	1014	22	0	1	1014	1544	531	0.0	1792
Int1_Pc_Pattern	NZ_VKCT01000175.1	97.830	1014	22	0	1	1014	1075	2088	0.0	1792
Int1_Pc_Pattern	NZ_CP044029.1	97.830	1014	22	0	1	1014	146315	147328	0.0	1792
Int1_Pc_Pattern	NZ_VILG01000001.1	97.830	1014	22	0	1	1014	25597	26610	0.0	1792
Int1_Pc_Pattern	NZ_VIAL01000040.1	97.830	1014	22	0	1	1014	11469	12482	0.0	1792
Int1_Pc_Pattern	NZ_VIAL01000040.1	100.000	32	0	0	270	301	1562	1593	2.90e-05	60.2
Int1_Pc_Pattern	NZ_VIAJ01000079.1	97.830	1014	22	0	1	1014	1217	204	0.0	1792
Int1_Pc_Pattern	NZ_VIAI01000076.1	97.830	1014	22	0	1	1014	2875	3888	0.0	1792
Int1_Pc_Pattern	NZ_VDGA01000058.1	97.830	1014	22	0	1	1014	1517	504	0.0	1792
Int1_Pc_Pattern	NZ_VDEL01000080.1	97.830	1014	22	0	1	1014	6541	7554	0.0	1792
Int1_Pc_Pattern	NZ_RZKD01000037.1	97.830	1014	22	0	1	1014	12294	11281	0.0	1792
Int1_Pc_Pattern	NZ_RZKG01000022.1	97.830	1014	22	0	1	1014	4972	3959	0.0	1792
Int1_Pc_Pattern	NZ_RZKO01000034.1	97.830	1014	22	0	1	1014	12651	11638	0.0	1792
Int1_Pc_Pattern	NZ_RZJY01000035.1	97.830	1014	22	0	1	1014	9590	10603	0.0	1792
Int1_Pc_Pattern	NZ_RZLC01000023.1	97.830	1014	22	0	1	1014	4972	3959	0.0	1792
Int1_Pc_Pattern	NZ_CP039976.1	97.830	1014	22	0	1	1014	111679	110666	0.0	1792
Int1_Pc_Pattern	NZ_CP039981.1	97.830	1014	22	0	1	1014	116	1129	0.0	1792
Int1_Pc_Pattern	NZ_CP039971.1	97.830	1014	22	0	1	1014	12102	11089	0.0	1792
Int1_Pc_Pattern	NZ_SZNE01000041.1	97.830	1014	22	0	1	1014	1708	695	0.0	1792
Int1_Pc_Pattern	NZ_SSBB01000083.1	97.830	1014	22	0	1	1014	3520	2507	0.0	1792
Int1_Pc_Pattern	NZ_SWMF01000040.1	97.830	1014	22	0	1	1014	8796	9809	0.0	1792
Int1_Pc_Pattern	NZ_SULU01000049.1	97.830	1014	22	0	1	1014	1580	567	0.0	1792
Int1_Pc_Pattern	NZ_SULT01000049.1	97.830	1014	22	0	1	1014	1580	567	0.0	1792
Int1_Pc_Pattern	NZ_SULR01000051.1	97.830	1014	22	0	1	1014	1580	567	0.0	1792
Int1_Pc_Pattern	NZ_SULV01000045.1	97.830	1014	22	0	1	1014	1580	567	0.0	1792
Int1_Pc_Pattern	NZ_SULZ01000041.1	97.830	1014	22	0	1	1014	6146	7159	0.0	1792
Int1_Pc_Pattern	NZ_SULX01000050.1	97.830	1014	22	0	1	1014	1580	567	0.0	1792
Int1_Pc_Pattern	NZ_SETZ01000002.1	97.830	1014	22	0	1	1014	9692	10705	0.0	1792
Int1_Pc_Pattern	NZ_SETP01000005.1	97.830	1014	22	0	1	1014	5472	6485	0.0	1792
Int1_Pc_Pattern	NZ_SETY01000006.1	97.830	1014	22	0	1	1014	5480	6493	0.0	1792
Int1_Pc_Pattern	NZ_SETU01000007.1	97.830	1014	22	0	1	1014	5480	6493	0.0	1792
Int1_Pc_Pattern	NZ_SETT01000003.1	97.830	1014	22	0	1	1014	5433	6446	0.0	1792
Int1_Pc_Pattern	NZ_SETR01000006.1	97.830	1014	22	0	1	1014	5480	6493	0.0	1792
Int1_Pc_Pattern	NZ_STEC01000123.1	97.830	1014	22	0	1	1014	140	1153	0.0	1792
Int1_Pc_Pattern	NZ_STFC01000047.1	97.830	1014	22	0	1	1014	6218	5205	0.0	1792
Int1_Pc_Pattern	NZ_STCE01000070.1	97.830	1014	22	0	1	1014	140	1153	0.0	1792
Int1_Pc_Pattern	NZ_STDQ01000045.1	97.830	1014	22	0	1	1014	8796	9809	0.0	1792
Int1_Pc_Pattern	NZ_STDO01000044.1	97.830	1014	22	0	1	1014	8767	9780	0.0	1792
Int1_Pc_Pattern	NZ_STDP01000038.1	97.830	1014	22	0	1	1014	8796	9809	0.0	1792
Int1_Pc_Pattern	NZ_STDX01000049.1	97.830	1014	22	0	1	1014	8796	9809	0.0	1792
Int1_Pc_Pattern	NZ_STDK01000049.1	97.830	1014	22	0	1	1014	8796	9809	0.0	1792
Int1_Pc_Pattern	NZ_STDR01000047.1	97.830	1014	22	0	1	1014	8796	9809	0.0	1792
Int1_Pc_Pattern	NZ_STDV01000048.1	97.830	1014	22	0	1	1014	8796	9809	0.0	1792
Int1_Pc_Pattern	NZ_STCC01000064.1	97.830	1014	22	0	1	1014	1217	204	0.0	1792
Int1_Pc_Pattern	NZ_STCL01000076.1	97.830	1014	22	0	1	1014	1217	204	0.0	1792
Int1_Pc_Pattern	NZ_STCJ01000043.1	97.830	1014	22	0	1	1014	8796	9809	0.0	1792
Int1_Pc_Pattern	NZ_STCX01000049.1	97.830	1014	22	0	1	1014	6218	5205	0.0	1792
Int1_Pc_Pattern	NZ_STBP01000042.1	97.830	1014	22	0	1	1014	8796	9809	0.0	1792
Int1_Pc_Pattern	NZ_STBL01000050.1	97.830	1014	22	0	1	1014	9717	10730	0.0	1792
Int1_Pc_Pattern	NZ_STBW01000047.1	97.830	1014	22	0	1	1014	8796	9809	0.0	1792
Int1_Pc_Pattern	NZ_STBE01000046.1	97.830	1014	22	0	1	1014	6218	5205	0.0	1792
Int1_Pc_Pattern	NZ_STBT01000039.1	97.830	1014	22	0	1	1014	6218	5205	0.0	1792
Int1_Pc_Pattern	NZ_STBC01000047.1	97.830	1014	22	0	1	1014	8796	9809	0.0	1792
Int1_Pc_Pattern	NZ_SSZY01000051.1	97.830	1014	22	0	1	1014	1529	516	0.0	1792
Int1_Pc_Pattern	NZ_STBB01000046.1	97.830	1014	22	0	1	1014	8768	9781	0.0	1792
Int1_Pc_Pattern	NZ_STBR01000046.1	97.830	1014	22	0	1	1014	6218	5205	0.0	1792
Int1_Pc_Pattern	NZ_STAF01000051.1	97.830	1014	22	0	1	1014	8795	9808	0.0	1792
Int1_Pc_Pattern	NZ_STAE01000042.1	97.830	1014	22	0	1	1014	12192	13205	0.0	1792
Int1_Pc_Pattern	NZ_SSZE01000047.1	97.830	1014	22	0	1	1014	6218	5205	0.0	1792
Int1_Pc_Pattern	NZ_SSZX01000050.1	97.830	1014	22	0	1	1014	1765	752	0.0	1792
Int1_Pc_Pattern	NZ_SSZF01000044.1	97.830	1014	22	0	1	1014	8790	9803	0.0	1792
Int1_Pc_Pattern	NZ_SSZA01000047.1	97.830	1014	22	0	1	1014	8790	9803	0.0	1792
Int1_Pc_Pattern	NZ_SSYR01000046.1	97.830	1014	22	0	1	1014	8796	9809	0.0	1792
Int1_Pc_Pattern	NZ_SSYF01000049.1	97.830	1014	22	0	1	1014	5441	6454	0.0	1792
Int1_Pc_Pattern	NZ_SSYE01000050.1	97.830	1014	22	0	1	1014	8795	9808	0.0	1792
Int1_Pc_Pattern	NZ_SSZI01000121.1	97.830	1014	22	0	1	1014	140	1153	0.0	1792
Int1_Pc_Pattern	NZ_STAW01000061.1	97.830	1014	22	0	1	1014	1572	559	0.0	1792
Int1_Pc_Pattern	NZ_SSYT01000051.1	97.830	1014	22	0	1	1014	14233	15246	0.0	1792
Int1_Pc_Pattern	NZ_SSYD01000049.1	97.830	1014	22	0	1	1014	8795	9808	0.0	1792
Int1_Pc_Pattern	NZ_SSYL01000053.1	97.830	1014	22	0	1	1014	1572	559	0.0	1792
Int1_Pc_Pattern	NZ_SSTZ01000052.1	97.830	1014	22	0	1	1014	1531	518	0.0	1792
Int1_Pc_Pattern	NZ_CP031850.1	97.830	1014	22	0	1	1014	136669	135656	0.0	1792
Int1_Pc_Pattern	NZ_SSDB01000039.1	97.830	1014	22	0	1	1014	1436	423	0.0	1792
Int1_Pc_Pattern	NZ_SOYT01000082.1	97.830	1014	22	0	1	1014	144	1157	0.0	1792
Int1_Pc_Pattern	NZ_QOVH01000004.1	97.830	1014	22	0	1	1014	39654	40667	0.0	1792
Int1_Pc_Pattern	NZ_CP036368.1	97.830	1014	22	0	1	1014	9372	8359	0.0	1792
Int1_Pc_Pattern	NZ_SGSA01000034.1	97.830	1014	22	0	1	1014	9025	10038	0.0	1792
Int1_Pc_Pattern	NZ_SGRB01000058.1	97.830	1014	22	0	1	1014	8494	9507	0.0	1792
Int1_Pc_Pattern	NZ_SGQL01000065.1	97.830	1014	22	0	1	1014	1852	839	0.0	1792
Int1_Pc_Pattern	NZ_SGQN01000044.1	97.830	1014	22	0	1	1014	3298	4311	0.0	1792
Int1_Pc_Pattern	NZ_CP036336.1	97.830	1014	22	0	1	1014	16090	17103	0.0	1792
Int1_Pc_Pattern	NZ_BIIT01000028.1	97.830	1014	22	0	1	1014	3294	4307	0.0	1792
Int1_Pc_Pattern	NZ_BIIR01000057.1	97.830	1014	22	0	1	1014	3355	4368	0.0	1792
Int1_Pc_Pattern	NZ_BIII01000035.1	97.830	1014	22	0	1	1014	939	1952	0.0	1792
Int1_Pc_Pattern	NZ_BIIH01000026.1	97.830	1014	22	0	1	1014	1234	221	0.0	1792
Int1_Pc_Pattern	NZ_BIHD01000025.1	97.830	1014	22	0	1	1014	36509	37522	0.0	1792
Int1_Pc_Pattern	NZ_BIHB01000018.1	97.830	1014	22	0	1	1014	9597	10610	0.0	1792
Int1_Pc_Pattern	NZ_CP036193.1	97.830	1014	22	0	1	1014	10438	9425	0.0	1792
Int1_Pc_Pattern	NZ_SHTZ01000036.1	97.830	1014	22	0	1	1014	16251	17264	0.0	1792
Int1_Pc_Pattern	NZ_SHTY01000027.1	97.830	1014	22	0	1	1014	58445	57432	0.0	1792
Int1_Pc_Pattern	NZ_SHUA01000040.1	97.830	1014	22	0	1	1014	3547	4560	0.0	1792
Int1_Pc_Pattern	NZ_SHTV01000054.1	97.830	1014	22	0	1	1014	12368	13381	0.0	1792
Int1_Pc_Pattern	NZ_QFMG01000519.1	97.830	1014	22	0	1	1014	1217	204	0.0	1792
Int1_Pc_Pattern	NZ_CP026148.1	97.830	1014	22	0	1	1014	85167	86180	0.0	1792
Int1_Pc_Pattern	NZ_CP026139.1	97.830	1014	22	0	1	1014	62275	61262	0.0	1792
Int1_Pc_Pattern	NZ_RZUO01000104.1	97.830	1014	22	0	1	1014	1095	2108	0.0	1792
Int1_Pc_Pattern	NZ_RZVM01000099.1	97.830	1014	22	0	1	1014	5251	6264	0.0	1792
Int1_Pc_Pattern	NZ_RZVJ01000074.1	97.830	1014	22	0	1	1014	1514	501	0.0	1792
Int1_Pc_Pattern	NZ_BIFK01000245.1	97.830	1014	22	0	1	1014	1260	247	0.0	1792
Int1_Pc_Pattern	NZ_BIFI01000153.1	97.830	1014	22	0	1	1014	1684	671	0.0	1792
Int1_Pc_Pattern	NZ_RXLV01000057.1	97.830	1014	22	0	1	1014	4875	3862	0.0	1792
Int1_Pc_Pattern	NZ_RXLX01000059.1	97.830	1014	22	0	1	1014	4917	3904	0.0	1792
Int1_Pc_Pattern	NZ_RXLY01000039.1	97.830	1014	22	0	1	1014	11677	10664	0.0	1792
Int1_Pc_Pattern	NZ_CP034540.1	97.830	1014	22	0	1	1014	1632970	1633983	0.0	1792
Int1_Pc_Pattern	NZ_CP024709.1	97.830	1014	22	0	1	1014	30513	29500	0.0	1792
Int1_Pc_Pattern	NZ_RDAJ01000007.1	97.830	1014	22	0	1	1014	19447	18434	0.0	1792
Int1_Pc_Pattern	NZ_RDAJ01000007.1	96.647	1014	22	7	1	1014	77382	76381	0.0	1714
Int1_Pc_Pattern	NZ_RDAB01000010.1	97.830	1014	22	0	1	1014	22459	23472	0.0	1792
Int1_Pc_Pattern	NZ_RDAB01000010.1	94.773	1014	28	16	1	1014	95773	96761	0.0	1596
Int1_Pc_Pattern	NZ_RDAS01000002.1	97.830	1014	22	0	1	1014	140379	139366	0.0	1792
Int1_Pc_Pattern	NZ_CP023841.1	97.830	1014	22	0	1	1014	20073	19060	0.0	1792
Int1_Pc_Pattern	NZ_CP034126.1	97.830	1014	22	0	1	1014	8595	9608	0.0	1792
Int1_Pc_Pattern	NZ_CP034046.1	97.830	1014	22	0	1	1014	207467	208480	0.0	1792
Int1_Pc_Pattern	NZ_CP033775.1	97.830	1014	22	0	1	1014	253	1266	0.0	1792
Int1_Pc_Pattern	NZ_RDWW01000288.1	97.830	1014	22	0	1	1014	1595	582	0.0	1792
Int1_Pc_Pattern	NZ_RDWC01000145.1	97.830	1014	22	0	1	1014	4388	5401	0.0	1792
Int1_Pc_Pattern	NZ_RCGL01000051.1	97.830	1014	22	0	1	1014	3411	4424	0.0	1792
Int1_Pc_Pattern	NZ_RCGG01000058.1	97.830	1014	22	0	1	1014	232	1245	0.0	1792
Int1_Pc_Pattern	NZ_RCGR01000068.1	97.830	1014	22	0	1	1014	1233	220	0.0	1792
Int1_Pc_Pattern	NZ_RCGQ01000084.1	97.830	1014	22	0	1	1014	1563	550	0.0	1792
Int1_Pc_Pattern	NZ_RCGH01000074.1	97.830	1014	22	0	1	1014	3425	4438	0.0	1792
Int1_Pc_Pattern	NZ_NXNM01000016.1	97.830	1014	22	0	1	1014	5221	4208	0.0	1792
Int1_Pc_Pattern	NZ_CP022926.1	97.830	1014	22	0	1	1014	132924	131911	0.0	1792
Int1_Pc_Pattern	NZ_CP022920.1	97.830	1014	22	0	1	1014	135371	136384	0.0	1792
Int1_Pc_Pattern	NZ_CP022917.1	97.830	1014	22	0	1	1014	32665	31652	0.0	1792
Int1_Pc_Pattern	NZ_NSKY01000045.1	97.830	1014	22	0	1	1014	5177	6190	0.0	1792
Int1_Pc_Pattern	NZ_PDVU01000117.1	97.830	1014	22	0	1	1014	4986	3973	0.0	1792
Int1_Pc_Pattern	NZ_QWWF01000062.1	97.830	1014	22	0	1	1014	141	1154	0.0	1792
Int1_Pc_Pattern	NZ_QWWE01000098.1	97.830	1014	22	0	1	1014	1216	203	0.0	1792
Int1_Pc_Pattern	NZ_QWWD01000033.1	97.830	1014	22	0	1	1014	5359	6372	0.0	1792
Int1_Pc_Pattern	NZ_QWWC01000035.1	97.830	1014	22	0	1	1014	5358	6371	0.0	1792
Int1_Pc_Pattern	NZ_QWVY01000038.1	97.830	1014	22	0	1	1014	5358	6371	0.0	1792
Int1_Pc_Pattern	NZ_QWVX01000037.1	97.830	1014	22	0	1	1014	1623	610	0.0	1792
Int1_Pc_Pattern	NZ_QWVW01000100.1	97.830	1014	22	0	1	1014	142	1155	0.0	1792
Int1_Pc_Pattern	NZ_PVNV01000043.1	97.830	1014	22	0	1	1014	6717	5704	0.0	1792
Int1_Pc_Pattern	NZ_AP018750.1	97.830	1014	22	0	1	1014	5112514	5111501	0.0	1792
Int1_Pc_Pattern	NZ_CP032212.1	97.830	1014	22	0	1	1014	3626	2613	0.0	1792
Int1_Pc_Pattern	NZ_CP032189.1	97.830	1014	22	0	1	1014	36328	35315	0.0	1792
Int1_Pc_Pattern	NZ_CP032188.1	97.830	1014	22	0	1	1014	19498	18485	0.0	1792
Int1_Pc_Pattern	NZ_CP032186.1	97.830	1014	22	0	1	1014	68932	67919	0.0	1792
Int1_Pc_Pattern	NZ_CP032176.1	97.830	1014	22	0	1	1014	10812	9799	0.0	1792
Int1_Pc_Pattern	NZ_CP032176.1	97.830	1014	22	0	1	1014	66258	67271	0.0	1792
Int1_Pc_Pattern	NZ_CP032178.1	97.830	1014	22	0	1	1014	4416312	4417325	0.0	1792
Int1_Pc_Pattern	NZ_CP032170.1	97.830	1014	22	0	1	1014	13261	14274	0.0	1792
Int1_Pc_Pattern	NZ_CP032168.1	97.830	1014	22	0	1	1014	92934	91921	0.0	1792
Int1_Pc_Pattern	NZ_CP032168.1	97.830	1014	22	0	1	1014	110984	111997	0.0	1792
Int1_Pc_Pattern	NZ_CP030132.1	97.830	1014	22	0	1	1014	117413	116400	0.0	1792
Int1_Pc_Pattern	NZ_CP030132.1	97.830	1014	22	0	1	1014	123106	122093	0.0	1792
Int1_Pc_Pattern	NZ_CP030132.1	97.734	1015	22	1	1	1014	38815	37801	0.0	1786
Int1_Pc_Pattern	NZ_CP030132.1	100.000	32	0	0	270	301	48722	48691	2.90e-05	60.2
Int1_Pc_Pattern	NZ_CM010661.1	97.830	1014	22	0	1	1014	183522	184535	0.0	1792
Int1_Pc_Pattern	NZ_CM010663.1	97.830	1014	22	0	1	1014	105616	104603	0.0	1792
Int1_Pc_Pattern	NZ_CM010663.1	97.830	1014	22	0	1	1014	122007	120994	0.0	1792
Int1_Pc_Pattern	NZ_QVAN01000006.1	97.830	1014	22	0	1	1014	21215	22228	0.0	1792
Int1_Pc_Pattern	NZ_QDDZ01000075.1	97.830	1014	22	0	1	1014	1184	171	0.0	1792
Int1_Pc_Pattern	NZ_PXLR01000042.1	97.830	1014	22	0	1	1014	9526	10539	0.0	1792
Int1_Pc_Pattern	NZ_PXKI01000075.1	97.830	1014	22	0	1	1014	1130	2143	0.0	1792
Int1_Pc_Pattern	NZ_PXLD01000051.1	97.830	1014	22	0	1	1014	5287	6300	0.0	1792
Int1_Pc_Pattern	NZ_PXLA01000040.1	97.830	1014	22	0	1	1014	9526	10539	0.0	1792
Int1_Pc_Pattern	NZ_PXKL01000080.1	97.830	1014	22	0	1	1014	1217	204	0.0	1792
Int1_Pc_Pattern	NZ_PXJS01000115.1	97.830	1014	22	0	1	1014	1021	8	0.0	1792
Int1_Pc_Pattern	NZ_QTKA01000036.1	97.830	1014	22	0	1	1014	7278	6265	0.0	1792
Int1_Pc_Pattern	NZ_QTJZ01000061.1	97.830	1014	22	0	1	1014	144	1157	0.0	1792
Int1_Pc_Pattern	NZ_CP030878.1	97.929	1014	21	0	1	1014	274863	275876	0.0	1792
Int1_Pc_Pattern	NZ_CP030876.1	97.929	1014	21	0	1	1014	75904	76917	0.0	1792
Int1_Pc_Pattern	NZ_QTKS01000042.1	97.830	1014	22	0	1	1014	1988	3001	0.0	1792
Int1_Pc_Pattern	NZ_QTKN01000045.1	97.830	1014	22	0	1	1014	1988	3001	0.0	1792
Int1_Pc_Pattern	NZ_QQQG01000019.1	97.830	1014	22	0	1	1014	9583	10596	0.0	1792
Int1_Pc_Pattern	NZ_QQQI01000036.1	97.830	1014	22	0	1	1014	9490	10503	0.0	1792
Int1_Pc_Pattern	NZ_QQQJ01000022.1	97.830	1014	22	0	1	1014	4542	5555	0.0	1792
Int1_Pc_Pattern	NZ_QPAJ01000014.1	97.830	1014	22	0	1	1014	3288	2275	0.0	1792
Int1_Pc_Pattern	NZ_QPAJ01000014.1	97.830	1014	22	0	1	1014	77933	76920	0.0	1792
Int1_Pc_Pattern	NZ_QPAJ01000014.1	95.056	445	22	0	1	445	28517	28073	0.0	741
Int1_Pc_Pattern	NZ_QPAJ01000010.1	97.830	1014	22	0	1	1014	74203	75216	0.0	1792
Int1_Pc_Pattern	NZ_QOVT01001497.1	97.830	1014	22	0	1	1014	116	1129	0.0	1792
Int1_Pc_Pattern	NZ_QOUF01000935.1	97.830	1014	22	0	1	1014	116	1129	0.0	1792
Int1_Pc_Pattern	NZ_QOUC01000057.1	97.830	1014	22	0	1	1014	2227	3240	0.0	1792
Int1_Pc_Pattern	NZ_QOTY01000068.1	97.830	1014	22	0	1	1014	239	1252	0.0	1792
Int1_Pc_Pattern	NZ_QOUA01000073.1	97.830	1014	22	0	1	1014	239	1252	0.0	1792
Int1_Pc_Pattern	NZ_QOIC01000226.1	97.830	1014	22	0	1	1014	16245	17258	0.0	1792
Int1_Pc_Pattern	NZ_QOIA01000464.1	97.830	1014	22	0	1	1014	1216	203	0.0	1792
Int1_Pc_Pattern	NZ_QOHW01000087.1	97.830	1014	22	0	1	1014	1216	203	0.0	1792
Int1_Pc_Pattern	NZ_QOHV01000067.1	97.830	1014	22	0	1	1014	1216	203	0.0	1792
Int1_Pc_Pattern	NZ_PPSS01000070.1	97.830	1014	22	0	1	1014	1592	579	0.0	1792
Int1_Pc_Pattern	NZ_QCZB01000055.1	97.830	1014	22	0	1	1014	5154	6167	0.0	1792
Int1_Pc_Pattern	NZ_PYWE01000050.1	97.830	1014	22	0	1	1014	763	1776	0.0	1792
Int1_Pc_Pattern	NZ_QMDN01000609.1	97.830	1014	22	0	1	1014	1216	203	0.0	1792
Int1_Pc_Pattern	NZ_QJMH01000088.1	97.830	1014	22	0	1	1014	140	1153	0.0	1792
Int1_Pc_Pattern	NZ_QJNF01000060.1	97.830	1014	22	0	1	1014	1432	419	0.0	1792
Int1_Pc_Pattern	NZ_QJNI01000092.1	97.830	1014	22	0	1	1014	140	1153	0.0	1792
Int1_Pc_Pattern	NZ_QIWA01000041.1	97.830	1014	22	0	1	1014	1634	621	0.0	1792
Int1_Pc_Pattern	NZ_QKNH01000003.1	97.830	1014	22	0	1	1014	152692	151679	0.0	1792
Int1_Pc_Pattern	NZ_QKNO01000002.1	97.830	1014	22	0	1	1014	158062	159075	0.0	1792
Int1_Pc_Pattern	NZ_QKNN01000002.1	97.830	1014	22	0	1	1014	156586	155573	0.0	1792
Int1_Pc_Pattern	NZ_QKNM01000002.1	97.830	1014	22	0	1	1014	89512	90525	0.0	1792
Int1_Pc_Pattern	NZ_QKNI01000004.1	97.830	1014	22	0	1	1014	151052	152065	0.0	1792
Int1_Pc_Pattern	NZ_CP029724.1	97.830	1014	22	0	1	1014	122645	123658	0.0	1792
Int1_Pc_Pattern	NZ_CP029723.1	97.830	1014	22	0	1	1014	104836	103823	0.0	1792
Int1_Pc_Pattern	NZ_CP029723.1	97.830	1014	22	0	1	1014	165812	164799	0.0	1792
Int1_Pc_Pattern	NZ_CP029722.1	97.830	1014	22	0	1	1014	3794101	3793088	0.0	1792
Int1_Pc_Pattern	NZ_CP023724.1	97.830	1014	22	0	1	1014	76796	75783	0.0	1792
Int1_Pc_Pattern	NZ_QIWQ01000050.1	97.830	1014	22	0	1	1014	1634	621	0.0	1792
Int1_Pc_Pattern	NZ_QIUQ01000058.1	97.830	1014	22	0	1	1014	1152	2165	0.0	1792
Int1_Pc_Pattern	NZ_QIWK01000074.1	97.830	1014	22	0	1	1014	5309	4296	0.0	1792
Int1_Pc_Pattern	NZ_QIWJ01000054.1	97.830	1014	22	0	1	1014	5676	4663	0.0	1792
Int1_Pc_Pattern	NZ_QIWG01000044.1	97.830	1014	22	0	1	1014	1317	304	0.0	1792
Int1_Pc_Pattern	NZ_QIWD01000036.1	97.830	1014	22	0	1	1014	1634	621	0.0	1792
Int1_Pc_Pattern	NZ_QIVY01000050.1	97.830	1014	22	0	1	1014	1634	621	0.0	1792
Int1_Pc_Pattern	NZ_QIWE01000081.1	97.830	1014	22	0	1	1014	140	1153	0.0	1792
Int1_Pc_Pattern	NZ_QITI01000231.1	97.830	1014	22	0	1	1014	1060	2073	0.0	1792
Int1_Pc_Pattern	NZ_QITJ01000060.1	97.830	1014	22	0	1	1014	1095	2108	0.0	1792
Int1_Pc_Pattern	NZ_CP023442.1	97.830	1014	22	0	1	1014	37981	36968	0.0	1792
Int1_Pc_Pattern	NZ_CP023442.1	97.830	1014	22	0	1	1014	94835	95848	0.0	1792
Int1_Pc_Pattern	NZ_CP023442.1	97.802	1001	22	0	1	1001	31856	32856	0.0	1768
Int1_Pc_Pattern	NZ_CP021166.1	97.830	1014	22	0	1	1014	12053	13066	0.0	1792
Int1_Pc_Pattern	NZ_CP021166.1	97.830	1014	22	0	1	1014	18870	17857	0.0	1792
Int1_Pc_Pattern	NZ_CP029591.1	97.830	1014	22	0	1	1014	60971	61984	0.0	1792
Int1_Pc_Pattern	NZ_BGKY01000063.1	97.830	1014	22	0	1	1014	6105	7118	0.0	1792
Int1_Pc_Pattern	NZ_BFDD01000098.1	97.830	1014	22	0	1	1014	140	1153	0.0	1792
Int1_Pc_Pattern	NZ_BFDC01000138.1	97.830	1014	22	0	1	1014	2594	1581	0.0	1792
Int1_Pc_Pattern	NZ_BFCY01000155.1	97.830	1014	22	0	1	1014	3165	4178	0.0	1792
Int1_Pc_Pattern	NZ_AP018583.1	97.830	1014	22	0	1	1014	212197	211184	0.0	1792
Int1_Pc_Pattern	NZ_AP018583.1	86.391	1014	43	58	1	1008	51725	52649	0.0	1057
Int1_Pc_Pattern	NZ_BFCX01000121.1	97.830	1014	22	0	1	1014	2011	998	0.0	1792
Int1_Pc_Pattern	NZ_BFCQ01000071.1	97.830	1014	22	0	1	1014	7121	6108	0.0	1792
Int1_Pc_Pattern	NZ_AP018577.1	97.830	1014	22	0	1	1014	43532	42519	0.0	1792
Int1_Pc_Pattern	NZ_QEGC01000892.1	97.830	1014	22	0	1	1014	1985	2998	0.0	1792
Int1_Pc_Pattern	NZ_QEFU01000119.1	97.830	1014	22	0	1	1014	9559	10572	0.0	1792
Int1_Pc_Pattern	NZ_CP029135.1	97.830	1014	22	0	1	1014	8773	7760	0.0	1792
Int1_Pc_Pattern	NZ_CP028996.1	97.830	1014	22	0	1	1014	23821	24834	0.0	1792
Int1_Pc_Pattern	NZ_CP028996.1	100.000	32	0	0	270	301	13914	13945	2.90e-05	60.2
Int1_Pc_Pattern	NZ_CP028955.1	97.830	1014	22	0	1	1014	61475	60462	0.0	1792
Int1_Pc_Pattern	NZ_CP028954.1	97.830	1014	22	0	1	1014	189553	188540	0.0	1792
Int1_Pc_Pattern	NZ_CP028953.1	97.830	1014	22	0	1	1014	4983882	4982869	0.0	1792
Int1_Pc_Pattern	NZ_QBCC01000033.1	97.830	1014	22	0	1	1014	19709	20722	0.0	1792
Int1_Pc_Pattern	NZ_CP028817.1	97.830	1014	22	0	1	1014	9817	8804	0.0	1792
Int1_Pc_Pattern	NZ_CP028717.1	97.830	1014	22	0	1	1014	110291	109278	0.0	1792
Int1_Pc_Pattern	NZ_CP028791.1	97.830	1014	22	0	1	1014	175689	176702	0.0	1792
Int1_Pc_Pattern	NZ_PWBR01000096.1	97.830	1014	22	0	1	1014	140	1153	0.0	1792
Int1_Pc_Pattern	NZ_PWBQ01000087.1	97.830	1014	22	0	1	1014	140	1153	0.0	1792
Int1_Pc_Pattern	NZ_PWAR01000108.1	97.830	1014	22	0	1	1014	142	1155	0.0	1792
Int1_Pc_Pattern	NZ_PWAL01000003.1	97.830	1014	22	0	1	1014	488763	487750	0.0	1792
Int1_Pc_Pattern	NZ_PWAK01000003.1	97.830	1014	22	0	1	1014	488763	487750	0.0	1792
Int1_Pc_Pattern	NZ_PWBJ01000024.1	97.830	1014	22	0	1	1014	5094	6107	0.0	1792
Int1_Pc_Pattern	NZ_PWBA01000044.1	97.830	1014	22	0	1	1014	4637	5650	0.0	1792
Int1_Pc_Pattern	NZ_CP028179.1	97.830	1014	22	0	1	1014	26264	27277	0.0	1792
Int1_Pc_Pattern	NZ_PQIL01000051.1	97.830	1014	22	0	1	1014	3382	4395	0.0	1792
Int1_Pc_Pattern	NZ_CP027162.1	97.830	1014	22	0	1	1014	25717	24704	0.0	1792
Int1_Pc_Pattern	NZ_CP027161.1	97.830	1014	22	0	1	1014	124602	125615	0.0	1792
Int1_Pc_Pattern	NZ_CP053365.1	97.830	1014	22	0	1	1014	63968	62955	0.0	1792
Int1_Pc_Pattern	NZ_CP053365.1	97.535	1014	23	2	1	1014	212938	211927	0.0	1773
Int1_Pc_Pattern	NZ_CP026590.1	97.830	1014	22	0	1	1014	13494	12481	0.0	1792
Int1_Pc_Pattern	NZ_CP026588.1	97.830	1014	22	0	1	1014	103767	104780	0.0	1792
Int1_Pc_Pattern	NZ_PDVD01000110.1	97.830	1014	22	0	1	1014	4202	3189	0.0	1792
Int1_Pc_Pattern	NZ_PDVG01000069.1	97.830	1014	22	0	1	1014	24185	25198	0.0	1792
Int1_Pc_Pattern	NZ_PQKF01000080.1	97.830	1014	22	0	1	1014	5077	6090	0.0	1792
Int1_Pc_Pattern	NZ_PQKH01000052.1	97.830	1014	22	0	1	1014	338	1351	0.0	1792
Int1_Pc_Pattern	NZ_PDLW01000075.1	97.830	1014	22	0	1	1014	9598	10611	0.0	1792
Int1_Pc_Pattern	NZ_CP026179.1	97.830	1014	22	0	1	1014	64021	63008	0.0	1792
Int1_Pc_Pattern	NZ_JTFS01000006.1	97.830	1014	22	0	1	1014	41377	40364	0.0	1792
Int1_Pc_Pattern	NZ_LYXS01000080.1	97.830	1014	22	0	1	1014	451	1464	0.0	1792
Int1_Pc_Pattern	NZ_PGHQ01000057.1	97.830	1014	22	0	1	1014	9526	10539	0.0	1792
Int1_Pc_Pattern	NZ_PGHD01000062.1	97.830	1014	22	0	1	1014	9516	10529	0.0	1792
Int1_Pc_Pattern	NZ_PGHC01000121.1	97.830	1014	22	0	1	1014	1217	204	0.0	1792
Int1_Pc_Pattern	NZ_NIBY01000053.1	97.830	1014	22	0	1	1014	1216	203	0.0	1792
Int1_Pc_Pattern	NZ_NICE01000016.1	97.830	1014	22	0	1	1014	52493	53506	0.0	1792
Int1_Pc_Pattern	NZ_NICF01000015.1	97.830	1014	22	0	1	1014	50886	51899	0.0	1792
Int1_Pc_Pattern	NZ_NCNF01000032.1	97.830	1014	22	0	1	1014	35265	36278	0.0	1792
Int1_Pc_Pattern	NZ_NCNZ01000110.1	97.830	1014	22	0	1	1014	1060	47	0.0	1792
Int1_Pc_Pattern	NZ_NCOO01000061.1	97.830	1014	22	0	1	1014	3522	4535	0.0	1792
Int1_Pc_Pattern	NZ_NCOZ01000049.1	97.830	1014	22	0	1	1014	5251	6264	0.0	1792
Int1_Pc_Pattern	NZ_NCPN01000048.1	97.830	1014	22	0	1	1014	9238	10251	0.0	1792
Int1_Pc_Pattern	NZ_NCPT01000023.1	97.830	1014	22	0	1	1014	48723	49736	0.0	1792
Int1_Pc_Pattern	NZ_NCNE01000071.1	97.830	1014	22	0	1	1014	140	1153	0.0	1792
Int1_Pc_Pattern	NZ_NCNQ01000078.1	97.830	1014	22	0	1	1014	7068	6055	0.0	1792
Int1_Pc_Pattern	NZ_NCNV01000061.1	97.830	1014	22	0	1	1014	32909	31896	0.0	1792
Int1_Pc_Pattern	NZ_NCOD01000073.1	97.830	1014	22	0	1	1014	8192	7179	0.0	1792
Int1_Pc_Pattern	NZ_NCOL01000042.1	97.830	1014	22	0	1	1014	24	1037	0.0	1792
Int1_Pc_Pattern	NZ_NCOP01000086.1	97.830	1014	22	0	1	1014	9480	10493	0.0	1792
Int1_Pc_Pattern	NZ_NCOU01000001.1	97.830	1014	22	0	1	1014	22488	23501	0.0	1792
Int1_Pc_Pattern	NZ_NCPS01000073.1	97.830	1014	22	0	1	1014	1071	58	0.0	1792
Int1_Pc_Pattern	NZ_NCPR01000054.1	97.830	1014	22	0	1	1014	2958	3971	0.0	1792
Int1_Pc_Pattern	NZ_NCLK01000034.1	97.830	1014	22	0	1	1014	33816	34829	0.0	1792
Int1_Pc_Pattern	NZ_NCMC01000027.1	97.830	1014	22	0	1	1014	2306	3319	0.0	1792
Int1_Pc_Pattern	NZ_NCME01000079.1	97.830	1014	22	0	1	1014	1913	2926	0.0	1792
Int1_Pc_Pattern	NZ_NCMW01000019.1	97.830	1014	22	0	1	1014	6950	5937	0.0	1792
Int1_Pc_Pattern	NZ_NCLU01000057.1	97.830	1014	22	0	1	1014	2146	1133	0.0	1792
Int1_Pc_Pattern	NZ_NCMH01000018.1	97.830	1014	22	0	1	1014	144818	143805	0.0	1792
Int1_Pc_Pattern	NZ_PISH01000341.1	97.830	1014	22	0	1	1014	116	1129	0.0	1792
Int1_Pc_Pattern	NZ_CP025141.1	97.830	1014	22	0	1	1014	104112	105125	0.0	1792
Int1_Pc_Pattern	NZ_CP025140.1	97.830	1014	22	0	1	1014	137426	138439	0.0	1792
Int1_Pc_Pattern	NZ_CP025144.1	97.830	1014	22	0	1	1014	103964	104977	0.0	1792
Int1_Pc_Pattern	NZ_CP025038.1	97.830	1014	22	0	1	1014	47795	48808	0.0	1792
Int1_Pc_Pattern	NZ_CP045991.1	97.830	1014	22	0	1	1014	18040	17027	0.0	1792
Int1_Pc_Pattern	NZ_CP045990.1	97.830	1014	22	0	1	1014	42122	41109	0.0	1792
Int1_Pc_Pattern	NZ_CP028582.2	97.830	1014	22	0	1	1014	11552	10539	0.0	1792
Int1_Pc_Pattern	NZ_CP024835.1	97.830	1014	22	0	1	1014	88650	89663	0.0	1792
Int1_Pc_Pattern	NZ_CP024834.1	97.830	1014	22	0	1	1014	2129579	2130592	0.0	1792
Int1_Pc_Pattern	NZ_CP024839.1	97.830	1014	22	0	1	1014	24586	25599	0.0	1792
Int1_Pc_Pattern	NZ_CP024839.1	95.056	445	22	0	1	445	7025	7469	0.0	741
Int1_Pc_Pattern	NZ_CP024838.1	97.830	1014	22	0	1	1014	4784380	4785393	0.0	1792
Int1_Pc_Pattern	NZ_NWBY01000050.1	97.830	1014	22	0	1	1014	588	1601	0.0	1792
Int1_Pc_Pattern	NZ_NICZ01000023.1	97.830	1014	22	0	1	1014	9598	10611	0.0	1792
Int1_Pc_Pattern	NZ_NICW01000016.1	97.830	1014	22	0	1	1014	25890	24877	0.0	1792
Int1_Pc_Pattern	NZ_NICM01000023.1	97.830	1014	22	0	1	1014	2935	1922	0.0	1792
Int1_Pc_Pattern	NZ_NIFM01000032.1	97.830	1014	22	0	1	1014	7421	6408	0.0	1792
Int1_Pc_Pattern	NZ_NIFL01000041.1	97.830	1014	22	0	1	1014	1441	428	0.0	1792
Int1_Pc_Pattern	NZ_NICH01000019.1	97.830	1014	22	0	1	1014	15652	16665	0.0	1792
Int1_Pc_Pattern	NZ_CP024529.1	97.830	1014	22	0	1	1014	123580	122567	0.0	1792
Int1_Pc_Pattern	NZ_CP024192.1	97.830	1014	22	0	1	1014	123580	122567	0.0	1792
Int1_Pc_Pattern	NZ_CP023926.1	97.830	1014	22	0	1	1014	63514	62501	0.0	1792
Int1_Pc_Pattern	NZ_CP023926.1	95.056	445	22	0	1	445	17918	18362	0.0	741
Int1_Pc_Pattern	NZ_CP023926.1	95.056	445	22	0	1	445	71549	71993	0.0	741
Int1_Pc_Pattern	NZ_CP023912.1	97.830	1014	22	0	1	1014	118551	117538	0.0	1792
Int1_Pc_Pattern	NZ_CP023923.1	97.830	1014	22	0	1	1014	104482	103469	0.0	1792
Int1_Pc_Pattern	NZ_CP023923.1	100.000	32	0	0	270	301	126048	126017	2.90e-05	60.2
Int1_Pc_Pattern	NZ_CP023948.1	97.830	1014	22	0	1	1014	74464	73451	0.0	1792
Int1_Pc_Pattern	NZ_CP023948.1	97.830	1014	22	0	1	1014	178834	177821	0.0	1792
Int1_Pc_Pattern	NZ_CP023943.1	97.830	1014	22	0	1	1014	37249	36236	0.0	1792
Int1_Pc_Pattern	NZ_NSLG01000092.1	97.830	1014	22	0	1	1014	19550	18537	0.0	1792
Int1_Pc_Pattern	NZ_NXKN01000097.1	97.830	1014	22	0	1	1014	1551	538	0.0	1792
Int1_Pc_Pattern	NZ_NXKP01000112.1	97.830	1014	22	0	1	1014	1219	206	0.0	1792
Int1_Pc_Pattern	NZ_NXKA01000057.1	97.830	1014	22	0	1	1014	1369	356	0.0	1792
Int1_Pc_Pattern	NZ_NXJT01000065.1	97.830	1014	22	0	1	1014	3932	4945	0.0	1792
Int1_Pc_Pattern	NZ_NXJS01000077.1	97.830	1014	22	0	1	1014	1369	356	0.0	1792
Int1_Pc_Pattern	NZ_NXJM01000110.1	97.830	1014	22	0	1	1014	1217	204	0.0	1792
Int1_Pc_Pattern	NZ_NXKI01000094.1	97.830	1014	22	0	1	1014	2478	1465	0.0	1792
Int1_Pc_Pattern	NZ_NXJZ01000092.1	97.830	1014	22	0	1	1014	1550	537	0.0	1792
Int1_Pc_Pattern	NZ_NXJV01000143.1	97.830	1014	22	0	1	1014	140	1153	0.0	1792
Int1_Pc_Pattern	NZ_NXJU01000074.1	97.830	1014	22	0	1	1014	1852	839	0.0	1792
Int1_Pc_Pattern	NZ_NXJO01000146.1	97.830	1014	22	0	1	1014	140	1153	0.0	1792
Int1_Pc_Pattern	NZ_NXJK01000094.1	97.830	1014	22	0	1	1014	140	1153	0.0	1792
Int1_Pc_Pattern	NZ_NXJJ01000004.1	97.830	1014	22	0	1	1014	140	1153	0.0	1792
Int1_Pc_Pattern	NZ_NXJI01000095.1	97.830	1014	22	0	1	1014	140	1153	0.0	1792
Int1_Pc_Pattern	NZ_NXIV01000143.1	97.830	1014	22	0	1	1014	140	1153	0.0	1792
Int1_Pc_Pattern	NZ_NXJA01000078.1	97.830	1014	22	0	1	1014	4555	5568	0.0	1792
Int1_Pc_Pattern	NZ_NXIY01000064.1	97.830	1014	22	0	1	1014	4599	5612	0.0	1792
Int1_Pc_Pattern	NZ_NXIW01000089.1	97.830	1014	22	0	1	1014	143	1156	0.0	1792
Int1_Pc_Pattern	NZ_NXIU01000107.1	97.830	1014	22	0	1	1014	1021	8	0.0	1792
Int1_Pc_Pattern	NZ_NXHQ01000055.1	97.830	1014	22	0	1	1014	1152	2165	0.0	1792
Int1_Pc_Pattern	NZ_NXHJ01000072.1	97.830	1014	22	0	1	1014	144	1157	0.0	1792
Int1_Pc_Pattern	NZ_CP023503.1	97.830	1014	22	0	1	1014	12318	11305	0.0	1792
Int1_Pc_Pattern	NZ_CP023503.1	97.830	1014	22	0	1	1014	122064	121051	0.0	1792
Int1_Pc_Pattern	NZ_NSLE01000074.1	97.830	1014	22	0	1	1014	40	1053	0.0	1792
Int1_Pc_Pattern	NZ_MVPH01000098.1	97.830	1014	22	0	1	1014	5253	6266	0.0	1792
Int1_Pc_Pattern	NZ_NQLM01000030.1	97.830	1014	22	0	1	1014	9598	10611	0.0	1792
Int1_Pc_Pattern	NZ_NIAV01000017.1	97.830	1014	22	0	1	1014	9	1022	0.0	1792
Int1_Pc_Pattern	NZ_NIAU01000221.1	97.830	1014	22	0	1	1014	1216	203	0.0	1792
Int1_Pc_Pattern	NZ_NIAS01000028.1	97.830	1014	22	0	1	1014	141	1154	0.0	1792
Int1_Pc_Pattern	NZ_NIAM01000475.1	97.830	1014	22	0	1	1014	1580	567	0.0	1792
Int1_Pc_Pattern	NZ_NIAF01000134.1	97.830	1014	22	0	1	1014	1217	204	0.0	1792
Int1_Pc_Pattern	NZ_NIAA01000119.1	97.830	1014	22	0	1	1014	7162	6149	0.0	1792
Int1_Pc_Pattern	NZ_NIAE01000240.1	97.830	1014	22	0	1	1014	1217	204	0.0	1792
Int1_Pc_Pattern	NZ_NIAI01000817.1	97.830	1014	22	0	1	1014	1915	2928	0.0	1792
Int1_Pc_Pattern	NZ_NIAC01000276.1	97.830	1014	22	0	1	1014	1217	204	0.0	1792
Int1_Pc_Pattern	NZ_NPHB01000061.1	97.830	1014	22	0	1	1014	1223	210	0.0	1792
Int1_Pc_Pattern	NZ_NPHA01000061.1	97.830	1014	22	0	1	1014	1223	210	0.0	1792
Int1_Pc_Pattern	NZ_NPGP01000036.1	97.830	1014	22	0	1	1014	9598	10611	0.0	1792
Int1_Pc_Pattern	NZ_NLDV01000067.1	97.830	1014	22	0	1	1014	1559	546	0.0	1792
Int1_Pc_Pattern	NZ_CP028389.3	97.830	1014	22	0	1	1014	155965	154952	0.0	1792
Int1_Pc_Pattern	NZ_CP036363.1	97.830	1014	22	0	1	1014	3684	2671	0.0	1792
Int1_Pc_Pattern	NZ_NIHK01000058.1	97.830	1014	22	0	1	1014	1516	503	0.0	1792
Int1_Pc_Pattern	NZ_NIUJ01000044.1	97.830	1014	22	0	1	1014	1573	560	0.0	1792
Int1_Pc_Pattern	NZ_NGYF01000191.1	97.830	1014	22	0	1	1014	7498	6485	0.0	1792
Int1_Pc_Pattern	NZ_NGYQ01000095.1	97.830	1014	22	0	1	1014	141	1154	0.0	1792
Int1_Pc_Pattern	NZ_NGYK01000072.1	97.830	1014	22	0	1	1014	141	1154	0.0	1792
Int1_Pc_Pattern	NZ_NGWN01000015.1	97.830	1014	22	0	1	1014	141	1154	0.0	1792
Int1_Pc_Pattern	NZ_NGYY01000045.1	97.830	1014	22	0	1	1014	141	1154	0.0	1792
Int1_Pc_Pattern	NZ_NGXS01000039.1	97.830	1014	22	0	1	1014	11272	10259	0.0	1792
Int1_Pc_Pattern	NZ_NGYT01000043.1	97.830	1014	22	0	1	1014	5299	6312	0.0	1792
Int1_Pc_Pattern	NZ_NGYP01000034.1	97.830	1014	22	0	1	1014	11272	10259	0.0	1792
Int1_Pc_Pattern	NZ_NGYN01000074.1	97.830	1014	22	0	1	1014	141	1154	0.0	1792
Int1_Pc_Pattern	NZ_NGXW01000042.1	97.830	1014	22	0	1	1014	11272	10259	0.0	1792
Int1_Pc_Pattern	NZ_NGYH01000084.1	97.830	1014	22	0	1	1014	5299	6312	0.0	1792
Int1_Pc_Pattern	NZ_NGYL01000221.1	97.830	1014	22	0	1	1014	7498	6485	0.0	1792
Int1_Pc_Pattern	NZ_NGWJ01000022.1	97.830	1014	22	0	1	1014	8888	7875	0.0	1792
Int1_Pc_Pattern	NZ_CP022126.1	97.830	1014	22	0	1	1014	8851	9864	0.0	1792
Int1_Pc_Pattern	NZ_CP022146.1	97.830	1014	22	0	1	1014	5066	4053	0.0	1792
Int1_Pc_Pattern	NZ_NIZK01000231.1	97.830	1014	22	0	1	1014	41344	42357	0.0	1792
Int1_Pc_Pattern	NZ_NIZI01000151.1	97.830	1014	22	0	1	1014	1980	2993	0.0	1792
Int1_Pc_Pattern	NZ_CP021953.1	97.830	1014	22	0	1	1014	55407	56420	0.0	1792
Int1_Pc_Pattern	NZ_CP021952.1	97.830	1014	22	0	1	1014	18622	17609	0.0	1792
Int1_Pc_Pattern	NZ_NBSC01000595.1	97.830	1014	22	0	1	1014	1340	327	0.0	1792
Int1_Pc_Pattern	NZ_CP021755.1	97.830	1014	22	0	1	1014	28722	27709	0.0	1792
Int1_Pc_Pattern	NZ_CP021752.1	97.830	1014	22	0	1	1014	175737	176750	0.0	1792
Int1_Pc_Pattern	NZ_CP021742.1	97.830	1014	22	0	1	1014	15165	16178	0.0	1792
Int1_Pc_Pattern	NZ_CP021741.1	97.830	1014	22	0	1	1014	63687	62674	0.0	1792
Int1_Pc_Pattern	NZ_MSZE01000069.1	97.830	1014	22	0	1	1014	1513	500	0.0	1792
Int1_Pc_Pattern	NZ_NFYP01000035.1	97.830	1014	22	0	1	1014	1634	621	0.0	1792
Int1_Pc_Pattern	NZ_NFXY01000116.1	97.830	1014	22	0	1	1014	1436	423	0.0	1792
Int1_Pc_Pattern	NZ_NFXC01000032.1	97.830	1014	22	0	1	1014	1634	621	0.0	1792
Int1_Pc_Pattern	NZ_NFWA01000027.1	97.830	1014	22	0	1	1014	1071	2084	0.0	1792
Int1_Pc_Pattern	NZ_NFWC01000053.1	97.830	1014	22	0	1	1014	1212	2225	0.0	1792
Int1_Pc_Pattern	NZ_NFYQ01000032.1	97.830	1014	22	0	1	1014	1634	621	0.0	1792
Int1_Pc_Pattern	NZ_NFVV01000022.1	97.830	1014	22	0	1	1014	1071	2084	0.0	1792
Int1_Pc_Pattern	NZ_NFYD01000062.1	97.830	1014	22	0	1	1014	1152	2165	0.0	1792
Int1_Pc_Pattern	NZ_NFYB01000031.1	97.830	1014	22	0	1	1014	6109	7122	0.0	1792
Int1_Pc_Pattern	NZ_NFXW01000029.1	97.830	1014	22	0	1	1014	5306	4293	0.0	1792
Int1_Pc_Pattern	NZ_NFXN01000041.1	97.830	1014	22	0	1	1014	1564	551	0.0	1792
Int1_Pc_Pattern	NZ_NFXM01000024.1	97.830	1014	22	0	1	1014	14001	15014	0.0	1792
Int1_Pc_Pattern	NZ_NFXF01000037.1	97.830	1014	22	0	1	1014	1615	602	0.0	1792
Int1_Pc_Pattern	NZ_NFXA01000030.1	97.830	1014	22	0	1	1014	1634	621	0.0	1792
Int1_Pc_Pattern	NZ_NFWW01000057.1	97.830	1014	22	0	1	1014	6109	7122	0.0	1792
Int1_Pc_Pattern	NZ_NFWR01000028.1	97.830	1014	22	0	1	1014	1216	203	0.0	1792
Int1_Pc_Pattern	NZ_NFVZ01000057.1	97.830	1014	22	0	1	1014	1212	2225	0.0	1792
Int1_Pc_Pattern	NZ_NFZK01000054.1	97.830	1014	22	0	1	1014	6109	7122	0.0	1792
Int1_Pc_Pattern	NZ_NFVL01000037.1	97.830	1014	22	0	1	1014	6109	7122	0.0	1792
Int1_Pc_Pattern	NZ_NFVJ01000044.1	97.830	1014	22	0	1	1014	2501	1488	0.0	1792
Int1_Pc_Pattern	NZ_NFVG01000029.1	97.830	1014	22	0	1	1014	1172	159	0.0	1792
Int1_Pc_Pattern	NZ_NFVF01000029.1	97.830	1014	22	0	1	1014	6109	7122	0.0	1792
Int1_Pc_Pattern	NZ_NFBX02000032.1	97.830	1014	22	0	1	1014	9548	10561	0.0	1792
Int1_Pc_Pattern	NZ_NFAW02000099.1	97.830	1014	22	0	1	1014	9548	10561	0.0	1792
Int1_Pc_Pattern	NZ_NFAT02000029.1	97.830	1014	22	0	1	1014	4242	5255	0.0	1792
Int1_Pc_Pattern	NZ_NFAS02000155.1	97.830	1014	22	0	1	1014	4242	5255	0.0	1792
Int1_Pc_Pattern	NZ_NFAC02000114.1	97.830	1014	22	0	1	1014	6667	5654	0.0	1792
Int1_Pc_Pattern	NZ_NEZM02000053.1	97.830	1014	22	0	1	1014	5361	6374	0.0	1792
Int1_Pc_Pattern	NZ_NEZH02000112.1	97.830	1014	22	0	1	1014	9548	10561	0.0	1792
Int1_Pc_Pattern	NZ_NFCB02000038.1	97.830	1014	22	0	1	1014	9538	10551	0.0	1792
Int1_Pc_Pattern	NZ_NFCA02000009.1	97.830	1014	22	0	1	1014	6667	5654	0.0	1792
Int1_Pc_Pattern	NZ_NFBZ02000115.1	97.830	1014	22	0	1	1014	4242	5255	0.0	1792
Int1_Pc_Pattern	NZ_NFAM02000064.1	97.830	1014	22	0	1	1014	4242	5255	0.0	1792
Int1_Pc_Pattern	NZ_NFAI02000040.1	97.830	1014	22	0	1	1014	1580	567	0.0	1792
Int1_Pc_Pattern	NZ_NFAF02000092.1	97.830	1014	22	0	1	1014	9548	10561	0.0	1792
Int1_Pc_Pattern	NZ_NFAD02000116.1	97.830	1014	22	0	1	1014	9548	10561	0.0	1792
Int1_Pc_Pattern	NZ_NEZQ02000081.1	97.830	1014	22	0	1	1014	1216	203	0.0	1792
Int1_Pc_Pattern	NZ_NEZR02000131.1	97.830	1014	22	0	1	1014	9548	10561	0.0	1792
Int1_Pc_Pattern	NZ_NEZL02000106.1	97.830	1014	22	0	1	1014	9652	10665	0.0	1792
Int1_Pc_Pattern	NZ_NFBW02000005.1	97.830	1014	22	0	1	1014	9548	10561	0.0	1792
Int1_Pc_Pattern	NZ_NFBP02000055.1	97.830	1014	22	0	1	1014	6667	5654	0.0	1792
Int1_Pc_Pattern	NZ_NFBI02000112.1	97.830	1014	22	0	1	1014	9548	10561	0.0	1792
Int1_Pc_Pattern	NZ_NFAV02000036.1	97.830	1014	22	0	1	1014	9548	10561	0.0	1792
Int1_Pc_Pattern	NZ_NFAA02000026.1	97.830	1014	22	0	1	1014	59091	58078	0.0	1792
Int1_Pc_Pattern	NZ_NEZY02000005.1	97.830	1014	22	0	1	1014	1580	567	0.0	1792
Int1_Pc_Pattern	NZ_NEZS02000010.1	97.830	1014	22	0	1	1014	9548	10561	0.0	1792
Int1_Pc_Pattern	NZ_NEYL02000126.1	97.830	1014	22	0	1	1014	1218	205	0.0	1792
Int1_Pc_Pattern	NZ_NEYM02000081.1	97.830	1014	22	0	1	1014	9548	10561	0.0	1792
Int1_Pc_Pattern	NZ_NDEE01000032.1	97.830	1014	22	0	1	1014	1216	203	0.0	1792
Int1_Pc_Pattern	NZ_NDEP01000050.1	97.830	1014	22	0	1	1014	2055	1042	0.0	1792
Int1_Pc_Pattern	NZ_NDEH01000068.1	97.830	1014	22	0	1	1014	1197	184	0.0	1792
Int1_Pc_Pattern	NZ_NDDG01000003.1	97.830	1014	22	0	1	1014	43131	44144	0.0	1792
Int1_Pc_Pattern	NZ_NDDZ01000022.1	97.830	1014	22	0	1	1014	1152	2165	0.0	1792
Int1_Pc_Pattern	NZ_NDDL01000073.1	97.830	1014	22	0	1	1014	6588	7601	0.0	1792
Int1_Pc_Pattern	NZ_NDCZ01000032.1	97.830	1014	22	0	1	1014	9548	10561	0.0	1792
Int1_Pc_Pattern	NZ_NDCX01000104.1	97.830	1014	22	0	1	1014	6826	5813	0.0	1792
Int1_Pc_Pattern	NZ_NDCW01000113.1	97.830	1014	22	0	1	1014	41425	40412	0.0	1792
Int1_Pc_Pattern	NZ_NDCI01000101.1	97.830	1014	22	0	1	1014	9548	10561	0.0	1792
Int1_Pc_Pattern	NZ_NDCA01000042.1	97.830	1014	22	0	1	1014	1580	567	0.0	1792
Int1_Pc_Pattern	NZ_NDBX01000109.1	97.830	1014	22	0	1	1014	1660	647	0.0	1792
Int1_Pc_Pattern	NZ_NDBT01000102.1	97.830	1014	22	0	1	1014	1216	203	0.0	1792
Int1_Pc_Pattern	NZ_NDBN01000107.1	97.830	1014	22	0	1	1014	9548	10561	0.0	1792
Int1_Pc_Pattern	NZ_NDBF01000089.1	97.830	1014	22	0	1	1014	1580	567	0.0	1792
Int1_Pc_Pattern	NZ_CP021540.1	97.830	1014	22	0	1	1014	66399	67412	0.0	1792
Int1_Pc_Pattern	NZ_MOST01000098.1	97.830	1014	22	0	1	1014	9285	10298	0.0	1792
Int1_Pc_Pattern	NZ_MOSS01000122.1	97.830	1014	22	0	1	1014	1600	2613	0.0	1792
Int1_Pc_Pattern	NZ_MRBE01000054.1	97.830	1014	22	0	1	1014	5229	6242	0.0	1792
Int1_Pc_Pattern	NZ_CP043350.1	97.830	1014	22	0	1	1014	72222	71209	0.0	1792
Int1_Pc_Pattern	NZ_CP043349.1	97.830	1014	22	0	1	1014	118981	119994	0.0	1792
Int1_Pc_Pattern	NZ_NGJM01000128.1	97.830	1014	22	0	1	1014	1515	502	0.0	1792
Int1_Pc_Pattern	NZ_CP020842.1	97.830	1014	22	0	1	1014	101210	102223	0.0	1792
Int1_Pc_Pattern	NZ_NBMT01000070.1	97.830	1014	22	0	1	1014	10694	11707	0.0	1792
Int1_Pc_Pattern	NZ_MZZT01000344.1	97.830	1014	22	0	1	1014	1236	223	0.0	1792
Int1_Pc_Pattern	NZ_MZZU01000066.1	97.830	1014	22	0	1	1014	7164	6151	0.0	1792
Int1_Pc_Pattern	NZ_MZZR01000276.1	97.830	1014	22	0	1	1014	116	1129	0.0	1792
Int1_Pc_Pattern	NZ_MZZQ01000178.1	97.830	1014	22	0	1	1014	1509	496	0.0	1792
Int1_Pc_Pattern	NZ_CP014299.1	97.830	1014	22	0	1	1014	8064	9077	0.0	1792
Int1_Pc_Pattern	NZ_CP014297.1	97.830	1014	22	0	1	1014	10348	11361	0.0	1792
Int1_Pc_Pattern	NZ_MCNI01000030.1	97.830	1014	22	0	1	1014	3482	2469	0.0	1792
Int1_Pc_Pattern	NZ_MRYM02000086.1	97.830	1014	22	0	1	1014	1374	361	0.0	1792
Int1_Pc_Pattern	NZ_CP015394.1	97.830	1014	22	0	1	1014	111643	110630	0.0	1792
Int1_Pc_Pattern	NZ_CP015386.1	97.830	1014	22	0	1	1014	89360	90373	0.0	1792
Int1_Pc_Pattern	NZ_CP015385.1	97.830	1014	22	0	1	1014	3030497	3031510	0.0	1792
Int1_Pc_Pattern	NZ_BDLH01000076.1	97.830	1014	22	0	1	1014	6128	7141	0.0	1792
Int1_Pc_Pattern	NZ_MPJA01000066.1	97.830	1014	22	0	1	1014	2505	1492	0.0	1792
Int1_Pc_Pattern	NZ_CP018819.1	97.830	1014	22	0	1	1014	60992	62005	0.0	1792
Int1_Pc_Pattern	NZ_CP018817.1	97.830	1014	22	0	1	1014	55254	56267	0.0	1792
Int1_Pc_Pattern	NZ_MPXX04000048.1	97.830	1014	22	0	1	1014	1512	499	0.0	1792
Int1_Pc_Pattern	NZ_MPYB04000023.1	97.830	1014	22	0	1	1014	9548	10561	0.0	1792
Int1_Pc_Pattern	NZ_MPZD04000116.1	97.830	1014	22	0	1	1014	11982	10969	0.0	1792
Int1_Pc_Pattern	NZ_MPYU04000016.1	97.830	1014	22	0	1	1014	9538	10551	0.0	1792
Int1_Pc_Pattern	NZ_MPZL04000044.1	97.830	1014	22	0	1	1014	9557	10570	0.0	1792
Int1_Pc_Pattern	NZ_MPXP04000027.1	97.830	1014	22	0	1	1014	118	1131	0.0	1792
Int1_Pc_Pattern	NZ_MPXT04000032.1	97.830	1014	22	0	1	1014	9548	10561	0.0	1792
Int1_Pc_Pattern	NZ_MPZE04000019.1	97.830	1014	22	0	1	1014	6667	5654	0.0	1792
Int1_Pc_Pattern	NZ_MPXR04000098.1	97.830	1014	22	0	1	1014	1512	499	0.0	1792
Int1_Pc_Pattern	NZ_MPYL04000055.1	97.830	1014	22	0	1	1014	1216	203	0.0	1792
Int1_Pc_Pattern	NZ_MPYG04000222.1	97.830	1014	22	0	1	1014	9548	10561	0.0	1792
Int1_Pc_Pattern	NZ_MPXF04000110.1	97.830	1014	22	0	1	1014	6667	5654	0.0	1792
Int1_Pc_Pattern	NZ_MPXW04000102.1	97.830	1014	22	0	1	1014	1512	499	0.0	1792
Int1_Pc_Pattern	NZ_MPWM04000010.1	97.830	1014	22	0	1	1014	1512	499	0.0	1792
Int1_Pc_Pattern	NZ_MPWO04000067.1	97.830	1014	22	0	1	1014	5455	4442	0.0	1792
Int1_Pc_Pattern	NZ_MPWU04000089.1	97.830	1014	22	0	1	1014	9548	10561	0.0	1792
Int1_Pc_Pattern	NZ_MPWT04000044.1	97.830	1014	22	0	1	1014	59137	58124	0.0	1792
Int1_Pc_Pattern	NZ_MPWZ04000025.1	97.830	1014	22	0	1	1014	9652	10665	0.0	1792
Int1_Pc_Pattern	NZ_MPWV04000097.1	97.830	1014	22	0	1	1014	6667	5654	0.0	1792
Int1_Pc_Pattern	NZ_MPXI04000108.1	97.830	1014	22	0	1	1014	1512	499	0.0	1792
Int1_Pc_Pattern	NZ_MPXH04000056.1	97.830	1014	22	0	1	1014	9548	10561	0.0	1792
Int1_Pc_Pattern	NZ_MPXK04000095.1	97.830	1014	22	0	1	1014	9548	10561	0.0	1792
Int1_Pc_Pattern	NZ_MPXJ04000106.1	97.830	1014	22	0	1	1014	9548	10561	0.0	1792
Int1_Pc_Pattern	NZ_MPWS04000121.1	97.830	1014	22	0	1	1014	9538	10551	0.0	1792
Int1_Pc_Pattern	NZ_MPXA04000051.1	97.830	1014	22	0	1	1014	9586	10599	0.0	1792
Int1_Pc_Pattern	NZ_MPXB04000099.1	97.830	1014	22	0	1	1014	9548	10561	0.0	1792
Int1_Pc_Pattern	NZ_MPXG04000018.1	97.830	1014	22	0	1	1014	9548	10561	0.0	1792
Int1_Pc_Pattern	NZ_MPWE04000045.1	97.830	1014	22	0	1	1014	9548	10561	0.0	1792
Int1_Pc_Pattern	NZ_CP018350.1	97.830	1014	22	0	1	1014	27946	26933	0.0	1792
Int1_Pc_Pattern	NZ_CP018451.1	97.830	1014	22	0	1	1014	29312	28299	0.0	1792
Int1_Pc_Pattern	NZ_CP018451.1	97.830	1014	22	0	1	1014	84416	83403	0.0	1792
Int1_Pc_Pattern	NZ_CP018448.1	97.830	1014	22	0	1	1014	33527	34540	0.0	1792
Int1_Pc_Pattern	NZ_CP018448.1	97.830	1014	22	0	1	1014	69107	70120	0.0	1792
Int1_Pc_Pattern	NZ_CP018434.1	97.830	1014	22	0	1	1014	9714	8701	0.0	1792
Int1_Pc_Pattern	NZ_CP018424.1	97.830	1014	22	0	1	1014	9714	8701	0.0	1792
Int1_Pc_Pattern	NZ_CP018430.1	97.830	1014	22	0	1	1014	9714	8701	0.0	1792
Int1_Pc_Pattern	NZ_LLWZ01000049.1	97.830	1014	22	0	1	1014	1684	671	0.0	1792
Int1_Pc_Pattern	NZ_LLWY01000076.1	97.830	1014	22	0	1	1014	1684	671	0.0	1792
Int1_Pc_Pattern	NZ_LLWU01000078.1	97.830	1014	22	0	1	1014	1684	671	0.0	1792
Int1_Pc_Pattern	NZ_MPCB01000005.1	97.830	1014	22	0	1	1014	1881	868	0.0	1792
Int1_Pc_Pattern	NZ_MPCG01000009.1	97.830	1014	22	0	1	1014	12392	13405	0.0	1792
Int1_Pc_Pattern	NZ_MPCG01000003.1	97.830	1014	22	0	1	1014	9989	11002	0.0	1792
Int1_Pc_Pattern	NZ_MPCG01000003.1	97.830	1014	22	0	1	1014	262310	261297	0.0	1792
Int1_Pc_Pattern	NZ_MPCG01000001.1	97.830	1014	22	0	1	1014	3416148	3415135	0.0	1792
Int1_Pc_Pattern	NZ_MPCJ01000006.1	97.830	1014	22	0	1	1014	11478	12491	0.0	1792
Int1_Pc_Pattern	NZ_MPCJ01000002.1	97.830	1014	22	0	1	1014	2183347	2182334	0.0	1792
Int1_Pc_Pattern	NZ_LSMF01000140.1	97.830	1014	22	0	1	1014	1917	904	0.0	1792
Int1_Pc_Pattern	NZ_CP011839.1	97.830	1014	22	0	1	1014	68496	67483	0.0	1792
Int1_Pc_Pattern	NZ_CP012567.1	97.830	1014	22	0	1	1014	117955	116942	0.0	1792
Int1_Pc_Pattern	NZ_CP012566.1	97.830	1014	22	0	1	1014	83128	82115	0.0	1792
Int1_Pc_Pattern	NZ_CP012564.1	97.830	1014	22	0	1	1014	12172	11159	0.0	1792
Int1_Pc_Pattern	NZ_CP012571.1	97.830	1014	22	0	1	1014	88889	89902	0.0	1792
Int1_Pc_Pattern	NZ_CP012569.1	97.830	1014	22	0	1	1014	12172	11159	0.0	1792
Int1_Pc_Pattern	NZ_MAGL01000038.1	97.830	1014	22	0	1	1014	6375	7388	0.0	1792
Int1_Pc_Pattern	NZ_MAGK01000113.1	97.830	1014	22	0	1	1014	1216	203	0.0	1792
Int1_Pc_Pattern	NZ_MAGH01000007.1	97.830	1014	22	0	1	1014	2831	3844	0.0	1792
Int1_Pc_Pattern	NZ_MAGI01000045.1	97.830	1014	22	0	1	1014	5359	6372	0.0	1792
Int1_Pc_Pattern	NZ_MAGF01000080.1	97.830	1014	22	0	1	1014	140	1153	0.0	1792
Int1_Pc_Pattern	NZ_MAGC01000015.1	97.830	1014	22	0	1	1014	60733	59720	0.0	1792
Int1_Pc_Pattern	NZ_MCNT01000075.1	97.830	1014	22	0	1	1014	6575	7588	0.0	1792
Int1_Pc_Pattern	NZ_CP016925.1	97.830	1014	22	0	1	1014	35017	36030	0.0	1792
Int1_Pc_Pattern	NZ_CP016919.1	97.830	1014	22	0	1	1014	33285	34298	0.0	1792
Int1_Pc_Pattern	NZ_CP016921.1	97.830	1014	22	0	1	1014	73887	74900	0.0	1792
Int1_Pc_Pattern	NZ_CP016921.1	97.830	1014	22	0	1	1014	199335	198322	0.0	1792
Int1_Pc_Pattern	NZ_LXMZ01000029.1	97.830	1014	22	0	1	1014	2021	3034	0.0	1792
Int1_Pc_Pattern	NZ_LXMY01000086.1	97.830	1014	22	0	1	1014	71	1084	0.0	1792
Int1_Pc_Pattern	NZ_LXMT01000029.1	97.830	1014	22	0	1	1014	9598	10611	0.0	1792
Int1_Pc_Pattern	NZ_LXMU01000025.1	97.830	1014	22	0	1	1014	9598	10611	0.0	1792
Int1_Pc_Pattern	NZ_LXMS01000031.1	97.830	1014	22	0	1	1014	4907	5920	0.0	1792
Int1_Pc_Pattern	NZ_LXMR01000050.1	97.830	1014	22	0	1	1014	8362	9375	0.0	1792
Int1_Pc_Pattern	NZ_LXMP01000028.1	97.830	1014	22	0	1	1014	9598	10611	0.0	1792
Int1_Pc_Pattern	NZ_LXMO01000030.1	97.830	1014	22	0	1	1014	9598	10611	0.0	1792
Int1_Pc_Pattern	NZ_MAKN01000037.1	97.830	1014	22	0	1	1014	19473	20486	0.0	1792
Int1_Pc_Pattern	NZ_CM004510.1	97.830	1014	22	0	1	1014	10487	9474	0.0	1792
Int1_Pc_Pattern	NZ_CP014648.1	97.830	1014	22	0	1	1014	26868	27881	0.0	1792
Int1_Pc_Pattern	NZ_CP015502.1	97.830	1014	22	0	1	1014	95813	96826	0.0	1792
Int1_Pc_Pattern	NZ_CP015500.1	97.830	1014	22	0	1	1014	2393027	2394040	0.0	1792
Int1_Pc_Pattern	NZ_JTFU01000029.1	97.830	1014	22	0	1	1014	41378	40365	0.0	1792
Int1_Pc_Pattern	NZ_FBSI01000030.1	97.830	1014	22	0	1	1014	9498	10511	0.0	1792
Int1_Pc_Pattern	NZ_FBRK01000068.1	97.830	1014	22	0	1	1014	9498	10511	0.0	1792
Int1_Pc_Pattern	NZ_LOEJ01000032.1	97.830	1014	22	0	1	1014	38463	37450	0.0	1792
Int1_Pc_Pattern	NZ_LNIS01000041.1	97.830	1014	22	0	1	1014	5271	6284	0.0	1792
Int1_Pc_Pattern	NZ_LNHX01000015.1	97.830	1014	22	0	1	1014	2665	3678	0.0	1792
Int1_Pc_Pattern	NZ_LNHP01000012.1	97.830	1014	22	0	1	1014	1216	203	0.0	1792
Int1_Pc_Pattern	NZ_LNHN01000091.1	97.830	1014	22	0	1	1014	2122	3135	0.0	1792
Int1_Pc_Pattern	NZ_LNHK01000005.1	97.830	1014	22	0	1	1014	139	1152	0.0	1792
Int1_Pc_Pattern	NZ_LNHG01000052.1	97.830	1014	22	0	1	1014	9975	10988	0.0	1792
Int1_Pc_Pattern	NZ_LNHJ01000008.1	97.830	1014	22	0	1	1014	5265	6278	0.0	1792
Int1_Pc_Pattern	NZ_LNHH01000061.1	97.830	1014	22	0	1	1014	3529	4542	0.0	1792
Int1_Pc_Pattern	NZ_LNHE01000078.1	97.830	1014	22	0	1	1014	116	1129	0.0	1792
Int1_Pc_Pattern	NZ_LNHA01000070.1	97.830	1014	22	0	1	1014	9598	10611	0.0	1792
Int1_Pc_Pattern	NZ_LNGS01000025.1	97.830	1014	22	0	1	1014	9598	10611	0.0	1792
Int1_Pc_Pattern	NZ_LNGR01000100.1	97.830	1014	22	0	1	1014	9598	10611	0.0	1792
Int1_Pc_Pattern	NZ_LNGO01000056.1	97.830	1014	22	0	1	1014	1216	203	0.0	1792
Int1_Pc_Pattern	NZ_LNGQ01000098.1	97.830	1014	22	0	1	1014	9598	10611	0.0	1792
Int1_Pc_Pattern	NZ_JUBJ01000030.1	97.830	1014	22	0	1	1014	1524	511	0.0	1792
Int1_Pc_Pattern	NZ_JUBK01000008.1	97.830	1014	22	0	1	1014	5261	6274	0.0	1792
Int1_Pc_Pattern	NZ_JUBH01000038.1	97.830	1014	22	0	1	1014	1534	521	0.0	1792
Int1_Pc_Pattern	NZ_CP013324.1	97.830	1014	22	0	1	1014	126757	127770	0.0	1792
Int1_Pc_Pattern	NZ_CP012988.3	97.830	1014	22	0	1	1014	93938	92925	0.0	1792
Int1_Pc_Pattern	NZ_LN824135.1	97.830	1014	22	0	1	1014	80356	79343	0.0	1792
Int1_Pc_Pattern	NZ_LN824133.1	97.830	1014	22	0	1	1014	2810771	2809758	0.0	1792
Int1_Pc_Pattern	NZ_CP012754.1	97.830	1014	22	0	1	1014	260861	259848	0.0	1792
Int1_Pc_Pattern	NZ_JUVG01000122.1	97.830	1014	22	0	1	1014	2404	1391	0.0	1792
Int1_Pc_Pattern	NZ_CP011644.1	97.830	1014	22	0	1	1014	25414	24401	0.0	1792
Int1_Pc_Pattern	NZ_LAFV01000007.1	97.830	1014	22	0	1	1014	13991	15004	0.0	1792
Int1_Pc_Pattern	NZ_JQCW01000042.1	97.830	1014	22	0	1	1014	1971	2984	0.0	1792
Int1_Pc_Pattern	NZ_JQCX01000047.1	97.830	1014	22	0	1	1014	1971	2984	0.0	1792
Int1_Pc_Pattern	NZ_CCHW01000023.1	97.830	1014	22	0	1	1014	33010	34023	0.0	1792
Int1_Pc_Pattern	NZ_CCHU01000145.1	97.830	1014	22	0	1	1014	2509	1496	0.0	1792
Int1_Pc_Pattern	NZ_CCHH01000030.1	97.830	1014	22	0	1	1014	2071	1058	0.0	1792
Int1_Pc_Pattern	NZ_CCGQ01000023.1	97.830	1014	22	0	1	1014	1598	585	0.0	1792
Int1_Pc_Pattern	NZ_CCGG01000043.1	97.830	1014	22	0	1	1014	7333	8346	0.0	1792
Int1_Pc_Pattern	NZ_CCEY01000086.1	97.830	1014	22	0	1	1014	8070	7057	0.0	1792
Int1_Pc_Pattern	NZ_CP010390.1	97.830	1014	22	0	1	1014	113184	112171	0.0	1792
Int1_Pc_Pattern	NZ_JWRL01000002.1	97.830	1014	22	0	1	1014	5345	6358	0.0	1792
Int1_Pc_Pattern	NZ_JWRM01000013.1	97.830	1014	22	0	1	1014	73978	74991	0.0	1792
Int1_Pc_Pattern	NZ_CP010362.1	97.830	1014	22	0	1	1014	66794	67807	0.0	1792
Int1_Pc_Pattern	NZ_JSER01000058.1	97.830	1014	22	0	1	1014	3440	2427	0.0	1792
Int1_Pc_Pattern	NZ_CP008933.1	97.830	1014	22	0	1	1014	191937	190924	0.0	1792
Int1_Pc_Pattern	NZ_JNHB01000049.1	97.830	1014	22	0	1	1014	9471	10484	0.0	1792
Int1_Pc_Pattern	NZ_CAXYOE010000002.1	97.830	1014	22	0	1	1014	138596	137583	0.0	1792
Int1_Pc_Pattern	NZ_CAXYOE010000002.1	97.830	1014	22	0	1	1014	145774	144761	0.0	1792
Int1_Pc_Pattern	NZ_CAXYOE010000002.1	97.830	1014	22	0	1	1014	166963	167976	0.0	1792
Int1_Pc_Pattern	NZ_CAXYOE010000002.1	93.956	364	22	0	1	364	131973	131610	2.31e-165	592
Int1_Pc_Pattern	NZ_CAXYOI010000006.1	97.830	1014	22	0	1	1014	83602	82589	0.0	1792
Int1_Pc_Pattern	NZ_CAXYOI010000006.1	97.830	1014	22	0	1	1014	90780	89767	0.0	1792
Int1_Pc_Pattern	NZ_CAXYOI010000006.1	97.830	1014	22	0	1	1014	111969	112982	0.0	1792
Int1_Pc_Pattern	NZ_CAXYOI010000006.1	93.956	364	22	0	1	364	76979	76616	2.31e-165	592
Int1_Pc_Pattern	NZ_OW967213.1	97.830	1014	22	0	1	1014	30577	31590	0.0	1792
Int1_Pc_Pattern	NZ_OW967212.1	97.830	1014	22	0	1	1014	46436	47449	0.0	1792
Int1_Pc_Pattern	NZ_OW967211.1	97.830	1014	22	0	1	1014	102085	101072	0.0	1792
Int1_Pc_Pattern	NZ_OW967211.1	97.830	1014	22	0	1	1014	133411	132398	0.0	1792
Int1_Pc_Pattern	NZ_OW967211.1	97.830	1014	22	0	1	1014	148702	147689	0.0	1792
Int1_Pc_Pattern	NZ_OW967367.1	97.830	1014	22	0	1	1014	25807	24794	0.0	1792
Int1_Pc_Pattern	NZ_OW967364.1	97.830	1014	22	0	1	1014	137286	136273	0.0	1792
Int1_Pc_Pattern	NZ_OW967364.1	97.830	1014	22	0	1	1014	170887	169874	0.0	1792
Int1_Pc_Pattern	NZ_OW967489.1	97.830	1014	22	0	1	1014	14089	13076	0.0	1792
Int1_Pc_Pattern	NZ_OW967486.1	97.830	1014	22	0	1	1014	30577	31590	0.0	1792
Int1_Pc_Pattern	NZ_OW849200.1	97.830	1014	22	0	1	1014	30577	31590	0.0	1792
Int1_Pc_Pattern	NZ_OW849199.1	97.830	1014	22	0	1	1014	102095	101082	0.0	1792
Int1_Pc_Pattern	NZ_OW849199.1	97.830	1014	22	0	1	1014	131801	130788	0.0	1792
Int1_Pc_Pattern	NZ_OW849199.1	97.830	1014	22	0	1	1014	140763	139750	0.0	1792
Int1_Pc_Pattern	NZ_OW849102.1	97.830	1014	22	0	1	1014	30577	31590	0.0	1792
Int1_Pc_Pattern	NZ_OW849459.1	97.830	1014	22	0	1	1014	30577	31590	0.0	1792
Int1_Pc_Pattern	NZ_OW849458.1	97.830	1014	22	0	1	1014	101597	100584	0.0	1792
Int1_Pc_Pattern	NZ_OW849458.1	97.243	798	22	0	1	798	130014	130811	0.0	1393
Int1_Pc_Pattern	NZ_CAIZUY010000086.1	97.830	1014	22	0	1	1014	46	1059	0.0	1792
Int1_Pc_Pattern	NZ_CAIZTG010000094.1	97.830	1014	22	0	1	1014	1219	206	0.0	1792
Int1_Pc_Pattern	NZ_AP051943.1	97.830	1014	22	0	1	1014	21408	20395	0.0	1792
Int1_Pc_Pattern	NZ_JBBXQN010000048.1	97.830	1014	22	0	1	1014	1829	816	0.0	1792
Int1_Pc_Pattern	NZ_JCALRT010000065.1	97.830	1014	22	0	1	1014	116	1129	0.0	1792
Int1_Pc_Pattern	NZ_JCALRS010000063.1	97.830	1014	22	0	1	1014	116	1129	0.0	1792
Int1_Pc_Pattern	NZ_JCAMJG010000065.1	97.830	1014	22	0	1	1014	1596	583	0.0	1792
Int1_Pc_Pattern	NZ_JCAMBO010000036.1	97.830	1014	22	0	1	1014	6142	7155	0.0	1792
Int1_Pc_Pattern	NZ_JCAKZP010000027.1	97.830	1014	22	0	1	1014	12011	10998	0.0	1792
Int1_Pc_Pattern	NZ_JCAKZO010000046.1	97.830	1014	22	0	1	1014	22235	21222	0.0	1792
Int1_Pc_Pattern	NZ_JCAKZN010000052.1	97.830	1014	22	0	1	1014	144	1157	0.0	1792
Int1_Pc_Pattern	NZ_JBOBYY010000102.1	97.830	1014	22	0	1	1014	1216	203	0.0	1792
Int1_Pc_Pattern	NZ_JBZVVY010000011.1	97.830	1014	22	0	1	1014	2007	3020	0.0	1792
Int1_Pc_Pattern	NZ_CM178408.1	97.830	1014	22	0	1	1014	4895086	4896099	0.0	1792
Int1_Pc_Pattern	NZ_CM178408.1	92.691	301	22	0	1	301	4885226	4885526	2.43e-130	475
Int1_Pc_Pattern	NZ_JBZGFR010000002.1	97.830	1014	22	0	1	1014	75293	74280	0.0	1792
Int1_Pc_Pattern	NZ_JBZGFR010000002.1	96.746	1014	22	1	1	1014	66927	65925	0.0	1720
Int1_Pc_Pattern	NZ_CM178022.1	97.830	1014	22	0	1	1014	4739385	4740398	0.0	1792
Int1_Pc_Pattern	NZ_JALKVG010000002.1	97.830	1014	22	0	1	1014	262964	263977	0.0	1792
Int1_Pc_Pattern	NZ_JBWVOG010000046.1	97.830	1014	22	0	1	1014	1176	2189	0.0	1792
Int1_Pc_Pattern	NZ_JBVMQC010000037.1	97.830	1014	22	0	1	1014	3574	4587	0.0	1792
Int1_Pc_Pattern	NZ_JBPBOG010000030.1	97.830	1014	22	0	1	1014	21062	22075	0.0	1792
Int1_Pc_Pattern	NZ_JBHGJT010000004.1	97.830	1014	22	0	1	1014	45910	46923	0.0	1792
Int1_Pc_Pattern	NZ_JBRNKO010000125.1	97.830	1014	22	0	1	1014	3462	2449	0.0	1792
Int1_Pc_Pattern	NZ_JBRNKH010000238.1	97.830	1014	22	0	1	1014	3462	2449	0.0	1792
Int1_Pc_Pattern	NZ_JBRNJU010000484.1	97.830	1014	22	0	1	1014	3462	2449	0.0	1792
Int1_Pc_Pattern	NZ_JBRNJV010000111.1	97.830	1014	22	0	1	1014	4141	3128	0.0	1792
Int1_Pc_Pattern	NZ_JBRNJQ010000310.1	97.830	1014	22	0	1	1014	18898	19911	0.0	1792
Int1_Pc_Pattern	NZ_JBJWFK010000002.1	97.830	1014	22	0	1	1014	95422	96435	0.0	1792
Int1_Pc_Pattern	NZ_JBJWFK010000002.1	97.830	1014	22	0	1	1014	108454	107441	0.0	1792
Int1_Pc_Pattern	NZ_JBQRZQ010000012.1	97.830	1014	22	0	1	1014	4990	3977	0.0	1792
Int1_Pc_Pattern	NZ_JBQRZP010000012.1	97.830	1014	22	0	1	1014	5523	4510	0.0	1792
Int1_Pc_Pattern	NZ_JBQRZN010000012.1	97.830	1014	22	0	1	1014	5523	4510	0.0	1792
Int1_Pc_Pattern	NZ_JBQRZL010000011.1	97.830	1014	22	0	1	1014	114639	115652	0.0	1792
Int1_Pc_Pattern	NZ_JBQRZK010000011.1	97.830	1014	22	0	1	1014	114639	115652	0.0	1792
Int1_Pc_Pattern	NZ_JBQRZJ020000003.1	97.830	1014	22	0	1	1014	101173	100160	0.0	1792
Int1_Pc_Pattern	NZ_JBPEOA010000079.1	97.830	1014	22	0	1	1014	1117	104	0.0	1792
Int1_Pc_Pattern	NZ_JBPXFS010000010.1	97.830	1014	22	0	1	1014	2038	3051	0.0	1792
Int1_Pc_Pattern	NZ_JBPXJL010000050.1	97.830	1014	22	0	1	1014	2262	3275	0.0	1792
Int1_Pc_Pattern	NZ_CP196152.1	97.830	1014	22	0	1	1014	102095	101082	0.0	1792
Int1_Pc_Pattern	NZ_JBPAMA010000002.1	97.830	1014	22	0	1	1014	163177	164190	0.0	1792
Int1_Pc_Pattern	NZ_JBPQVQ010000025.1	97.830	1014	22	0	1	1014	1978	965	0.0	1792
Int1_Pc_Pattern	NZ_JBMDGP010000108.1	97.830	1014	22	0	1	1014	1216	203	0.0	1792
Int1_Pc_Pattern	NZ_JBMDGH010000088.1	97.830	1014	22	0	1	1014	140	1153	0.0	1792
Int1_Pc_Pattern	NZ_JBMDFG010000146.1	97.830	1014	22	0	1	1014	1021	8	0.0	1792
Int1_Pc_Pattern	NZ_JBMDEX010000140.1	97.830	1014	22	0	1	1014	140	1153	0.0	1792
Int1_Pc_Pattern	NZ_JBMDDT010000054.1	97.830	1014	22	0	1	1014	4359	3346	0.0	1792
Int1_Pc_Pattern	NZ_JBMDDR010000100.1	97.830	1014	22	0	1	1014	1216	203	0.0	1792
Int1_Pc_Pattern	NZ_JBMDHO010000104.1	97.830	1014	22	0	1	1014	1216	203	0.0	1792
Int1_Pc_Pattern	NZ_JBMDDG010000080.1	97.830	1014	22	0	1	1014	1175	2188	0.0	1792
Int1_Pc_Pattern	NZ_JBMDDF010000078.1	97.830	1014	22	0	1	1014	1216	203	0.0	1792
Int1_Pc_Pattern	NZ_JAXMRB010000034.1	97.830	1014	22	0	1	1014	6004	7017	0.0	1792
Int1_Pc_Pattern	NZ_JBKIVD010000126.1	97.830	1014	22	0	1	1014	1021	8	0.0	1792
Int1_Pc_Pattern	NZ_JBKIVI010000073.1	97.830	1014	22	0	1	1014	1186	2199	0.0	1792
Int1_Pc_Pattern	NZ_JBJNEE010000002.1	97.830	1014	22	0	1	1014	137676	136663	0.0	1792
Int1_Pc_Pattern	NZ_JBJNEE010000002.1	97.438	1015	23	3	1	1014	169982	168970	0.0	1768
Int1_Pc_Pattern	NZ_JBJNAQ010000001.1	97.830	1014	22	0	1	1014	4821843	4822856	0.0	1792
Int1_Pc_Pattern	NZ_JBJNAQ010000001.1	97.734	1015	22	1	1	1014	4849147	4848133	0.0	1786
Int1_Pc_Pattern	NZ_JBIGQH010000001.1	97.830	1014	22	0	1	1014	2492313	2491300	0.0	1792
Int1_Pc_Pattern	NZ_JBIGQH010000001.1	97.732	1014	22	1	1	1014	2444743	2443731	0.0	1784
Int1_Pc_Pattern	NZ_JAUEHH010000081.1	97.830	1014	22	0	1	1014	2325	3338	0.0	1792
Int1_Pc_Pattern	NZ_JBFTDZ010000002.1	97.830	1014	22	0	1	1014	35406	34393	0.0	1792
Int1_Pc_Pattern	NZ_JBFTDZ010000001.1	97.830	1014	22	0	1	1014	4726994	4728007	0.0	1792
Int1_Pc_Pattern	NZ_JAMHAW010000045.1	97.830	1014	22	0	1	1014	140	1153	0.0	1792
Int1_Pc_Pattern	NZ_JAMHDS010000003.1	97.830	1014	22	0	1	1014	28146	29159	0.0	1792
Int1_Pc_Pattern	NZ_JBBFXW010000004.1	97.830	1014	22	0	1	1014	45860	46873	0.0	1792
Int1_Pc_Pattern	NZ_JBBFXW010000004.1	100.000	899	0	0	116	1014	60203	59305	0.0	1661
Int1_Pc_Pattern	NZ_JBBFXW010000004.1	93.750	352	22	0	1	352	39274	39625	1.08e-158	569
Int1_Pc_Pattern	NZ_JBBFXW010000002.1	97.830	1014	22	0	1	1014	9507	8494	0.0	1792
Int1_Pc_Pattern	NZ_JBBFXW010000002.1	97.830	1014	22	0	1	1014	194921	193908	0.0	1792
Int1_Pc_Pattern	NZ_JBBFXW010000002.1	97.830	1014	22	0	1	1014	207818	206805	0.0	1792
Int1_Pc_Pattern	NZ_JBBFTW010000003.1	97.830	1014	22	0	1	1014	47554	48567	0.0	1792
Int1_Pc_Pattern	NZ_JBBFTW010000003.1	100.000	899	0	0	116	1014	61897	60999	0.0	1661
Int1_Pc_Pattern	NZ_JBBFTW010000003.1	93.750	352	22	0	1	352	40968	41319	1.08e-158	569
Int1_Pc_Pattern	NZ_JAGSJS010000065.1	97.830	1014	22	0	1	1014	6159	7172	0.0	1792
Int1_Pc_Pattern	NZ_JAGSJV010000127.1	97.830	1014	22	0	1	1014	141	1154	0.0	1792
Int1_Pc_Pattern	NZ_JALLPT010000065.1	97.830	1014	22	0	1	1014	46	1059	0.0	1792
Int1_Pc_Pattern	NZ_JBDYAM010000002.1	97.830	1014	22	0	1	1014	29250	30263	0.0	1792
Int1_Pc_Pattern	NZ_JBDYAG010000002.1	97.830	1014	22	0	1	1014	29250	30263	0.0	1792
Int1_Pc_Pattern	NZ_JBDXZL010000002.1	97.830	1014	22	0	1	1014	29250	30263	0.0	1792
Int1_Pc_Pattern	NZ_JBDXZP010000002.1	97.830	1014	22	0	1	1014	29250	30263	0.0	1792
Int1_Pc_Pattern	NZ_JBDXZJ010000002.1	97.830	1014	22	0	1	1014	29250	30263	0.0	1792
Int1_Pc_Pattern	NZ_JBDXZK010000002.1	97.830	1014	22	0	1	1014	29250	30263	0.0	1792
Int1_Pc_Pattern	NZ_JBDXZH010000002.1	97.830	1014	22	0	1	1014	29250	30263	0.0	1792
Int1_Pc_Pattern	NZ_JBDXZG010000002.1	97.830	1014	22	0	1	1014	29250	30263	0.0	1792
Int1_Pc_Pattern	NZ_JBDXZC010000002.1	97.830	1014	22	0	1	1014	29239	30252	0.0	1792
Int1_Pc_Pattern	NZ_JBDXZE010000003.1	97.830	1014	22	0	1	1014	29250	30263	0.0	1792
Int1_Pc_Pattern	NZ_JBDXYG010000002.1	97.830	1014	22	0	1	1014	29250	30263	0.0	1792
Int1_Pc_Pattern	NZ_CP115981.1	97.830	1014	22	0	1	1014	113309	112296	0.0	1792
Int1_Pc_Pattern	NZ_CP115981.1	97.830	1014	22	0	1	1014	131395	132408	0.0	1792
Int1_Pc_Pattern	NZ_CP115981.1	97.243	798	22	0	1	798	163546	162749	0.0	1393
Int1_Pc_Pattern	NZ_JAYDXM010000256.1	97.830	1014	22	0	1	1014	1216	203	0.0	1792
Int1_Pc_Pattern	NZ_JAYDXE010000108.1	97.830	1014	22	0	1	1014	909	1922	0.0	1792
Int1_Pc_Pattern	NZ_JAYDXD010000027.1	97.830	1014	22	0	1	1014	9551	8538	0.0	1792
Int1_Pc_Pattern	NZ_JAYDVZ010000067.1	97.830	1014	22	0	1	1014	6143	7156	0.0	1792
Int1_Pc_Pattern	NZ_JBCFYZ010000057.1	97.830	1014	22	0	1	1014	4577	3564	0.0	1792
Int1_Pc_Pattern	NZ_JATADD010000027.1	97.830	1014	22	0	1	1014	9551	8538	0.0	1792
Int1_Pc_Pattern	NZ_JATACV010000025.1	97.830	1014	22	0	1	1014	1216	203	0.0	1792
Int1_Pc_Pattern	NZ_JBAJLS010000079.1	97.830	1014	22	0	1	1014	1117	104	0.0	1792
Int1_Pc_Pattern	NZ_JAXRRF010000061.1	97.830	1014	22	0	1	1014	5318	6331	0.0	1792
Int1_Pc_Pattern	NZ_JAXRNC010000023.1	97.830	1014	22	0	1	1014	3567	2554	0.0	1792
Int1_Pc_Pattern	NZ_JAYFDS010000084.1	97.830	1014	22	0	1	1014	1063	2076	0.0	1792
Int1_Pc_Pattern	NZ_CP138442.1	97.830	1014	22	0	1	1014	61632	60619	0.0	1792
Int1_Pc_Pattern	NZ_CP138442.1	100.000	224	0	0	791	1014	71192	71415	5.37e-112	414
Int1_Pc_Pattern	NZ_JAWUES010000048.1	97.830	1014	22	0	1	1014	1829	816	0.0	1792
Int1_Pc_Pattern	NZ_JAWLOB010000050.1	97.830	1014	22	0	1	1014	140	1153	0.0	1792
Int1_Pc_Pattern	NZ_JASGNM010000002.1	97.830	1014	22	0	1	1014	135886	136899	0.0	1792
Int1_Pc_Pattern	NZ_JASGNM010000002.1	97.830	1014	22	0	1	1014	179344	178331	0.0	1792
Int1_Pc_Pattern	NZ_CP135501.1	97.830	1014	22	0	1	1014	4466	3453	0.0	1792
Int1_Pc_Pattern	NZ_CP135262.1	97.830	1014	22	0	1	1014	96800	95787	0.0	1792
Int1_Pc_Pattern	NZ_CP135262.1	97.830	1014	22	0	1	1014	123784	122771	0.0	1792
Int1_Pc_Pattern	NZ_CP129515.1	97.830	1014	22	0	1	1014	32756	31743	0.0	1792
Int1_Pc_Pattern	NZ_CP129499.1	97.830	1014	22	0	1	1014	236136	235123	0.0	1792
Int1_Pc_Pattern	NZ_CP129499.1	95.034	443	22	0	1	443	8221	7779	0.0	737
Int1_Pc_Pattern	NZ_CP129508.1	97.830	1014	22	0	1	1014	22886	23899	0.0	1792
Int1_Pc_Pattern	NZ_JAUCIN010000592.1	97.830	1014	22	0	1	1014	117	1130	0.0	1792
Int1_Pc_Pattern	NZ_JAUCIK010000077.1	97.830	1014	22	0	1	1014	2888	1875	0.0	1792
Int1_Pc_Pattern	NZ_JASUVN010000006.1	97.830	1014	22	0	1	1014	11629	12642	0.0	1792
Int1_Pc_Pattern	NZ_JASUVN010000005.1	97.830	1014	22	0	1	1014	9043	8030	0.0	1792
Int1_Pc_Pattern	NZ_JASUVN010000004.1	97.830	1014	22	0	1	1014	25040	24027	0.0	1792
Int1_Pc_Pattern	NZ_JASUVN010000004.1	97.830	1014	22	0	1	1014	41721	42734	0.0	1792
Int1_Pc_Pattern	NZ_JASUVN010000004.1	100.000	117	0	0	898	1014	76471	76587	1.62e-52	217
Int1_Pc_Pattern	NZ_JARTPV020000003.1	97.830	1014	22	0	1	1014	115759	114746	0.0	1792
Int1_Pc_Pattern	NZ_JARTPV020000002.1	97.830	1014	22	0	1	1014	232123	231110	0.0	1792
Int1_Pc_Pattern	NZ_JARTNC020000002.1	97.830	1014	22	0	1	1014	114688	113675	0.0	1792
Int1_Pc_Pattern	NZ_CP109698.1	97.830	1014	22	0	1	1014	140409	139396	0.0	1792
Int1_Pc_Pattern	NZ_CP109698.1	97.830	1014	22	0	1	1014	170499	169486	0.0	1792
Int1_Pc_Pattern	NZ_JAOCIY010000234.1	97.830	1014	22	0	1	1014	141	1154	0.0	1792
Int1_Pc_Pattern	NZ_JAOEAJ010000002.1	97.830	1014	22	0	1	1014	132831	133844	0.0	1792
Int1_Pc_Pattern	NZ_JAOEAJ010000002.1	97.830	1014	22	0	1	1014	164069	163056	0.0	1792
Int1_Pc_Pattern	NZ_CP117725.1	97.830	1014	22	0	1	1014	12442	11429	0.0	1792
Int1_Pc_Pattern	NZ_JAIPLI010000004.1	97.830	1014	22	0	1	1014	29151	30164	0.0	1792
Int1_Pc_Pattern	NZ_JAIPLI010000002.1	97.830	1014	22	0	1	1014	146824	147837	0.0	1792
Int1_Pc_Pattern	NZ_JAIPLI010000002.1	97.830	1014	22	0	1	1014	153222	152209	0.0	1792
Int1_Pc_Pattern	NZ_JAIPLI010000002.1	97.830	1014	22	0	1	1014	157425	156412	0.0	1792
Int1_Pc_Pattern	NZ_JAIPLI010000002.1	100.000	660	0	0	355	1014	142975	143634	0.0	1219
Int1_Pc_Pattern	NZ_JAIPKY010000005.1	97.830	1014	22	0	1	1014	33690	34703	0.0	1792
Int1_Pc_Pattern	NZ_JAIPKY010000003.1	97.830	1014	22	0	1	1014	290191	291204	0.0	1792
Int1_Pc_Pattern	NZ_JAIPKY010000003.1	97.830	1014	22	0	1	1014	294394	295407	0.0	1792
Int1_Pc_Pattern	NZ_JAIPKY010000003.1	97.830	1014	22	0	1	1014	300792	299779	0.0	1792
Int1_Pc_Pattern	NZ_JAIPKY010000003.1	100.000	660	0	0	355	1014	304641	303982	0.0	1219
Int1_Pc_Pattern	NZ_CP109678.1	97.830	1014	22	0	1	1014	92574	91561	0.0	1792
Int1_Pc_Pattern	NZ_CP109677.1	97.830	1014	22	0	1	1014	95888	96901	0.0	1792
Int1_Pc_Pattern	NZ_JAMFWT010000051.1	97.830	1014	22	0	1	1014	10568	11581	0.0	1792
Int1_Pc_Pattern	NZ_JAGPNS010000004.1	97.830	1014	22	0	1	1014	30116	31129	0.0	1792
Int1_Pc_Pattern	NZ_CP103752.1	97.830	1014	22	0	1	1014	33325	32312	0.0	1792
Int1_Pc_Pattern	NZ_CP103752.1	97.830	1014	22	0	1	1014	178109	177096	0.0	1792
Int1_Pc_Pattern	NZ_CP103752.1	93.956	364	22	0	1	364	30388	30751	2.31e-165	592
Int1_Pc_Pattern	NZ_JANFVL010000025.1	97.830	1014	22	0	1	1014	141	1154	0.0	1792
Int1_Pc_Pattern	NZ_CP071789.1	97.830	1014	22	0	1	1014	52137	53150	0.0	1792
Int1_Pc_Pattern	NZ_CP071791.1	97.830	1014	22	0	1	1014	96326	97339	0.0	1792
Int1_Pc_Pattern	NZ_CP071791.1	97.830	1014	22	0	1	1014	135186	134173	0.0	1792
Int1_Pc_Pattern	NZ_CP071792.1	97.830	1014	22	0	1	1014	1522163	1523176	0.0	1792
Int1_Pc_Pattern	NZ_CP092635.1	97.830	1014	22	0	1	1014	73153	74166	0.0	1792
Int1_Pc_Pattern	NZ_JAMGPF010000098.1	97.830	1014	22	0	1	1014	1217	204	0.0	1792
Int1_Pc_Pattern	NZ_JAMHKO010000003.1	97.830	1014	22	0	1	1014	128604	127591	0.0	1792
Int1_Pc_Pattern	NZ_JAMHKO010000003.1	97.830	1014	22	0	1	1014	278722	277709	0.0	1792
Int1_Pc_Pattern	NZ_JAKSGD010000001.1	97.830	1014	22	0	1	1014	73153	74166	0.0	1792
Int1_Pc_Pattern	NZ_JAKMIR010000067.1	97.830	1014	22	0	1	1014	141	1154	0.0	1792
Int1_Pc_Pattern	NZ_JAKMKM010000064.1	97.830	1014	22	0	1	1014	5392	6405	0.0	1792
Int1_Pc_Pattern	NZ_JAKMLP010000074.1	97.830	1014	22	0	1	1014	1216	203	0.0	1792
Int1_Pc_Pattern	NZ_JAKMMW010000027.1	97.830	1014	22	0	1	1014	9279	8266	0.0	1792
Int1_Pc_Pattern	NZ_CP083843.1	97.830	1014	22	0	1	1014	197531	198544	0.0	1792
Int1_Pc_Pattern	NZ_CP083843.1	97.337	1014	23	2	1	1014	94722	93713	0.0	1760
Int1_Pc_Pattern	NZ_JALLCT010000122.1	97.830	1014	22	0	1	1014	141	1154	0.0	1792
Int1_Pc_Pattern	NZ_JALJVD010000080.1	97.830	1014	22	0	1	1014	810	1823	0.0	1792
Int1_Pc_Pattern	NZ_JAKWIV010000154.1	97.830	1014	22	0	1	1014	1021	8	0.0	1792
Int1_Pc_Pattern	NZ_JAKWIG010000098.1	97.830	1014	22	0	1	1014	140	1153	0.0	1792
Int1_Pc_Pattern	NZ_JAKWHX010000154.1	97.830	1014	22	0	1	1014	1216	203	0.0	1792
Int1_Pc_Pattern	NZ_JAJSYK010000042.1	97.830	1014	22	0	1	1014	141	1154	0.0	1792
Int1_Pc_Pattern	NZ_JAJFCR010000058.1	97.830	1014	22	0	1	1014	10691	9678	0.0	1792
Int1_Pc_Pattern	NZ_JAHXZD010000085.1	97.830	1014	22	0	1	1014	141	1154	0.0	1792
Int1_Pc_Pattern	NZ_CP083644.1	97.830	1014	22	0	1	1014	256305	257318	0.0	1792
Int1_Pc_Pattern	NZ_CP083644.1	97.830	1014	22	0	1	1014	293075	292062	0.0	1792
Int1_Pc_Pattern	NZ_CP083621.1	97.830	1014	22	0	1	1014	141842	142855	0.0	1792
Int1_Pc_Pattern	NZ_CP083621.1	97.830	1014	22	0	1	1014	178612	177599	0.0	1792
Int1_Pc_Pattern	NZ_AP024281.1	97.830	1014	22	0	1	1014	2705882	2706895	0.0	1792
Int1_Pc_Pattern	NZ_CP080108.1	97.830	1014	22	0	1	1014	97198	96185	0.0	1792
Int1_Pc_Pattern	NZ_CP077207.1	97.830	1014	22	0	1	1014	149595	150608	0.0	1792
Int1_Pc_Pattern	NZ_CP077207.1	97.830	1014	22	0	1	1014	186365	185352	0.0	1792
Int1_Pc_Pattern	NZ_JAFHGL010000334.1	97.830	1014	22	0	1	1014	1621	608	0.0	1792
Int1_Pc_Pattern	NZ_JAGSXX010000006.1	97.830	1014	22	0	1	1014	14293	13280	0.0	1792
Int1_Pc_Pattern	NZ_JAGSXX010000004.1	97.830	1014	22	0	1	1014	6494	7507	0.0	1792
Int1_Pc_Pattern	NZ_CP073314.1	97.830	1014	22	0	1	1014	17381	16368	0.0	1792
Int1_Pc_Pattern	NZ_AP024500.1	97.830	1014	22	0	1	1014	172661	173674	0.0	1792
Int1_Pc_Pattern	NZ_AP024500.1	97.684	993	23	0	1	993	63140	64132	0.0	1748
Int1_Pc_Pattern	NZ_JADKYK010000065.1	97.830	1014	22	0	1	1014	1623	610	0.0	1792
Int1_Pc_Pattern	NZ_BNGK01000001.1	97.830	1014	22	0	1	1014	442725	441712	0.0	1792
Int1_Pc_Pattern	NZ_JACYTF010000100.1	97.830	1014	22	0	1	1014	1496	483	0.0	1792
Int1_Pc_Pattern	NZ_SWFZ01000084.1	97.830	1014	22	0	1	1014	1737	724	0.0	1792
Int1_Pc_Pattern	NZ_WNXG01000014.1	97.830	1014	22	0	1	1014	1217	204	0.0	1792
Int1_Pc_Pattern	NZ_QFLP01000135.1	97.830	1014	22	0	1	1014	3199	4212	0.0	1792
Int1_Pc_Pattern	NZ_BIGA01000045.1	97.830	1014	22	0	1	1014	9831	8818	0.0	1792
Int1_Pc_Pattern	NZ_AP019383.1	97.830	1014	22	0	1	1014	94337	95350	0.0	1792
Int1_Pc_Pattern	NZ_PGIQ01000103.1	97.830	1014	22	0	1	1014	140	1153	0.0	1792
Int1_Pc_Pattern	NZ_NRIS01000057.1	97.830	1014	22	0	1	1014	5570	4557	0.0	1792
Int1_Pc_Pattern	NZ_NXHI01000082.1	97.830	1014	22	0	1	1014	1634	621	0.0	1792
Int1_Pc_Pattern	NZ_LVTT01000053.1	97.830	1014	22	0	1	1014	1217	204	0.0	1792
Int1_Pc_Pattern	NZ_CP011589.1	97.830	1014	22	0	1	1014	4652	3639	0.0	1792
Int1_Pc_Pattern	NZ_JZKO01000056.1	97.830	1014	22	0	1	1014	16886	17899	0.0	1792
Int1_Pc_Pattern	NZ_JZXZ01000079.1	97.830	1014	22	0	1	1014	110	1123	0.0	1792
Int1_Pc_Pattern	NZ_JZYA01000078.1	97.830	1014	22	0	1	1014	110	1123	0.0	1792
Int1_Pc_Pattern	NZ_JZZG01000044.1	97.830	1014	22	0	1	1014	3208	2195	0.0	1792
Int1_Pc_Pattern	AP051948.1	97.830	1014	22	0	1	1014	21408	20395	0.0	1792
Int1_Pc_Pattern	JBBXQN010000048.1	97.830	1014	22	0	1	1014	1829	816	0.0	1792
Int1_Pc_Pattern	JCALRT010000065.1	97.830	1014	22	0	1	1014	116	1129	0.0	1792
Int1_Pc_Pattern	JCAMJG010000065.1	97.830	1014	22	0	1	1014	1596	583	0.0	1792
Int1_Pc_Pattern	JCAMBO010000036.1	97.830	1014	22	0	1	1014	6142	7155	0.0	1792
Int1_Pc_Pattern	JBOBYY010000102.1	97.830	1014	22	0	1	1014	1216	203	0.0	1792
Int1_Pc_Pattern	DBOPDL010000096.1	97.830	1014	22	0	1	1014	2718	1705	0.0	1792
Int1_Pc_Pattern	JBGRWV010000045.1	97.830	1014	22	0	1	1014	1335	322	0.0	1792
Int1_Pc_Pattern	DBNSZI010000040.1	97.830	1014	22	0	1	1014	8006	9019	0.0	1792
Int1_Pc_Pattern	DBNSYU010000079.1	97.830	1014	22	0	1	1014	1658	645	0.0	1792
Int1_Pc_Pattern	DBNSYU010000029.1	97.830	1014	22	0	1	1014	1723	2736	0.0	1792
Int1_Pc_Pattern	DBNSYB010000064.1	97.830	1014	22	0	1	1014	1243	2256	0.0	1792
Int1_Pc_Pattern	DBNRYD010000129.1	97.830	1014	22	0	1	1014	123	1136	0.0	1792
Int1_Pc_Pattern	DBNRWF010000227.1	97.830	1014	22	0	1	1014	4385	3372	0.0	1792
Int1_Pc_Pattern	DBNRWF010000107.1	97.830	1014	22	0	1	1014	3782	4795	0.0	1792
Int1_Pc_Pattern	DBNRWE010000153.1	97.830	1014	22	0	1	1014	1111	2124	0.0	1792
Int1_Pc_Pattern	DBNRWD010000126.1	97.830	1014	22	0	1	1014	2501	1488	0.0	1792
Int1_Pc_Pattern	DBNRWB010000096.1	97.830	1014	22	0	1	1014	2500	1487	0.0	1792
Int1_Pc_Pattern	DBNRWC010000108.1	97.830	1014	22	0	1	1014	3430	4443	0.0	1792
Int1_Pc_Pattern	DBNRVZ010000106.1	97.830	1014	22	0	1	1014	1215	202	0.0	1792
Int1_Pc_Pattern	DBNRVF010000141.1	97.830	1014	22	0	1	1014	3682	4695	0.0	1792
Int1_Pc_Pattern	DBNRUP010000094.1	97.830	1014	22	0	1	1014	17840	16827	0.0	1792
Int1_Pc_Pattern	DBNRQC010000098.1	97.830	1014	22	0	1	1014	1215	202	0.0	1792
Int1_Pc_Pattern	JBXUIS010000006.1	97.830	1014	22	0	1	1014	11046	12059	0.0	1792
Int1_Pc_Pattern	JBVTIY020000006.1	97.830	1014	22	0	1	1014	4169	3156	0.0	1792
Int1_Pc_Pattern	JBVTIY020000002.1	97.830	1014	22	0	1	1014	146392	145379	0.0	1792
Int1_Pc_Pattern	DBLULO010000138.1	97.830	1014	22	0	1	1014	2194	1181	0.0	1792
Int1_Pc_Pattern	DBLULO010000061.1	97.830	1014	22	0	1	1014	5681	6694	0.0	1792
Int1_Pc_Pattern	DBLKYC010000153.1	97.830	1014	22	0	1	1014	1662	649	0.0	1792
Int1_Pc_Pattern	DBLKYC010000042.1	97.830	1014	22	0	1	1014	9913	10926	0.0	1792
Int1_Pc_Pattern	DBLKYB010000082.1	97.830	1014	22	0	1	1014	118	1131	0.0	1792
Int1_Pc_Pattern	DBLBSZ010000185.1	97.830	1014	22	0	1	1014	1662	649	0.0	1792
Int1_Pc_Pattern	DBLBSZ010000057.1	97.830	1014	22	0	1	1014	5985	6998	0.0	1792
Int1_Pc_Pattern	JBPBOG010000030.1	97.830	1014	22	0	1	1014	21062	22075	0.0	1792
Int1_Pc_Pattern	JBRNKL010000218.1	97.830	1014	22	0	1	1014	3462	2449	0.0	1792
Int1_Pc_Pattern	JBRNKH010000238.1	97.830	1014	22	0	1	1014	3462	2449	0.0	1792
Int1_Pc_Pattern	JBRNJU010000484.1	97.830	1014	22	0	1	1014	3462	2449	0.0	1792
Int1_Pc_Pattern	JBRNJQ010000310.1	97.830	1014	22	0	1	1014	18898	19911	0.0	1792
Int1_Pc_Pattern	JBQYRP010000100.1	97.830	1014	22	0	1	1014	140	1153	0.0	1792
Int1_Pc_Pattern	CP199521.1	97.830	1014	22	0	1	1014	3722	2709	0.0	1792
Int1_Pc_Pattern	CP199518.1	97.830	1014	22	0	1	1014	102095	101082	0.0	1792
Int1_Pc_Pattern	JBQRZR010000013.1	97.830	1014	22	0	1	1014	114639	115652	0.0	1792
Int1_Pc_Pattern	JBQRZQ010000012.1	97.830	1014	22	0	1	1014	4990	3977	0.0	1792
Int1_Pc_Pattern	JBQRZP010000012.1	97.830	1014	22	0	1	1014	5523	4510	0.0	1792
Int1_Pc_Pattern	JBQRZN010000012.1	97.830	1014	22	0	1	1014	5523	4510	0.0	1792
Int1_Pc_Pattern	JBQRZM010000036.1	97.830	1014	22	0	1	1014	5523	4510	0.0	1792
Int1_Pc_Pattern	JBQRZL010000011.1	97.830	1014	22	0	1	1014	114639	115652	0.0	1792
Int1_Pc_Pattern	DBJVFL010000140.1	97.830	1014	22	0	1	1014	4886	3873	0.0	1792
Int1_Pc_Pattern	DBJVFL010000065.1	97.830	1014	22	0	1	1014	1243	2256	0.0	1792
Int1_Pc_Pattern	ACAIQA010000040.1	97.830	1014	22	0	1	1014	8571	9584	0.0	1792
Int1_Pc_Pattern	JBPEOA010000079.1	97.830	1014	22	0	1	1014	1117	104	0.0	1792
Int1_Pc_Pattern	ACAFOV010000073.1	97.830	1014	22	0	1	1014	1217	204	0.0	1792
Int1_Pc_Pattern	ACAFOV010000046.1	97.830	1014	22	0	1	1014	4295	5308	0.0	1792
Int1_Pc_Pattern	CP196152.1	97.830	1014	22	0	1	1014	102095	101082	0.0	1792
Int1_Pc_Pattern	DBJJOJ010000126.1	97.830	1014	22	0	1	1014	1662	649	0.0	1792
Int1_Pc_Pattern	DBJJOJ010000039.1	97.830	1014	22	0	1	1014	9913	10926	0.0	1792
Int1_Pc_Pattern	DBJJNW010000121.1	97.830	1014	22	0	1	1014	1662	649	0.0	1792
Int1_Pc_Pattern	DBJJNW010000039.1	97.830	1014	22	0	1	1014	9914	10927	0.0	1792
Int1_Pc_Pattern	DBJJMF010000046.1	97.830	1014	22	0	1	1014	2650	1637	0.0	1792
Int1_Pc_Pattern	DBJJMF010000024.1	97.830	1014	22	0	1	1014	4333	3320	0.0	1792
Int1_Pc_Pattern	JBMDFG010000146.1	97.830	1014	22	0	1	1014	1021	8	0.0	1792
Int1_Pc_Pattern	JBMDEX010000140.1	97.830	1014	22	0	1	1014	140	1153	0.0	1792
Int1_Pc_Pattern	JBMDDG010000080.1	97.830	1014	22	0	1	1014	1175	2188	0.0	1792
Int1_Pc_Pattern	JBMDCY010000138.1	97.830	1014	22	0	1	1014	46	1059	0.0	1792
Int1_Pc_Pattern	JBMDCM010000003.1	97.830	1014	22	0	1	1014	232611	233624	0.0	1792
Int1_Pc_Pattern	CP181930.1	97.830	1014	22	0	1	1014	2157743	2158756	0.0	1792
Int1_Pc_Pattern	CP181930.1	97.830	1014	22	0	1	1014	2188969	2187956	0.0	1792
Int1_Pc_Pattern	DBICPM010000070.1	97.830	1014	22	0	1	1014	4886	3873	0.0	1792
Int1_Pc_Pattern	DBICPM010000036.1	97.830	1014	22	0	1	1014	6637	7650	0.0	1792
Int1_Pc_Pattern	DBICMI010000076.1	97.830	1014	22	0	1	1014	4886	3873	0.0	1792
Int1_Pc_Pattern	DBICMI010000036.1	97.830	1014	22	0	1	1014	18987	20000	0.0	1792
Int1_Pc_Pattern	DBGGWB010000102.1	97.830	1014	22	0	1	1014	25	1038	0.0	1792
Int1_Pc_Pattern	ABXCFC010000057.1	97.830	1014	22	0	1	1014	1729	716	0.0	1792
Int1_Pc_Pattern	ABXCFC010000024.1	97.830	1014	22	0	1	1014	11453	10440	0.0	1792
Int1_Pc_Pattern	JBKIVB010000037.1	97.830	1014	22	0	1	1014	3135	4148	0.0	1792
Int1_Pc_Pattern	ABWQII010000140.1	97.830	1014	22	0	1	1014	2194	1181	0.0	1792
Int1_Pc_Pattern	ABWQII010000055.1	97.830	1014	22	0	1	1014	8000	9013	0.0	1792
Int1_Pc_Pattern	JBJNEE010000002.1	97.830	1014	22	0	1	1014	137676	136663	0.0	1792
Int1_Pc_Pattern	JBJNEE010000002.1	97.438	1015	23	3	1	1014	169982	168970	0.0	1768
Int1_Pc_Pattern	JBJNAQ010000001.1	97.830	1014	22	0	1	1014	4821843	4822856	0.0	1792
Int1_Pc_Pattern	JBJNAQ010000001.1	97.734	1015	22	1	1	1014	4849147	4848133	0.0	1786
Int1_Pc_Pattern	DBCYCQ010000149.1	97.830	1014	22	0	1	1014	1498	485	0.0	1792
Int1_Pc_Pattern	DBCYCQ010000148.1	97.830	1014	22	0	1	1014	1498	485	0.0	1792
Int1_Pc_Pattern	DBCYCQ010000055.1	97.830	1014	22	0	1	1014	3673	4686	0.0	1792
Int1_Pc_Pattern	CP135255.1	97.830	1014	22	0	1	1014	23957	22944	0.0	1792
Int1_Pc_Pattern	DBCATZ010000087.1	97.830	1014	22	0	1	1014	4497	5510	0.0	1792
Int1_Pc_Pattern	ABVOOS010000099.1	97.830	1014	22	0	1	1014	1599	586	0.0	1792
Int1_Pc_Pattern	ABVOOS010000050.1	97.830	1014	22	0	1	1014	4836	5849	0.0	1792
Int1_Pc_Pattern	CP163008.1	97.830	1014	22	0	1	1014	33729	34742	0.0	1792
Int1_Pc_Pattern	JALLPT010000065.1	97.830	1014	22	0	1	1014	46	1059	0.0	1792
Int1_Pc_Pattern	CP097174.1	97.830	1014	22	0	1	1014	163864	164877	0.0	1792
Int1_Pc_Pattern	CP097174.1	97.830	1014	22	0	1	1014	183629	182616	0.0	1792
Int1_Pc_Pattern	CP115981.1	97.830	1014	22	0	1	1014	113309	112296	0.0	1792
Int1_Pc_Pattern	CP115981.1	97.830	1014	22	0	1	1014	131395	132408	0.0	1792
Int1_Pc_Pattern	CP115981.1	97.243	798	22	0	1	798	163546	162749	0.0	1393
Int1_Pc_Pattern	JAYDXD010000027.1	97.830	1014	22	0	1	1014	9551	8538	0.0	1792
Int1_Pc_Pattern	JAXAWE010000096.1	97.830	1014	22	0	1	1014	1216	203	0.0	1792
Int1_Pc_Pattern	ABQRGW010000055.1	97.830	1014	22	0	1	1014	4697	5710	0.0	1792
Int1_Pc_Pattern	JATADE010000108.1	97.830	1014	22	0	1	1014	909	1922	0.0	1792
Int1_Pc_Pattern	JATACV010000025.1	97.830	1014	22	0	1	1014	1216	203	0.0	1792
Int1_Pc_Pattern	JAXRRJ010000050.1	97.830	1014	22	0	1	1014	3433	2420	0.0	1792
Int1_Pc_Pattern	JAXRQG010000087.1	97.830	1014	22	0	1	1014	141	1154	0.0	1792
Int1_Pc_Pattern	ABQDBS010000107.1	97.830	1014	22	0	1	1014	4915	3902	0.0	1792
Int1_Pc_Pattern	ABQDBS010000043.1	97.830	1014	22	0	1	1014	12161	13174	0.0	1792
Int1_Pc_Pattern	DATTLI010000099.1	97.830	1014	22	0	1	1014	10773	9760	0.0	1792
Int1_Pc_Pattern	DATTLI010000093.1	97.830	1014	22	0	1	1014	10773	9760	0.0	1792
Int1_Pc_Pattern	DATTLI010000024.1	97.830	1014	22	0	1	1014	65608	66621	0.0	1792
Int1_Pc_Pattern	DASHOC010000067.1	97.830	1014	22	0	1	1014	5325	4312	0.0	1792
Int1_Pc_Pattern	DASHOC010000025.1	97.830	1014	22	0	1	1014	74646	75659	0.0	1792
Int1_Pc_Pattern	ABPHML010000169.1	97.830	1014	22	0	1	1014	17310	16297	0.0	1792
Int1_Pc_Pattern	ABPHML010000063.1	97.830	1014	22	0	1	1014	5586	6599	0.0	1792
Int1_Pc_Pattern	DARBSR010000090.1	97.830	1014	22	0	1	1014	1534	521	0.0	1792
Int1_Pc_Pattern	DARBSR010000058.1	97.830	1014	22	0	1	1014	1197	2210	0.0	1792
Int1_Pc_Pattern	DARBSO010000104.1	97.830	1014	22	0	1	1014	1534	521	0.0	1792
Int1_Pc_Pattern	DARBSO010000065.1	97.830	1014	22	0	1	1014	1197	2210	0.0	1792
Int1_Pc_Pattern	JAWLOB010000050.1	97.830	1014	22	0	1	1014	140	1153	0.0	1792
Int1_Pc_Pattern	DAQLMS010000153.1	97.830	1014	22	0	1	1014	2194	1181	0.0	1792
Int1_Pc_Pattern	DAQLMS010000096.1	97.830	1014	22	0	1	1014	5222	6235	0.0	1792
Int1_Pc_Pattern	DAQLAG010000111.1	97.830	1014	22	0	1	1014	2194	1181	0.0	1792
Int1_Pc_Pattern	DAQLAG010000063.1	97.830	1014	22	0	1	1014	5362	6375	0.0	1792
Int1_Pc_Pattern	DAQKXZ010000026.1	97.830	1014	22	0	1	1014	2194	1181	0.0	1792
Int1_Pc_Pattern	DAQKXZ010000012.1	97.830	1014	22	0	1	1014	19451	20464	0.0	1792
Int1_Pc_Pattern	ABOCXO030000046.1	97.830	1014	22	0	1	1014	2646	1633	0.0	1792
Int1_Pc_Pattern	JAWIQX010000051.1	97.830	1014	22	0	1	1014	1419	406	0.0	1792
Int1_Pc_Pattern	DAPOZG010000169.1	97.830	1014	22	0	1	1014	1703	690	0.0	1792
Int1_Pc_Pattern	DAPOZG010000088.1	97.830	1014	22	0	1	1014	1691	2704	0.0	1792
Int1_Pc_Pattern	DAPOZC010000113.1	97.830	1014	22	0	1	1014	2797	1784	0.0	1792
Int1_Pc_Pattern	DAPOZC010000046.1	97.830	1014	22	0	1	1014	9913	10926	0.0	1792
Int1_Pc_Pattern	DAPOWL010000304.1	97.830	1014	22	0	1	1014	25546	24533	0.0	1792
Int1_Pc_Pattern	DAPOWL010000008.1	97.830	1014	22	0	1	1014	70352	71365	0.0	1792
Int1_Pc_Pattern	DAPOVY010000233.1	97.830	1014	22	0	1	1014	1498	485	0.0	1792
Int1_Pc_Pattern	DAPOVY010000114.1	97.830	1014	22	0	1	1014	2406	1393	0.0	1792
Int1_Pc_Pattern	DAPJVN010000169.1	97.830	1014	22	0	1	1014	2566	1553	0.0	1792
Int1_Pc_Pattern	DAPJVN010000059.1	97.830	1014	22	0	1	1014	9913	10926	0.0	1792
Int1_Pc_Pattern	DAPJVL010000177.1	97.830	1014	22	0	1	1014	2797	1784	0.0	1792
Int1_Pc_Pattern	DAPJVL010000073.1	97.830	1014	22	0	1	1014	7548	8561	0.0	1792
Int1_Pc_Pattern	DAPJLN010000198.1	97.830	1014	22	0	1	1014	1498	485	0.0	1792
Int1_Pc_Pattern	DAPJLN010000084.1	97.830	1014	22	0	1	1014	2424	1411	0.0	1792
Int1_Pc_Pattern	DAOZVH010000131.1	97.830	1014	22	0	1	1014	4886	3873	0.0	1792
Int1_Pc_Pattern	DAOZVH010000069.1	97.830	1014	22	0	1	1014	6259	7272	0.0	1792
Int1_Pc_Pattern	DAOZAX010000139.1	97.830	1014	22	0	1	1014	1662	649	0.0	1792
Int1_Pc_Pattern	DAOZAX010000047.1	97.830	1014	22	0	1	1014	9914	10927	0.0	1792
Int1_Pc_Pattern	DAOYQS010000166.1	97.830	1014	22	0	1	1014	16216	15203	0.0	1792
Int1_Pc_Pattern	DAOYQS010000051.1	97.830	1014	22	0	1	1014	15431	16444	0.0	1792
Int1_Pc_Pattern	DAOXCT010000049.1	97.830	1014	22	0	1	1014	112	1125	0.0	1792
Int1_Pc_Pattern	DAOWRH010000078.1	97.830	1014	22	0	1	1014	5094	6107	0.0	1792
Int1_Pc_Pattern	JAUPXB010000003.1	97.830	1014	22	0	1	1014	52778	51765	0.0	1792
Int1_Pc_Pattern	JAUPXB010000003.1	97.830	1014	22	0	1	1014	77857	78870	0.0	1792
Int1_Pc_Pattern	CP129515.1	97.830	1014	22	0	1	1014	32756	31743	0.0	1792
Int1_Pc_Pattern	JAUCIN010000592.1	97.830	1014	22	0	1	1014	117	1130	0.0	1792
Int1_Pc_Pattern	JASUVN010000006.1	97.830	1014	22	0	1	1014	11629	12642	0.0	1792
Int1_Pc_Pattern	JASUVN010000005.1	97.830	1014	22	0	1	1014	9043	8030	0.0	1792
Int1_Pc_Pattern	JASUVN010000004.1	97.830	1014	22	0	1	1014	25040	24027	0.0	1792
Int1_Pc_Pattern	JASUVN010000004.1	97.830	1014	22	0	1	1014	41721	42734	0.0	1792
Int1_Pc_Pattern	JASUVN010000004.1	100.000	117	0	0	898	1014	76471	76587	1.62e-52	217
Int1_Pc_Pattern	JARTRN020000003.1	97.830	1014	22	0	1	1014	54585	55598	0.0	1792
Int1_Pc_Pattern	JARTPV020000003.1	97.830	1014	22	0	1	1014	115759	114746	0.0	1792
Int1_Pc_Pattern	JARTPV020000002.1	97.830	1014	22	0	1	1014	232123	231110	0.0	1792
Int1_Pc_Pattern	DAOKPI010000101.1	97.830	1014	22	0	1	1014	5308	6321	0.0	1792
Int1_Pc_Pattern	DAOHXL010000149.1	97.830	1014	22	0	1	1014	5222	4209	0.0	1792
Int1_Pc_Pattern	DAOHXL010000036.1	97.830	1014	22	0	1	1014	22798	23811	0.0	1792
Int1_Pc_Pattern	DAOHWR010000151.1	97.830	1014	22	0	1	1014	1263	250	0.0	1792
Int1_Pc_Pattern	DAOHWR010000067.1	97.830	1014	22	0	1	1014	13257	14270	0.0	1792
Int1_Pc_Pattern	DAOHWN010000167.1	97.830	1014	22	0	1	1014	1263	250	0.0	1792
Int1_Pc_Pattern	DAOHWN010000072.1	97.830	1014	22	0	1	1014	6897	7910	0.0	1792
Int1_Pc_Pattern	CP117725.1	97.830	1014	22	0	1	1014	12442	11429	0.0	1792
Int1_Pc_Pattern	DALQOD010000220.1	97.830	1014	22	0	1	1014	1178	165	0.0	1792
Int1_Pc_Pattern	DALQOD010000108.1	97.830	1014	22	0	1	1014	6030	7043	0.0	1792
Int1_Pc_Pattern	DALQMI010000104.1	97.830	1014	22	0	1	1014	2725	1712	0.0	1792
Int1_Pc_Pattern	DALQMI010000056.1	97.830	1014	22	0	1	1014	4832	5845	0.0	1792
Int1_Pc_Pattern	DALQLR010000044.1	97.830	1014	22	0	1	1014	2847	3860	0.0	1792
Int1_Pc_Pattern	DALQKU010000108.1	97.830	1014	22	0	1	1014	1535	522	0.0	1792
Int1_Pc_Pattern	DALQKU010000071.1	97.830	1014	22	0	1	1014	6030	7043	0.0	1792
Int1_Pc_Pattern	DALQKN010000106.1	97.830	1014	22	0	1	1014	664	1677	0.0	1792
Int1_Pc_Pattern	DALQKJ010000157.1	97.830	1014	22	0	1	1014	2463	1450	0.0	1792
Int1_Pc_Pattern	DALQKJ010000067.1	97.830	1014	22	0	1	1014	15561	16574	0.0	1792
Int1_Pc_Pattern	ABJJRH040000059.1	97.830	1014	22	0	1	1014	1253	240	0.0	1792
Int1_Pc_Pattern	ABJJRH040000029.1	97.830	1014	22	0	1	1014	2723	1710	0.0	1792
Int1_Pc_Pattern	JAMFWT010000051.1	97.830	1014	22	0	1	1014	10568	11581	0.0	1792
Int1_Pc_Pattern	JAMFVX010000049.1	97.830	1014	22	0	1	1014	4912	3899	0.0	1792
Int1_Pc_Pattern	JAMFVV010000053.1	97.830	1014	22	0	1	1014	10568	11581	0.0	1792
Int1_Pc_Pattern	DAJRXE010000112.1	97.830	1014	22	0	1	1014	4385	3372	0.0	1792
Int1_Pc_Pattern	DAJRXE010000056.1	97.830	1014	22	0	1	1014	7338	8351	0.0	1792
Int1_Pc_Pattern	JAOOWT010000072.1	97.830	1014	22	0	1	1014	116	1129	0.0	1792
Int1_Pc_Pattern	CP103752.1	97.830	1014	22	0	1	1014	33325	32312	0.0	1792
Int1_Pc_Pattern	CP103752.1	97.830	1014	22	0	1	1014	178109	177096	0.0	1792
Int1_Pc_Pattern	CP103752.1	93.956	364	22	0	1	364	30388	30751	2.31e-165	592
Int1_Pc_Pattern	JANFVO010000002.1	97.830	1014	22	0	1	1014	97649	98662	0.0	1792
Int1_Pc_Pattern	JANFVL010000025.1	97.830	1014	22	0	1	1014	141	1154	0.0	1792
Int1_Pc_Pattern	CP071789.1	97.830	1014	22	0	1	1014	52137	53150	0.0	1792
Int1_Pc_Pattern	CP071791.1	97.830	1014	22	0	1	1014	96326	97339	0.0	1792
Int1_Pc_Pattern	CP071791.1	97.830	1014	22	0	1	1014	135186	134173	0.0	1792
Int1_Pc_Pattern	CP071792.1	97.830	1014	22	0	1	1014	1522163	1523176	0.0	1792
Int1_Pc_Pattern	CP092635.1	97.830	1014	22	0	1	1014	73153	74166	0.0	1792
Int1_Pc_Pattern	JAMGPF010000098.1	97.830	1014	22	0	1	1014	1217	204	0.0	1792
Int1_Pc_Pattern	DAHJSH010000173.1	97.830	1014	22	0	1	1014	3411	4424	0.0	1792
Int1_Pc_Pattern	JAMHKO010000003.1	97.830	1014	22	0	1	1014	128604	127591	0.0	1792
Int1_Pc_Pattern	JAMHKO010000003.1	97.830	1014	22	0	1	1014	278722	277709	0.0	1792
Int1_Pc_Pattern	JAKMLP010000074.1	97.830	1014	22	0	1	1014	1216	203	0.0	1792
Int1_Pc_Pattern	JAKMOG010000013.1	97.830	1014	22	0	1	1014	1957	944	0.0	1792
Int1_Pc_Pattern	JALLCT010000122.1	97.830	1014	22	0	1	1014	141	1154	0.0	1792
Int1_Pc_Pattern	DAGZNC010000165.1	97.830	1014	22	0	1	1014	1255	242	0.0	1792
Int1_Pc_Pattern	DAGZNC010000050.1	97.830	1014	22	0	1	1014	5325	4312	0.0	1792
Int1_Pc_Pattern	CP083831.1	97.830	1014	22	0	1	1014	102104	101091	0.0	1792
Int1_Pc_Pattern	CP083831.1	97.436	1014	23	2	1	1014	175259	174249	0.0	1766
Int1_Pc_Pattern	CP083831.1	97.243	798	22	0	1	798	230722	229925	0.0	1393
Int1_Pc_Pattern	JALJVD010000080.1	97.830	1014	22	0	1	1014	810	1823	0.0	1792
Int1_Pc_Pattern	DAGWKI010000088.1	97.830	1014	22	0	1	1014	1662	649	0.0	1792
Int1_Pc_Pattern	DAGWKI010000041.1	97.830	1014	22	0	1	1014	9914	10927	0.0	1792
Int1_Pc_Pattern	CP093156.1	97.830	1014	22	0	1	1014	4615	3602	0.0	1792
Int1_Pc_Pattern	JAKWIV010000154.1	97.830	1014	22	0	1	1014	1021	8	0.0	1792
Int1_Pc_Pattern	JAKWIP010000113.1	97.830	1014	22	0	1	1014	140	1153	0.0	1792
Int1_Pc_Pattern	JAKWIG010000098.1	97.830	1014	22	0	1	1014	140	1153	0.0	1792
Int1_Pc_Pattern	JAKWHX010000154.1	97.830	1014	22	0	1	1014	1216	203	0.0	1792
Int1_Pc_Pattern	DAFNLN010000081.1	97.830	1014	22	0	1	1014	1195	182	0.0	1792
Int1_Pc_Pattern	DAFNHJ010000153.1	97.830	1014	22	0	1	1014	1534	521	0.0	1792
Int1_Pc_Pattern	DAFNHJ010000081.1	97.830	1014	22	0	1	1014	6030	7043	0.0	1792
Int1_Pc_Pattern	CP053570.1	97.830	1014	22	0	1	1014	28146	29159	0.0	1792
Int1_Pc_Pattern	DAFLOL010000132.1	97.830	1014	22	0	1	1014	1535	522	0.0	1792
Int1_Pc_Pattern	DAFLOL010000076.1	97.830	1014	22	0	1	1014	6030	7043	0.0	1792
Int1_Pc_Pattern	DAFLOU010000125.1	97.830	1014	22	0	1	1014	119	1132	0.0	1792
Int1_Pc_Pattern	DAFKSK010000155.1	97.830	1014	22	0	1	1014	1534	521	0.0	1792
Int1_Pc_Pattern	DAFKSK010000099.1	97.830	1014	22	0	1	1014	6030	7043	0.0	1792
Int1_Pc_Pattern	JAJSYK010000042.1	97.830	1014	22	0	1	1014	141	1154	0.0	1792
Int1_Pc_Pattern	DAFBNX010000125.1	97.830	1014	22	0	1	1014	1406	393	0.0	1792
Int1_Pc_Pattern	DAFBNX010000076.1	97.830	1014	22	0	1	1014	1365	352	0.0	1792
Int1_Pc_Pattern	DAFBNT010000155.1	97.830	1014	22	0	1	1014	1662	649	0.0	1792
Int1_Pc_Pattern	DAFBNT010000047.1	97.830	1014	22	0	1	1014	9914	10927	0.0	1792
Int1_Pc_Pattern	JAJCVL010000019.1	97.830	1014	22	0	1	1014	43098	42085	0.0	1792
Int1_Pc_Pattern	CP083621.1	97.830	1014	22	0	1	1014	141842	142855	0.0	1792
Int1_Pc_Pattern	CP083621.1	97.830	1014	22	0	1	1014	178612	177599	0.0	1792
Int1_Pc_Pattern	AP024281.1	97.830	1014	22	0	1	1014	2705882	2706895	0.0	1792
Int1_Pc_Pattern	CP080108.1	97.830	1014	22	0	1	1014	97198	96185	0.0	1792
Int1_Pc_Pattern	CP077207.1	97.830	1014	22	0	1	1014	149595	150608	0.0	1792
Int1_Pc_Pattern	CP077207.1	97.830	1014	22	0	1	1014	186365	185352	0.0	1792
Int1_Pc_Pattern	JAFHGL010000334.1	97.830	1014	22	0	1	1014	1621	608	0.0	1792
Int1_Pc_Pattern	BNGK01000001.1	97.830	1014	22	0	1	1014	442725	441712	0.0	1792
Int1_Pc_Pattern	DACUGP010000151.1	97.830	1014	22	0	1	1014	2036	1023	0.0	1792
Int1_Pc_Pattern	DACUGP010000083.1	97.830	1014	22	0	1	1014	3731	4744	0.0	1792
Int1_Pc_Pattern	DACOKR010000058.1	97.830	1014	22	0	1	1014	2776	3789	0.0	1792
Int1_Pc_Pattern	DACOKF010000072.1	97.830	1014	22	0	1	1014	811	1824	0.0	1792
Int1_Pc_Pattern	BLWZ01000062.1	97.830	1014	22	0	1	1014	10039	11052	0.0	1792
Int1_Pc_Pattern	SWFZ01000084.1	97.830	1014	22	0	1	1014	1737	724	0.0	1792
Int1_Pc_Pattern	WNXG01000014.1	97.830	1014	22	0	1	1014	1217	204	0.0	1792
Int1_Pc_Pattern	BIGF01000055.1	97.830	1014	22	0	1	1014	9935	10948	0.0	1792
Int1_Pc_Pattern	AP019388.1	97.830	1014	22	0	1	1014	94337	95350	0.0	1792
Int1_Pc_Pattern	BIGE01000005.1	97.830	1014	22	0	1	1014	9791	8778	0.0	1792
Int1_Pc_Pattern	AP019387.1	97.830	1014	22	0	1	1014	182206	181193	0.0	1792
Int1_Pc_Pattern	BIGA01000045.1	97.830	1014	22	0	1	1014	9831	8818	0.0	1792
Int1_Pc_Pattern	AP019383.1	97.830	1014	22	0	1	1014	94337	95350	0.0	1792
Int1_Pc_Pattern	CP020091.1	97.830	1014	22	0	1	1014	74852	75865	0.0	1792
Int1_Pc_Pattern	NRIS01000057.1	97.830	1014	22	0	1	1014	5570	4557	0.0	1792
Int1_Pc_Pattern	LVTT01000053.1	97.830	1014	22	0	1	1014	1217	204	0.0	1792
Int1_Pc_Pattern	LEDN01000068.1	97.830	1014	22	0	1	1014	243289	244302	0.0	1792
Int1_Pc_Pattern	LEDT02000015.1	97.830	1014	22	0	1	1014	6041	7054	0.0	1792
Int1_Pc_Pattern	CP011589.1	97.830	1014	22	0	1	1014	4652	3639	0.0	1792
Int1_Pc_Pattern	JZKT01000073.1	97.830	1014	22	0	1	1014	4629	5642	0.0	1792
Int1_Pc_Pattern	JZXZ01000079.1	97.830	1014	22	0	1	1014	110	1123	0.0	1792
Int1_Pc_Pattern	JZZG01000044.1	97.830	1014	22	0	1	1014	3208	2195	0.0	1792
Int1_Pc_Pattern	NZ_NJYO01000077.1	97.830	1014	22	0	1	1014	3448	4461	0.0	1792
Int1_Pc_Pattern	NZ_NJTM01000047.1	97.830	1014	22	0	1	1014	23409	24422	0.0	1792
Int1_Pc_Pattern	NZ_NKEK01000111.1	97.830	1014	22	0	1	1014	1470	457	0.0	1792
Int1_Pc_Pattern	NZ_NKED01000118.1	97.830	1014	22	0	1	1014	1216	203	0.0	1792
Int1_Pc_Pattern	NZ_NKDO01000049.1	97.830	1014	22	0	1	1014	6976	5963	0.0	1792
Int1_Pc_Pattern	NZ_NXOG01000011.1	97.830	1014	22	0	1	1014	1392	379	0.0	1792
Int1_Pc_Pattern	NZ_NXIZ01000073.1	97.830	1014	22	0	1	1014	6876	5863	0.0	1792
Int1_Pc_Pattern	NZ_NXIR01000080.1	97.830	1014	22	0	1	1014	2264	1251	0.0	1792
Int1_Pc_Pattern	NZ_MJDJ01000037.1	97.830	1014	22	0	1	1014	9348	10361	0.0	1792
Int1_Pc_Pattern	NZ_CP023531.1	97.830	1014	22	0	1	1014	4404103	4403090	0.0	1792
Int1_Pc_Pattern	NZ_AP017618.1	97.830	1014	22	0	1	1014	17797	16784	0.0	1792
Int1_Pc_Pattern	NZ_AP017621.1	97.830	1014	22	0	1	1014	17797	16784	0.0	1792
Int1_Pc_Pattern	NZ_NTET01000100.1	97.830	1014	22	0	1	1014	6876	5863	0.0	1792
Int1_Pc_Pattern	NZ_NTEQ01000025.1	97.830	1014	22	0	1	1014	14150	13137	0.0	1792
Int1_Pc_Pattern	NZ_NTDP01000094.1	97.830	1014	22	0	1	1014	6953	5940	0.0	1792
Int1_Pc_Pattern	NZ_NTDW01000105.1	97.830	1014	22	0	1	1014	1781	768	0.0	1792
Int1_Pc_Pattern	NZ_NTDQ01000071.1	97.830	1014	22	0	1	1014	6953	5940	0.0	1792
Int1_Pc_Pattern	NZ_NVZZ01000017.1	97.830	1014	22	0	1	1014	52629	53642	0.0	1792
Int1_Pc_Pattern	NZ_NWAD01000036.1	97.830	1014	22	0	1	1014	10976	11989	0.0	1792
Int1_Pc_Pattern	NZ_NWAR01000076.1	97.830	1014	22	0	1	1014	5255	4242	0.0	1792
Int1_Pc_Pattern	NZ_NWAK01000039.1	97.830	1014	22	0	1	1014	22616	21603	0.0	1792
Int1_Pc_Pattern	NZ_CP023360.1	97.830	1014	22	0	1	1014	10931	9918	0.0	1792
Int1_Pc_Pattern	NZ_NJAF01000009.1	97.830	1014	22	0	1	1014	2159	1146	0.0	1792
Int1_Pc_Pattern	NZ_NIZX01000008.1	97.830	1014	22	0	1	1014	2323	1310	0.0	1792
Int1_Pc_Pattern	NZ_MVPO01000086.1	97.830	1014	22	0	1	1014	1708	2721	0.0	1792
Int1_Pc_Pattern	NZ_MVPM01000152.1	97.830	1014	22	0	1	1014	1860	847	0.0	1792
Int1_Pc_Pattern	NZ_MVOX01000078.1	97.830	1014	22	0	1	1014	1422	409	0.0	1792
Int1_Pc_Pattern	NZ_NIFW01000002.1	97.830	1014	22	0	1	1014	4733897	4732884	0.0	1792
Int1_Pc_Pattern	NZ_NIFW01000002.1	97.830	1014	22	0	1	1014	4759234	4760247	0.0	1792
Int1_Pc_Pattern	NZ_NPHP01000136.1	97.830	1014	22	0	1	1014	115	1128	0.0	1792
Int1_Pc_Pattern	NZ_NPHQ01000060.1	97.830	1014	22	0	1	1014	9349	10362	0.0	1792
Int1_Pc_Pattern	NZ_NKYO01000019.1	97.830	1014	22	0	1	1014	48278	47265	0.0	1792
Int1_Pc_Pattern	NZ_CM008265.1	97.830	1014	22	0	1	1014	89031	88018	0.0	1792
Int1_Pc_Pattern	NZ_CM008265.1	100.000	68	0	0	1	68	102842	102909	2.82e-25	126
Int1_Pc_Pattern	NZ_CM008264.1	97.830	1014	22	0	1	1014	111353	112366	0.0	1792
Int1_Pc_Pattern	NZ_CM008165.1	97.830	1014	22	0	1	1014	71867	70854	0.0	1792
Int1_Pc_Pattern	NZ_CM008165.1	91.538	260	22	0	1	260	82163	82422	1.50e-107	399
Int1_Pc_Pattern	NZ_NQBW02000007.1	97.830	1014	22	0	1	1014	14271	15284	0.0	1792
Int1_Pc_Pattern	NZ_NQBX02000005.1	97.830	1014	22	0	1	1014	66153	65140	0.0	1792
Int1_Pc_Pattern	NZ_NQBA01000023.1	97.830	1014	22	0	1	1014	2045	1032	0.0	1792
Int1_Pc_Pattern	NZ_NQAH02000008.1	97.830	1014	22	0	1	1014	7401	8414	0.0	1792
Int1_Pc_Pattern	NZ_NQAI02000021.1	97.830	1014	22	0	1	1014	759	1772	0.0	1792
Int1_Pc_Pattern	NZ_NQAI02000010.1	97.830	1014	22	0	1	1014	3944	4957	0.0	1792
Int1_Pc_Pattern	NZ_NIHF01000090.1	97.830	1014	22	0	1	1014	3634	4647	0.0	1792
Int1_Pc_Pattern	NZ_NIUH01000094.1	97.830	1014	22	0	1	1014	9299	10312	0.0	1792
Int1_Pc_Pattern	NZ_NIUI01000073.1	97.830	1014	22	0	1	1014	9299	10312	0.0	1792
Int1_Pc_Pattern	NZ_NLTV01000114.1	97.830	1014	22	0	1	1014	1216	203	0.0	1792
Int1_Pc_Pattern	NZ_NLTW01000106.1	97.830	1014	22	0	1	1014	1216	203	0.0	1792
Int1_Pc_Pattern	NZ_NLQX01000046.1	97.830	1014	22	0	1	1014	6826	5813	0.0	1792
Int1_Pc_Pattern	NZ_NLRN01000026.1	97.830	1014	22	0	1	1014	15724	16737	0.0	1792
Int1_Pc_Pattern	NZ_NLQR01000060.1	97.830	1014	22	0	1	1014	12764	13777	0.0	1792
Int1_Pc_Pattern	NZ_NLQP01000095.1	97.830	1014	22	0	1	1014	3886	4899	0.0	1792
Int1_Pc_Pattern	NZ_NLRP01000016.1	97.830	1014	22	0	1	1014	99372	100385	0.0	1792
Int1_Pc_Pattern	NZ_NLQZ01000048.1	97.830	1014	22	0	1	1014	6826	5813	0.0	1792
Int1_Pc_Pattern	NZ_NLPB01000053.1	97.830	1014	22	0	1	1014	10200	11213	0.0	1792
Int1_Pc_Pattern	NZ_NLNM01000054.1	97.830	1014	22	0	1	1014	13692	14705	0.0	1792
Int1_Pc_Pattern	NZ_NLNQ01000091.1	97.830	1014	22	0	1	1014	1568	2581	0.0	1792
Int1_Pc_Pattern	NZ_NLHW01000040.1	97.830	1014	22	0	1	1014	6876	5863	0.0	1792
Int1_Pc_Pattern	NZ_NLHV01000171.1	97.830	1014	22	0	1	1014	12922	13935	0.0	1792
Int1_Pc_Pattern	NZ_NLFV01000046.1	97.830	1014	22	0	1	1014	4887	3874	0.0	1792
Int1_Pc_Pattern	NZ_JSXN01000071.1	97.830	1014	22	0	1	1014	1941	928	0.0	1792
Int1_Pc_Pattern	NZ_JWHS01000271.1	97.830	1014	22	0	1	1014	1752	739	0.0	1792
Int1_Pc_Pattern	NZ_NIIQ01000063.1	97.830	1014	22	0	1	1014	2272	1259	0.0	1792
Int1_Pc_Pattern	NZ_NIIA01000061.1	97.830	1014	22	0	1	1014	4351	5364	0.0	1792
Int1_Pc_Pattern	NZ_MKII01000040.1	97.830	1014	22	0	1	1014	1537	524	0.0	1792
Int1_Pc_Pattern	NZ_MKFO01000080.1	97.830	1014	22	0	1	1014	1773	2786	0.0	1792
Int1_Pc_Pattern	NZ_CP022166.1	97.830	1014	22	0	1	1014	14900	15913	0.0	1792
Int1_Pc_Pattern	NZ_CP022165.1	97.830	1014	22	0	1	1014	127076	126063	0.0	1792
Int1_Pc_Pattern	NZ_NHTF01000029.1	97.830	1014	22	0	1	1014	14051	15064	0.0	1792
Int1_Pc_Pattern	NZ_BDPV01000037.1	97.830	1014	22	0	1	1014	6875	5862	0.0	1792
Int1_Pc_Pattern	NZ_NBMR01000054.1	97.830	1014	22	0	1	1014	141	1154	0.0	1792
Int1_Pc_Pattern	NZ_CP021880.1	97.830	1014	22	0	1	1014	128132	127119	0.0	1792
Int1_Pc_Pattern	NZ_CP021846.1	97.830	1014	22	0	1	1014	22256	23269	0.0	1792
Int1_Pc_Pattern	NZ_CP021845.1	97.830	1014	22	0	1	1014	82040	81027	0.0	1792
Int1_Pc_Pattern	NZ_CP021844.1	97.830	1014	22	0	1	1014	3988321	3987308	0.0	1792
Int1_Pc_Pattern	NZ_NHQI01000010.1	97.830	1014	22	0	1	1014	9840	10853	0.0	1792
Int1_Pc_Pattern	NZ_NHQA01000029.1	97.830	1014	22	0	1	1014	6876	5863	0.0	1792
Int1_Pc_Pattern	NZ_NHQE01000074.1	97.830	1014	22	0	1	1014	3128	2115	0.0	1792
Int1_Pc_Pattern	NZ_NHQB01000047.1	97.830	1014	22	0	1	1014	1244	231	0.0	1792
Int1_Pc_Pattern	NZ_NHPS01000010.1	97.830	1014	22	0	1	1014	9840	10853	0.0	1792
Int1_Pc_Pattern	NZ_NHPV01000020.1	97.830	1014	22	0	1	1014	5178	6191	0.0	1792
Int1_Pc_Pattern	NZ_NHPT01000023.1	97.830	1014	22	0	1	1014	64279	63266	0.0	1792
Int1_Pc_Pattern	NZ_CP021734.1	97.830	1014	22	0	1	1014	67677	68690	0.0	1792
Int1_Pc_Pattern	NZ_LYCA01000433.1	97.830	1014	22	0	1	1014	3071	4084	0.0	1792
Int1_Pc_Pattern	NZ_LYCB01000274.1	97.830	1014	22	0	1	1014	1274	261	0.0	1792
Int1_Pc_Pattern	NZ_NDBU01000093.1	97.830	1014	22	0	1	1014	6641	7654	0.0	1792
Int1_Pc_Pattern	NZ_CP021536.1	97.830	1014	22	0	1	1014	20734	19721	0.0	1792
Int1_Pc_Pattern	NZ_CP021535.1	97.830	1014	22	0	1	1014	4717893	4716880	0.0	1792
Int1_Pc_Pattern	NZ_CP032888.1	97.830	1014	22	0	1	1014	18469	17456	0.0	1792
Int1_Pc_Pattern	NZ_CP028587.1	97.830	1014	22	0	1	1014	50238	51251	0.0	1792
Int1_Pc_Pattern	NZ_NEDM01000109.1	97.830	1014	22	0	1	1014	1650	637	0.0	1792
Int1_Pc_Pattern	NZ_MUKK01000048.1	97.830	1014	22	0	1	1014	11276	10263	0.0	1792
Int1_Pc_Pattern	NZ_MUJE01000022.1	97.830	1014	22	0	1	1014	9491	10504	0.0	1792
Int1_Pc_Pattern	NZ_MUJD01000048.1	97.830	1014	22	0	1	1014	9349	10362	0.0	1792
Int1_Pc_Pattern	NZ_MSQZ01000055.1	97.830	1014	22	0	1	1014	5394	4381	0.0	1792
Int1_Pc_Pattern	NZ_CP021206.1	97.830	1014	22	0	1	1014	20010	21023	0.0	1792
Int1_Pc_Pattern	NZ_NBVY01000061.1	97.830	1014	22	0	1	1014	5364	4351	0.0	1792
Int1_Pc_Pattern	NZ_NBVT01000064.1	97.830	1014	22	0	1	1014	13511	14524	0.0	1792
Int1_Pc_Pattern	NZ_NBCL02000057.1	97.830	1014	22	0	1	1014	1363	350	0.0	1792
Int1_Pc_Pattern	NZ_NENF01000052.1	97.830	1014	22	0	1	1014	2123	3136	0.0	1792
Int1_Pc_Pattern	NZ_NEMS01000022.1	97.830	1014	22	0	1	1014	64688	63675	0.0	1792
Int1_Pc_Pattern	NZ_NEOB01000024.1	97.830	1014	22	0	1	1014	2350	3363	0.0	1792
Int1_Pc_Pattern	NZ_CP020934.1	97.830	1014	22	0	1	1014	44966	43953	0.0	1792
Int1_Pc_Pattern	NZ_NEFP01000129.1	97.830	1014	22	0	1	1014	1607	594	0.0	1792
Int1_Pc_Pattern	NZ_NAFY01000106.1	97.830	1014	22	0	1	1014	3985	2972	0.0	1792
Int1_Pc_Pattern	NZ_NAFX01000138.1	97.830	1014	22	0	1	1014	6667	5654	0.0	1792
Int1_Pc_Pattern	NZ_NAFV01000118.1	97.830	1014	22	0	1	1014	3647	2634	0.0	1792
Int1_Pc_Pattern	NZ_NAFU01000099.1	97.830	1014	22	0	1	1014	3985	2972	0.0	1792
Int1_Pc_Pattern	NZ_NAFT01000293.1	97.830	1014	22	0	1	1014	3985	2972	0.0	1792
Int1_Pc_Pattern	NZ_NAFQ01000094.1	97.830	1014	22	0	1	1014	3985	2972	0.0	1792
Int1_Pc_Pattern	NZ_NAGC01000101.1	97.830	1014	22	0	1	1014	3985	2972	0.0	1792
Int1_Pc_Pattern	NZ_JZXK01000067.1	97.830	1014	22	0	1	1014	10286	9273	0.0	1792
Int1_Pc_Pattern	NZ_JZXE01000046.1	97.830	1014	22	0	1	1014	7733	6720	0.0	1792
Int1_Pc_Pattern	NZ_JZXH01000078.1	97.830	1014	22	0	1	1014	6623	5610	0.0	1792
Int1_Pc_Pattern	NZ_CP020049.1	97.830	1014	22	0	1	1014	75155	76168	0.0	1792
Int1_Pc_Pattern	NZ_CP020048.1	97.830	1014	22	0	1	1014	1869953	1868940	0.0	1792
Int1_Pc_Pattern	NZ_MDSF01000019.1	97.830	1014	22	0	1	1014	7000	5987	0.0	1792
Int1_Pc_Pattern	NZ_MDFV01000017.1	97.830	1014	22	0	1	1014	5679	4666	0.0	1792
Int1_Pc_Pattern	NZ_MDFS01000027.1	97.830	1014	22	0	1	1014	9828	8815	0.0	1792
Int1_Pc_Pattern	NZ_MWIS02000084.1	97.830	1014	22	0	1	1014	1481	468	0.0	1792
Int1_Pc_Pattern	NZ_MVMY01000057.1	97.830	1014	22	0	1	1014	9282	10295	0.0	1792
Int1_Pc_Pattern	NZ_MVMT01000018.1	97.830	1014	22	0	1	1014	93813	92800	0.0	1792
Int1_Pc_Pattern	NZ_CP019017.1	97.830	1014	22	0	1	1014	58633	59646	0.0	1792
Int1_Pc_Pattern	NZ_CP019026.1	97.830	1014	22	0	1	1014	13165	14178	0.0	1792
Int1_Pc_Pattern	NZ_CP019014.1	97.830	1014	22	0	1	1014	43096	44109	0.0	1792
Int1_Pc_Pattern	NZ_CP018994.1	97.830	1014	22	0	1	1014	11674	10661	0.0	1792
Int1_Pc_Pattern	NZ_CP018990.1	97.830	1014	22	0	1	1014	130355	131368	0.0	1792
Int1_Pc_Pattern	NZ_CP018977.1	97.830	1014	22	0	1	1014	52076	53089	0.0	1792
Int1_Pc_Pattern	NZ_CP018964.1	97.830	1014	22	0	1	1014	50740	51753	0.0	1792
Int1_Pc_Pattern	NZ_CP018956.1	97.830	1014	22	0	1	1014	175115	174102	0.0	1792
Int1_Pc_Pattern	NZ_CP018954.1	97.830	1014	22	0	1	1014	84755	85768	0.0	1792
Int1_Pc_Pattern	NZ_CP018945.1	97.830	1014	22	0	1	1014	4325	5338	0.0	1792
Int1_Pc_Pattern	NZ_MOZW01000039.1	97.830	1014	22	0	1	1014	1765	2778	0.0	1792
Int1_Pc_Pattern	NZ_MOZM01000098.1	97.830	1014	22	0	1	1014	1212	2225	0.0	1792
Int1_Pc_Pattern	NZ_MOYZ01000133.1	97.830	1014	22	0	1	1014	1372	359	0.0	1792
Int1_Pc_Pattern	NZ_MOYW01000124.1	97.830	1014	22	0	1	1014	1274	261	0.0	1792
Int1_Pc_Pattern	NZ_MOYV01000024.1	97.830	1014	22	0	1	1014	49251	48238	0.0	1792
Int1_Pc_Pattern	NZ_MPAD01000063.1	97.830	1014	22	0	1	1014	3326	4339	0.0	1792
Int1_Pc_Pattern	NZ_MOZZ01000024.1	97.830	1014	22	0	1	1014	35079	34066	0.0	1792
Int1_Pc_Pattern	NZ_MUAE01000142.1	97.830	1014	22	0	1	1014	9552	10565	0.0	1792
Int1_Pc_Pattern	NZ_CP019356.1	97.830	1014	22	0	1	1014	186220	187233	0.0	1792
Int1_Pc_Pattern	NZ_CP019356.1	97.830	1014	22	0	1	1014	240854	239841	0.0	1792
Int1_Pc_Pattern	NZ_CP019359.1	97.830	1014	22	0	1	1014	945585	944572	0.0	1792
Int1_Pc_Pattern	NZ_MKGW01000122.1	97.830	1014	22	0	1	1014	5447	6460	0.0	1792
Int1_Pc_Pattern	NZ_LRLB01000150.1	97.830	1014	22	0	1	1014	2641	1628	0.0	1792
Int1_Pc_Pattern	NZ_LRLF01000064.1	97.830	1014	22	0	1	1014	2780	3793	0.0	1792
Int1_Pc_Pattern	NZ_LRKO01000182.1	97.830	1014	22	0	1	1014	32890	31877	0.0	1792
Int1_Pc_Pattern	NZ_LRKI01000128.1	97.830	1014	22	0	1	1014	1318	2331	0.0	1792
Int1_Pc_Pattern	NZ_LGMU01000044.1	97.830	1014	22	0	1	1014	30410	29397	0.0	1792
Int1_Pc_Pattern	NZ_LGNF01000048.1	97.830	1014	22	0	1	1014	2737	3750	0.0	1792
Int1_Pc_Pattern	NZ_LGML01000196.1	97.830	1014	22	0	1	1014	7233	6220	0.0	1792
Int1_Pc_Pattern	NZ_LRLW01000046.1	97.830	1014	22	0	1	1014	2724	1711	0.0	1792
Int1_Pc_Pattern	NZ_LRKV01000141.1	97.830	1014	22	0	1	1014	26946	25933	0.0	1792
Int1_Pc_Pattern	NZ_LSGE01000146.1	97.830	1014	22	0	1	1014	47448	48461	0.0	1792
Int1_Pc_Pattern	NZ_CP010232.1	97.830	1014	22	0	1	1014	7988	6975	0.0	1792
Int1_Pc_Pattern	NZ_CP010146.1	97.830	1014	22	0	1	1014	110915	109902	0.0	1792
Int1_Pc_Pattern	NZ_CP010141.1	97.830	1014	22	0	1	1014	33713	32700	0.0	1792
Int1_Pc_Pattern	NZ_CP018207.1	97.830	1014	22	0	1	1014	33400	34413	0.0	1792
Int1_Pc_Pattern	NZ_MKIZ01000001.1	97.830	1014	22	0	1	1014	197064	196051	0.0	1792
Int1_Pc_Pattern	NZ_MPCO01000003.1	97.830	1014	22	0	1	1014	73598	72585	0.0	1792
Int1_Pc_Pattern	NZ_MPCO01000003.1	97.468	869	22	0	1	869	96290	97158	0.0	1524
Int1_Pc_Pattern	NZ_MPCO01000001.1	97.830	1014	22	0	1	1014	4857718	4858731	0.0	1792
Int1_Pc_Pattern	NZ_MPCP01000004.1	97.830	1014	22	0	1	1014	31803	32816	0.0	1792
Int1_Pc_Pattern	NZ_CP013483.1	97.830	1014	22	0	1	1014	3806327	3807340	0.0	1792
Int1_Pc_Pattern	NZ_MIXN01000072.1	97.830	1014	22	0	1	1014	747	1760	0.0	1792
Int1_Pc_Pattern	NZ_MIWT01000064.1	97.830	1014	22	0	1	1014	747	1760	0.0	1792
Int1_Pc_Pattern	NZ_MIVX01000023.1	97.830	1014	22	0	1	1014	13925	14938	0.0	1792
Int1_Pc_Pattern	NZ_LXEZ01000089.1	97.830	1014	22	0	1	1014	1216	203	0.0	1792
Int1_Pc_Pattern	NZ_MBSX01000059.1	97.830	1014	22	0	1	1014	1697	684	0.0	1792
Int1_Pc_Pattern	NZ_LXWO01000061.1	97.830	1014	22	0	1	1014	2313	3326	0.0	1792
Int1_Pc_Pattern	NZ_CP016546.1	97.830	1014	22	0	1	1014	4985829	4984816	0.0	1792
Int1_Pc_Pattern	NZ_LFHU01000036.1	97.830	1014	22	0	1	1014	997	2010	0.0	1792
Int1_Pc_Pattern	NZ_LWUK01000020.1	97.830	1014	22	0	1	1014	58590	57577	0.0	1792
Int1_Pc_Pattern	NZ_LSBW01000191.1	97.830	1014	22	0	1	1014	6559	5546	0.0	1792
Int1_Pc_Pattern	NZ_LSEV01000120.1	97.830	1014	22	0	1	1014	5061	6074	0.0	1792
Int1_Pc_Pattern	NZ_LSER01000096.1	97.830	1014	22	0	1	1014	9285	10298	0.0	1792
Int1_Pc_Pattern	NZ_LSET01000097.1	97.830	1014	22	0	1	1014	2903	3916	0.0	1792
Int1_Pc_Pattern	NZ_LAUC01000066.1	97.830	1014	22	0	1	1014	210363	211376	0.0	1792
Int1_Pc_Pattern	NZ_LCVI01000155.1	97.830	1014	22	0	1	1014	149008	150021	0.0	1792
Int1_Pc_Pattern	NZ_JYKB01000118.1	97.830	1014	22	0	1	1014	1407	394	0.0	1792
Int1_Pc_Pattern	NZ_JYPB01000113.1	97.830	1014	22	0	1	1014	1480	467	0.0	1792
Int1_Pc_Pattern	NZ_LVSY01000061.1	97.830	1014	22	0	1	1014	1937	924	0.0	1792
Int1_Pc_Pattern	NZ_LVSU01000150.1	97.830	1014	22	0	1	1014	1580	567	0.0	1792
Int1_Pc_Pattern	NZ_LVSN01000033.1	97.830	1014	22	0	1	1014	4765	5778	0.0	1792
Int1_Pc_Pattern	NZ_LVSD01000019.1	97.830	1014	22	0	1	1014	11433	10420	0.0	1792
Int1_Pc_Pattern	NZ_LVRN01000263.1	97.830	1014	22	0	1	1014	35079	34066	0.0	1792
Int1_Pc_Pattern	NZ_CP015078.1	97.830	1014	22	0	1	1014	61633	60620	0.0	1792
Int1_Pc_Pattern	NZ_CP015139.1	97.830	1014	22	0	1	1014	23869	24882	0.0	1792
Int1_Pc_Pattern	NZ_CP015139.1	97.830	1014	22	0	1	1014	173194	172181	0.0	1792
Int1_Pc_Pattern	NZ_LVQR01000046.1	97.830	1014	22	0	1	1014	715	1728	0.0	1792
Int1_Pc_Pattern	NZ_LVQG01000031.1	97.830	1014	22	0	1	1014	6566	5553	0.0	1792
Int1_Pc_Pattern	NZ_LVQD01000008.1	97.830	1014	22	0	1	1014	807	1820	0.0	1792
Int1_Pc_Pattern	NZ_LVOK01000022.1	97.830	1014	22	0	1	1014	1899	2912	0.0	1792
Int1_Pc_Pattern	NZ_LVNI01000045.1	97.830	1014	22	0	1	1014	9540	10553	0.0	1792
Int1_Pc_Pattern	NZ_LOCT01000044.1	97.830	1014	22	0	1	1014	28466	27453	0.0	1792
Int1_Pc_Pattern	NZ_LRXE01000134.1	97.830	1014	22	0	1	1014	1924	911	0.0	1792
Int1_Pc_Pattern	NZ_LRWZ01000122.1	97.830	1014	22	0	1	1014	9287	10300	0.0	1792
Int1_Pc_Pattern	NZ_LRWU01000122.1	97.830	1014	22	0	1	1014	9295	10308	0.0	1792
Int1_Pc_Pattern	NZ_LRWT01000094.1	97.830	1014	22	0	1	1014	9295	10308	0.0	1792
Int1_Pc_Pattern	NZ_LRWN01000138.1	97.830	1014	22	0	1	1014	1931	918	0.0	1792
Int1_Pc_Pattern	NZ_LRWD01000123.1	97.830	1014	22	0	1	1014	1479	466	0.0	1792
Int1_Pc_Pattern	NZ_LRWA01000147.1	97.830	1014	22	0	1	1014	1931	918	0.0	1792
Int1_Pc_Pattern	NZ_LRVO01000024.1	97.830	1014	22	0	1	1014	9285	10298	0.0	1792
Int1_Pc_Pattern	NZ_LRAO01000051.1	97.830	1014	22	0	1	1014	1190	177	0.0	1792
Int1_Pc_Pattern	NZ_LQTE01000055.1	97.830	1014	22	0	1	1014	2496	1483	0.0	1792
Int1_Pc_Pattern	NZ_LQSY01000044.1	97.830	1014	22	0	1	1014	215	1228	0.0	1792
Int1_Pc_Pattern	NZ_LQWC01000010.1	97.830	1014	22	0	1	1014	12087	11074	0.0	1792
Int1_Pc_Pattern	NZ_LQVM01000056.1	97.830	1014	22	0	1	1014	743	1756	0.0	1792
Int1_Pc_Pattern	NZ_LQVK01000070.1	97.830	1014	22	0	1	1014	5673	6686	0.0	1792
Int1_Pc_Pattern	NZ_LQVE01000073.1	97.830	1014	22	0	1	1014	6759	7772	0.0	1792
Int1_Pc_Pattern	NZ_LQVG02000003.1	97.830	1014	22	0	1	1014	132101	131088	0.0	1792
Int1_Pc_Pattern	NZ_LQVA01000087.1	97.830	1014	22	0	1	1014	6745	7758	0.0	1792
Int1_Pc_Pattern	NZ_LQTS01000050.1	97.830	1014	22	0	1	1014	6456	7469	0.0	1792
Int1_Pc_Pattern	NZ_LQTU01000029.1	97.830	1014	22	0	1	1014	9816	10829	0.0	1792
Int1_Pc_Pattern	NZ_LQUC01000027.1	97.830	1014	22	0	1	1014	1732	719	0.0	1792
Int1_Pc_Pattern	NZ_LQVH01000133.1	97.830	1014	22	0	1	1014	3618	4631	0.0	1792
Int1_Pc_Pattern	NZ_LQSZ01000107.1	97.830	1014	22	0	1	1014	1640	627	0.0	1792
Int1_Pc_Pattern	NZ_LQSX01000002.1	97.830	1014	22	0	1	1014	2045	1032	0.0	1792
Int1_Pc_Pattern	NZ_LQSF01000155.1	97.830	1014	22	0	1	1014	9463	10476	0.0	1792
Int1_Pc_Pattern	NZ_LQSA01000142.1	97.830	1014	22	0	1	1014	364	1377	0.0	1792
Int1_Pc_Pattern	NZ_LQSM01000048.1	97.830	1014	22	0	1	1014	21931	22944	0.0	1792
Int1_Pc_Pattern	NZ_LLYJ01000009.1	97.830	1014	22	0	1	1014	2481	1468	0.0	1792
Int1_Pc_Pattern	NZ_LLYF01000011.1	97.830	1014	22	0	1	1014	2481	1468	0.0	1792
Int1_Pc_Pattern	NZ_LLYI01000048.1	97.830	1014	22	0	1	1014	9529	10542	0.0	1792
Int1_Pc_Pattern	NZ_LNIK01000093.1	97.830	1014	22	0	1	1014	5055	4042	0.0	1792
Int1_Pc_Pattern	NZ_LNHQ01000117.1	97.830	1014	22	0	1	1014	53823	52810	0.0	1792
Int1_Pc_Pattern	NZ_LNHL01000121.1	97.830	1014	22	0	1	1014	1606	593	0.0	1792
Int1_Pc_Pattern	NZ_LKJU01000058.1	97.830	1014	22	0	1	1014	93268	92255	0.0	1792
Int1_Pc_Pattern	NZ_LKJT01000048.1	97.830	1014	22	0	1	1014	87248	86235	0.0	1792
Int1_Pc_Pattern	NZ_LIVF01000067.1	97.830	1014	22	0	1	1014	5664	4651	0.0	1792
Int1_Pc_Pattern	NZ_LIVB01000069.1	97.830	1014	22	0	1	1014	890	1903	0.0	1792
Int1_Pc_Pattern	NZ_LIUW01000017.1	97.830	1014	22	0	1	1014	84541	83528	0.0	1792
Int1_Pc_Pattern	NZ_CYBU01000056.1	97.830	1014	22	0	1	1014	9040	8027	0.0	1792
Int1_Pc_Pattern	NZ_CXZR01000061.1	97.830	1014	22	0	1	1014	5306	4293	0.0	1792
Int1_Pc_Pattern	NZ_CXZW01000050.1	97.830	1014	22	0	1	1014	2348	3361	0.0	1792
Int1_Pc_Pattern	NZ_CYCO01000050.1	97.830	1014	22	0	1	1014	2302	3315	0.0	1792
Int1_Pc_Pattern	NZ_CYCI01000091.1	97.830	1014	22	0	1	1014	10232	9219	0.0	1792
Int1_Pc_Pattern	NZ_CYBK01000057.1	97.830	1014	22	0	1	1014	822	1835	0.0	1792
Int1_Pc_Pattern	NZ_CYCA01000087.1	97.830	1014	22	0	1	1014	6875	5862	0.0	1792
Int1_Pc_Pattern	NZ_CYCR01000051.1	97.830	1014	22	0	1	1014	2055	3068	0.0	1792
Int1_Pc_Pattern	NZ_CXZC01000043.1	97.830	1014	22	0	1	1014	2370	3383	0.0	1792
Int1_Pc_Pattern	NZ_CYBN01000081.1	97.830	1014	22	0	1	1014	5314	4301	0.0	1792
Int1_Pc_Pattern	NZ_CYGA01000050.1	97.830	1014	22	0	1	1014	18093	17080	0.0	1792
Int1_Pc_Pattern	NZ_CYBQ01000080.1	97.830	1014	22	0	1	1014	2736	1723	0.0	1792
Int1_Pc_Pattern	NZ_CYDT01000076.1	97.830	1014	22	0	1	1014	2492	3505	0.0	1792
Int1_Pc_Pattern	NZ_CYAD01000098.1	97.830	1014	22	0	1	1014	1788	775	0.0	1792
Int1_Pc_Pattern	NZ_CYFN01000141.1	97.830	1014	22	0	1	1014	1057	2070	0.0	1792
Int1_Pc_Pattern	NZ_LJGH01000092.1	97.830	1014	22	0	1	1014	1468	455	0.0	1792
Int1_Pc_Pattern	NZ_LJGJ01000051.1	97.830	1014	22	0	1	1014	2529	3542	0.0	1792
Int1_Pc_Pattern	NZ_LJGD01000275.1	97.830	1014	22	0	1	1014	1402	389	0.0	1792
Int1_Pc_Pattern	NZ_LJGF01000075.1	97.830	1014	22	0	1	1014	1956	943	0.0	1792
Int1_Pc_Pattern	NZ_LJGB01000052.1	97.830	1014	22	0	1	1014	9363	10376	0.0	1792
Int1_Pc_Pattern	NZ_LJGC01000041.1	97.830	1014	22	0	1	1014	1946	933	0.0	1792
Int1_Pc_Pattern	NZ_CYAV01000065.1	97.830	1014	22	0	1	1014	17920	18933	0.0	1792
Int1_Pc_Pattern	NZ_CXYR01000049.1	97.830	1014	22	0	1	1014	17081	16068	0.0	1792
Int1_Pc_Pattern	NZ_CXYF01000031.1	97.830	1014	22	0	1	1014	7047	6034	0.0	1792
Int1_Pc_Pattern	NZ_CXXX01000075.1	97.830	1014	22	0	1	1014	81294	80281	0.0	1792
Int1_Pc_Pattern	NZ_JHTJ01000061.1	97.830	1014	22	0	1	1014	6952	5939	0.0	1792
Int1_Pc_Pattern	NZ_JHSK01000005.1	97.830	1014	22	0	1	1014	182890	181877	0.0	1792
Int1_Pc_Pattern	NZ_JHSJ01000158.1	97.830	1014	22	0	1	1014	324	1337	0.0	1792
Int1_Pc_Pattern	NZ_JHSG01000043.1	97.830	1014	22	0	1	1014	23866	24879	0.0	1792
Int1_Pc_Pattern	NZ_JHSF01000093.1	97.830	1014	22	0	1	1014	10209	9196	0.0	1792
Int1_Pc_Pattern	NZ_JHSE01000170.1	97.830	1014	22	0	1	1014	2062	3075	0.0	1792
Int1_Pc_Pattern	NZ_JHSB01000008.1	97.830	1014	22	0	1	1014	2781	3794	0.0	1792
Int1_Pc_Pattern	NZ_JHRZ01000065.1	97.830	1014	22	0	1	1014	1745	732	0.0	1792
Int1_Pc_Pattern	NZ_JHRV01000052.1	97.830	1014	22	0	1	1014	9924	8911	0.0	1792
Int1_Pc_Pattern	NZ_JHRH01000146.1	97.830	1014	22	0	1	1014	2404	1391	0.0	1792
Int1_Pc_Pattern	NZ_JHRE01000194.1	97.830	1014	22	0	1	1014	2405	1392	0.0	1792
Int1_Pc_Pattern	NZ_JHRB01000124.1	97.830	1014	22	0	1	1014	6329	5316	0.0	1792
Int1_Pc_Pattern	NZ_JHQY01000093.1	97.830	1014	22	0	1	1014	9869	8856	0.0	1792
Int1_Pc_Pattern	NZ_JHQW01000056.1	97.830	1014	22	0	1	1014	3003	4016	0.0	1792
Int1_Pc_Pattern	NZ_JHQV01000042.1	97.830	1014	22	0	1	1014	23368	22355	0.0	1792
Int1_Pc_Pattern	NZ_JUKZ01000298.1	97.830	1014	22	0	1	1014	9520	10533	0.0	1792
Int1_Pc_Pattern	NZ_JUVQ01000306.1	97.830	1014	22	0	1	1014	9271	10284	0.0	1792
Int1_Pc_Pattern	NZ_LBBC01000131.1	97.830	1014	22	0	1	1014	5310	6323	0.0	1792
Int1_Pc_Pattern	NZ_LBBE01000149.1	97.830	1014	22	0	1	1014	1751	738	0.0	1792
Int1_Pc_Pattern	NZ_LBBD01000167.1	97.830	1014	22	0	1	1014	1835	822	0.0	1792
Int1_Pc_Pattern	NZ_HF572917.1	97.830	1014	22	0	1	1014	4367149	4366136	0.0	1792
Int1_Pc_Pattern	NZ_JXVQ01000361.1	97.830	1014	22	0	1	1014	1216	203	0.0	1792
Int1_Pc_Pattern	NZ_JRLN01000047.1	97.830	1014	22	0	1	1014	5392	4379	0.0	1792
Int1_Pc_Pattern	NZ_LM995504.1	97.830	1014	22	0	1	1014	81962	80949	0.0	1792
Int1_Pc_Pattern	NZ_JRRG01000023.1	97.830	1014	22	0	1	1014	12257	11244	0.0	1792
Int1_Pc_Pattern	NZ_CP010315.1	97.830	1014	22	0	1	1014	1713130	1712117	0.0	1792
Int1_Pc_Pattern	NZ_JWZA01000072.1	97.830	1014	22	0	1	1014	7065	8078	0.0	1792
Int1_Pc_Pattern	NZ_JWZJ01000010.1	97.830	1014	22	0	1	1014	11723	12736	0.0	1792
Int1_Pc_Pattern	NZ_JWZI01000130.1	97.830	1014	22	0	1	1014	1216	203	0.0	1792
Int1_Pc_Pattern	NZ_JWZK01000060.1	97.830	1014	22	0	1	1014	3540	2527	0.0	1792
Int1_Pc_Pattern	NZ_JWKC01000202.1	97.830	1014	22	0	1	1014	1217	204	0.0	1792
Int1_Pc_Pattern	NZ_JUJZ01000157.1	97.830	1014	22	0	1	1014	139	1152	0.0	1792
Int1_Pc_Pattern	NZ_JUCU01000106.1	97.830	1014	22	0	1	1014	4867	3854	0.0	1792
Int1_Pc_Pattern	NZ_JUCO01000119.1	97.830	1014	22	0	1	1014	2168	3181	0.0	1792
Int1_Pc_Pattern	NZ_JUCW01000121.1	97.830	1014	22	0	1	1014	301	1314	0.0	1792
Int1_Pc_Pattern	NZ_JMJC01000011.1	97.830	1014	22	0	1	1014	146033	147046	0.0	1792
Int1_Pc_Pattern	NZ_JMJC01000011.1	96.917	746	23	0	1	746	9442	10187	0.0	1291
Int1_Pc_Pattern	NZ_JICD01000066.1	97.830	1014	22	0	1	1014	10108	9095	0.0	1792
Int1_Pc_Pattern	NZ_JICB01000088.1	97.830	1014	22	0	1	1014	5753	4740	0.0	1792
Int1_Pc_Pattern	NZ_JICF01000025.1	97.830	1014	22	0	1	1014	4712	5725	0.0	1792
Int1_Pc_Pattern	NZ_JAHZSZ010000002.1	97.830	1014	22	0	1	1014	18543	17530	0.0	1792
Int1_Pc_Pattern	NZ_CP085788.1	97.830	1014	22	0	1	1014	619410	618397	0.0	1792
Int1_Pc_Pattern	NZ_CP078099.1	97.830	1014	22	0	1	1014	3544276	3543263	0.0	1792
Int1_Pc_Pattern	NZ_JAFFOW010000009.1	97.830	1014	22	0	1	1014	38581	37568	0.0	1792
Int1_Pc_Pattern	NZ_JAFFOY010000047.1	97.830	1014	22	0	1	1014	1394	2407	0.0	1792
Int1_Pc_Pattern	NZ_JAFFOZ010000010.1	97.830	1014	22	0	1	1014	112578	113591	0.0	1792
Int1_Pc_Pattern	NZ_JAHKDY010000112.1	97.830	1014	22	0	1	1014	5695	6708	0.0	1792
Int1_Pc_Pattern	NZ_CP075321.1	97.830	1014	22	0	1	1014	2680814	2681827	0.0	1792
Int1_Pc_Pattern	NZ_CP075321.1	97.243	798	22	0	1	798	1436275	1435478	0.0	1393
Int1_Pc_Pattern	NZ_JAAGWV010000051.1	97.830	1014	22	0	1	1014	3910	2897	0.0	1792
Int1_Pc_Pattern	NZ_JAAGWW010000001.1	97.830	1014	22	0	1	1014	3913841	3914854	0.0	1792
Int1_Pc_Pattern	NZ_JAAGWT010000011.1	97.830	1014	22	0	1	1014	64852	63839	0.0	1792
Int1_Pc_Pattern	NZ_VCQS01000121.1	97.830	1014	22	0	1	1014	10172	11185	0.0	1792
Int1_Pc_Pattern	NZ_JAFKDK010000206.1	97.830	1014	22	0	1	1014	1046	2059	0.0	1792
Int1_Pc_Pattern	NZ_JAFKDN010000086.1	97.830	1014	22	0	1	1014	1028	2041	0.0	1792
Int1_Pc_Pattern	NZ_JAGFEO010000104.1	97.830	1014	22	0	1	1014	1004	2017	0.0	1792
Int1_Pc_Pattern	NZ_CP059354.1	97.830	1014	22	0	1	1014	2660850	2659837	0.0	1792
Int1_Pc_Pattern	NZ_CP059354.1	97.243	798	22	0	1	798	1362190	1361393	0.0	1393
Int1_Pc_Pattern	NZ_JAELUO010000010.1	97.830	1014	22	0	1	1014	69018	70031	0.0	1792
Int1_Pc_Pattern	NZ_PKOR01000062.1	97.830	1014	22	0	1	1014	3360	2347	0.0	1792
Int1_Pc_Pattern	NZ_PKOP01000065.1	97.830	1014	22	0	1	1014	3360	2347	0.0	1792
Int1_Pc_Pattern	NZ_PKOQ01000061.1	97.830	1014	22	0	1	1014	3360	2347	0.0	1792
Int1_Pc_Pattern	NZ_JADCPX010000050.1	97.830	1014	22	0	1	1014	3289	2276	0.0	1792
Int1_Pc_Pattern	NZ_JADCPW010000050.1	97.830	1014	22	0	1	1014	3289	2276	0.0	1792
Int1_Pc_Pattern	NZ_JADCPT010000050.1	97.830	1014	22	0	1	1014	3289	2276	0.0	1792
Int1_Pc_Pattern	NZ_JADASN010000094.1	97.830	1014	22	0	1	1014	161	1174	0.0	1792
Int1_Pc_Pattern	NZ_JADAVP010000088.1	97.830	1014	22	0	1	1014	1718	2731	0.0	1792
Int1_Pc_Pattern	NZ_CP061519.1	97.830	1014	22	0	1	1014	2805828	2806841	0.0	1792
Int1_Pc_Pattern	NZ_CP061519.1	97.243	798	22	0	1	798	2819082	2819879	0.0	1393
Int1_Pc_Pattern	NZ_CP061521.1	97.830	1014	22	0	1	1014	2708368	2707355	0.0	1792
Int1_Pc_Pattern	NZ_CP061521.1	97.243	798	22	0	1	798	2725737	2726534	0.0	1393
Int1_Pc_Pattern	NZ_CP061514.1	97.830	1014	22	0	1	1014	2753335	2754348	0.0	1792
Int1_Pc_Pattern	NZ_CP061514.1	97.243	798	22	0	1	798	2766589	2767386	0.0	1393
Int1_Pc_Pattern	NZ_JACSTE010000191.1	97.830	1014	22	0	1	1014	2818	1805	0.0	1792
Int1_Pc_Pattern	NZ_JACSTC010000097.1	97.830	1014	22	0	1	1014	11925	12938	0.0	1792
Int1_Pc_Pattern	NZ_JACSTC010000097.1	100.000	899	0	0	116	1014	6020	6918	0.0	1661
Int1_Pc_Pattern	NZ_JACSTA010000246.1	97.830	1014	22	0	1	1014	1818	805	0.0	1792
Int1_Pc_Pattern	NZ_JACSSX010000123.1	97.830	1014	22	0	1	1014	5030	6043	0.0	1792
Int1_Pc_Pattern	NZ_JACSSQ010000126.1	97.830	1014	22	0	1	1014	2361	1348	0.0	1792
Int1_Pc_Pattern	NZ_JACEIG010000002.1	97.830	1014	22	0	1	1014	54578	55591	0.0	1792
Int1_Pc_Pattern	NZ_JACEIG010000002.1	97.243	798	22	0	1	798	62252	63049	0.0	1393
Int1_Pc_Pattern	NZ_JABVBT010000075.1	97.830	1014	22	0	1	1014	2163	1150	0.0	1792
Int1_Pc_Pattern	NZ_JAAQOU010000056.1	97.830	1014	22	0	1	1014	3360	2347	0.0	1792
Int1_Pc_Pattern	NZ_JAAQOS010000049.1	97.830	1014	22	0	1	1014	3360	2347	0.0	1792
Int1_Pc_Pattern	NZ_JAAQOQ010000049.1	97.830	1014	22	0	1	1014	3260	4273	0.0	1792
Int1_Pc_Pattern	NZ_JAAORP010000065.1	97.830	1014	22	0	1	1014	5030	6043	0.0	1792
Int1_Pc_Pattern	NZ_JAAGTG010000046.1	97.830	1014	22	0	1	1014	3234	2221	0.0	1792
Int1_Pc_Pattern	NZ_WYAO01000040.1	97.830	1014	22	0	1	1014	118	1131	0.0	1792
Int1_Pc_Pattern	NZ_QHGO01000027.1	97.830	1014	22	0	1	1014	1729	2742	0.0	1792
Int1_Pc_Pattern	NZ_QHGG01000075.1	97.830	1014	22	0	1	1014	1576	563	0.0	1792
Int1_Pc_Pattern	NZ_CP042557.1	97.830	1014	22	0	1	1014	196731	197744	0.0	1792
Int1_Pc_Pattern	NZ_CP042557.1	97.243	798	22	0	1	798	204097	204894	0.0	1393
Int1_Pc_Pattern	NZ_VTBA01000070.1	97.830	1014	22	0	1	1014	1579	566	0.0	1792
Int1_Pc_Pattern	NZ_VHGZ01000069.1	97.830	1014	22	0	1	1014	2916	3929	0.0	1792
Int1_Pc_Pattern	NZ_VHHH01000081.1	97.830	1014	22	0	1	1014	13692	12679	0.0	1792
Int1_Pc_Pattern	NZ_VHHF01000106.1	97.830	1014	22	0	1	1014	729	1742	0.0	1792
Int1_Pc_Pattern	NZ_VHDU01000089.1	97.830	1014	22	0	1	1014	1215	202	0.0	1792
Int1_Pc_Pattern	NZ_VHEO01000060.1	97.830	1014	22	0	1	1014	12025	13038	0.0	1792
Int1_Pc_Pattern	NZ_VHFU01000083.1	97.830	1014	22	0	1	1014	735	1748	0.0	1792
Int1_Pc_Pattern	NZ_PRIK01000045.1	97.830	1014	22	0	1	1014	5561	6574	0.0	1792
Int1_Pc_Pattern	NZ_PRIQ01000048.1	97.830	1014	22	0	1	1014	3350	2337	0.0	1792
Int1_Pc_Pattern	NZ_PRIE01000040.1	97.830	1014	22	0	1	1014	4539	3526	0.0	1792
Int1_Pc_Pattern	NZ_PRHC01000025.1	97.830	1014	22	0	1	1014	2694	1681	0.0	1792
Int1_Pc_Pattern	NZ_PRGW01000050.1	97.830	1014	22	0	1	1014	3344	2331	0.0	1792
Int1_Pc_Pattern	NZ_PRGB01000033.1	97.830	1014	22	0	1	1014	5154	6167	0.0	1792
Int1_Pc_Pattern	NZ_PRFU01000014.1	97.830	1014	22	0	1	1014	269	1282	0.0	1792
Int1_Pc_Pattern	NZ_VAGK01000055.1	97.830	1014	22	0	1	1014	2480	1467	0.0	1792
Int1_Pc_Pattern	NZ_VAGK01000055.1	100.000	899	0	0	116	1014	8385	7487	0.0	1661
Int1_Pc_Pattern	NZ_VAGL01000047.1	97.830	1014	22	0	1	1014	10810	11823	0.0	1792
Int1_Pc_Pattern	NZ_VAGQ01000042.1	97.830	1014	22	0	1	1014	10811	11824	0.0	1792
Int1_Pc_Pattern	NZ_RFCJ01000039.1	97.830	1014	22	0	1	1014	4234	5247	0.0	1792
Int1_Pc_Pattern	NZ_RFDM01000044.1	97.830	1014	22	0	1	1014	9852	8839	0.0	1792
Int1_Pc_Pattern	NZ_RFDD01000035.1	97.830	1014	22	0	1	1014	4234	5247	0.0	1792
Int1_Pc_Pattern	NZ_RFCD01000012.1	97.830	1014	22	0	1	1014	65114	64101	0.0	1792
Int1_Pc_Pattern	NZ_QQPR01000071.1	97.830	1014	22	0	1	1014	3253	2240	0.0	1792
Int1_Pc_Pattern	NZ_QPHY01000001.1	97.830	1014	22	0	1	1014	803931	802918	0.0	1792
Int1_Pc_Pattern	NZ_PYEM01000036.1	97.830	1014	22	0	1	1014	3361	2348	0.0	1792
Int1_Pc_Pattern	NZ_PYEJ01000036.1	97.830	1014	22	0	1	1014	3361	2348	0.0	1792
Int1_Pc_Pattern	NZ_CP027246.2	97.830	1014	22	0	1	1014	3715281	3716294	0.0	1792
Int1_Pc_Pattern	NZ_PUCL01000173.1	97.830	1014	22	0	1	1014	1934	921	0.0	1792
Int1_Pc_Pattern	NZ_PUDB01000175.1	97.830	1014	22	0	1	1014	1934	921	0.0	1792
Int1_Pc_Pattern	NZ_PUCF01000223.1	97.830	1014	22	0	1	1014	1934	921	0.0	1792
Int1_Pc_Pattern	NZ_PUDP01000163.1	97.830	1014	22	0	1	1014	1934	921	0.0	1792
Int1_Pc_Pattern	NZ_CP025266.1	97.830	1014	22	0	1	1014	3407722	3406709	0.0	1792
Int1_Pc_Pattern	NZ_CP025266.1	93.956	364	22	0	1	364	693418	693781	2.31e-165	592
Int1_Pc_Pattern	NZ_CP024612.1	97.830	1014	22	0	1	1014	2663091	2662078	0.0	1792
Int1_Pc_Pattern	NZ_CP024613.1	97.830	1014	22	0	1	1014	2644443	2645456	0.0	1792
Int1_Pc_Pattern	NZ_CP024611.1	97.830	1014	22	0	1	1014	2610711	2611724	0.0	1792
Int1_Pc_Pattern	NZ_CP024124.1	97.830	1014	22	0	1	1014	1216813	1215800	0.0	1792
Int1_Pc_Pattern	NZ_CP024124.1	97.243	798	22	0	1	798	1203559	1202762	0.0	1393
Int1_Pc_Pattern	NZ_CP024418.1	97.830	1014	22	0	1	1014	3777760	3778773	0.0	1792
Int1_Pc_Pattern	NZ_NCYY01000066.1	97.830	1014	22	0	1	1014	5645	6658	0.0	1792
Int1_Pc_Pattern	NZ_NDAX01000088.1	97.830	1014	22	0	1	1014	2675	3688	0.0	1792
Int1_Pc_Pattern	NZ_MSFZ01000197.1	97.830	1014	22	0	1	1014	1761	748	0.0	1792
Int1_Pc_Pattern	NZ_NGHK01000009.1	97.830	1014	22	0	1	1014	5645	6658	0.0	1792
Int1_Pc_Pattern	NZ_NGDE01000060.1	97.830	1014	22	0	1	1014	5645	6658	0.0	1792
Int1_Pc_Pattern	NZ_MDTR01000042.1	97.830	1014	22	0	1	1014	3001	1988	0.0	1792
Int1_Pc_Pattern	NZ_MSPK01000034.1	97.830	1014	22	0	1	1014	5645	6658	0.0	1792
Int1_Pc_Pattern	NZ_MSMI01000881.1	97.830	1014	22	0	1	1014	3771	4784	0.0	1792
Int1_Pc_Pattern	NZ_LZVS01000085.1	97.830	1014	22	0	1	1014	2671	3684	0.0	1792
Int1_Pc_Pattern	NZ_LZTR01000092.1	97.830	1014	22	0	1	1014	1882	869	0.0	1792
Int1_Pc_Pattern	NZ_LZBD01000067.1	97.830	1014	22	0	1	1014	161	1174	0.0	1792
Int1_Pc_Pattern	NZ_LZAN01000076.1	97.830	1014	22	0	1	1014	2675	3688	0.0	1792
Int1_Pc_Pattern	NZ_LWTH01000024.1	97.830	1014	22	0	1	1014	19717	18704	0.0	1792
Int1_Pc_Pattern	NZ_LLDZ01000002.1	97.830	1014	22	0	1	1014	2055	1042	0.0	1792
Int1_Pc_Pattern	NZ_LLCK01000018.1	97.830	1014	22	0	1	1014	3508	4521	0.0	1792
Int1_Pc_Pattern	NZ_LLCI01000079.1	97.830	1014	22	0	1	1014	4122	5135	0.0	1792
Int1_Pc_Pattern	NZ_LKIB01000166.1	97.830	1014	22	0	1	1014	1251	238	0.0	1792
Int1_Pc_Pattern	NZ_BBTD01000095.1	97.830	1014	22	0	1	1014	4943	5956	0.0	1792
Int1_Pc_Pattern	NZ_JXSV01000033.1	97.830	1014	22	0	1	1014	1776	763	0.0	1792
Int1_Pc_Pattern	NZ_JWXK03000105.1	97.830	1014	22	0	1	1014	609	1622	0.0	1792
Int1_Pc_Pattern	NZ_JWTR03000060.1	97.830	1014	22	0	1	1014	6193	5180	0.0	1792
Int1_Pc_Pattern	NZ_JWWT03000106.1	97.830	1014	22	0	1	1014	619	1632	0.0	1792
Int1_Pc_Pattern	NZ_JWXB03000096.1	97.830	1014	22	0	1	1014	656	1669	0.0	1792
Int1_Pc_Pattern	NZ_JPLG01000012.1	97.830	1014	22	0	1	1014	2021	3034	0.0	1792
Int1_Pc_Pattern	LLJM01000056.1	97.826	1012	22	0	3	1014	26	1037	0.0	1788
Int1_Pc_Pattern	NZ_QHGN01000049.1	97.826	1012	22	0	3	1014	2242	1231	0.0	1788
Int1_Pc_Pattern	NZ_CP040684.1	97.732	1014	23	0	1	1014	6397023	6398036	0.0	1786
Int1_Pc_Pattern	NZ_CP041785.1	97.732	1014	23	0	1	1014	2584929	2585942	0.0	1786
Int1_Pc_Pattern	NZ_CP041785.1	97.732	1014	23	0	1	1014	2588569	2589582	0.0	1786
Int1_Pc_Pattern	NZ_RXCM01000011.1	97.732	1014	23	0	1	1014	74138	73125	0.0	1786
Int1_Pc_Pattern	NZ_NSPO01000073.1	97.824	1011	22	0	4	1014	1	1011	0.0	1786
Int1_Pc_Pattern	NZ_QZYG01000172.1	97.732	1014	23	0	1	1014	22889	21876	0.0	1786
Int1_Pc_Pattern	NZ_QVBM02000001.1	97.732	1014	23	0	1	1014	102405	103418	0.0	1786
Int1_Pc_Pattern	NZ_CP024477.1	97.732	1014	23	0	1	1014	6585450	6584437	0.0	1786
Int1_Pc_Pattern	NZ_LLRM01000084.1	97.732	1014	23	0	1	1014	19888	20901	0.0	1786
Int1_Pc_Pattern	NZ_BIKW01000025.1	97.732	1014	23	0	1	1014	34903	35916	0.0	1786
Int1_Pc_Pattern	NZ_QIVB01000057.1	97.732	1014	23	0	1	1014	2361	1348	0.0	1786
Int1_Pc_Pattern	NZ_CP029138.1	97.732	1014	23	0	1	1014	12532	11519	0.0	1786
Int1_Pc_Pattern	NZ_CP022023.1	97.734	1015	22	1	1	1014	4067027	4068041	0.0	1786
Int1_Pc_Pattern	NZ_CP012428.1	97.732	1014	23	0	1	1014	12203	11190	0.0	1786
Int1_Pc_Pattern	NZ_CP012428.1	97.732	1014	23	0	1	1014	52592	51579	0.0	1786
Int1_Pc_Pattern	NZ_MAGE01000094.1	97.732	1014	23	0	1	1014	46	1059	0.0	1786
Int1_Pc_Pattern	NZ_LNIG01000016.1	97.732	1014	23	0	1	1014	71	1084	0.0	1786
Int1_Pc_Pattern	NZ_CP010391.1	97.732	1014	23	0	1	1014	50958	51971	0.0	1786
Int1_Pc_Pattern	NZ_CP010391.1	97.243	798	22	0	1	798	39006	39803	0.0	1393
Int1_Pc_Pattern	NZ_JBCGFV010000027.1	97.732	1014	23	0	1	1014	18058	19071	0.0	1786
Int1_Pc_Pattern	NZ_JAMHBA010000071.1	97.732	1014	23	0	1	1014	1657	2670	0.0	1786
Int1_Pc_Pattern	NZ_JAMHBB010000073.1	97.732	1014	23	0	1	1014	1657	2670	0.0	1786
Int1_Pc_Pattern	NZ_CP073313.1	97.732	1014	23	0	1	1014	2373	1360	0.0	1786
Int1_Pc_Pattern	DAOZYB010000101.1	97.732	1014	23	0	1	1014	2194	1181	0.0	1786
Int1_Pc_Pattern	DAOZYB010000035.1	97.732	1014	23	0	1	1014	15795	16808	0.0	1786
Int1_Pc_Pattern	DAFKSD010000123.1	97.732	1014	23	0	1	1014	1533	520	0.0	1786
Int1_Pc_Pattern	DAFKSD010000076.1	97.732	1014	23	0	1	1014	6030	7043	0.0	1786
Int1_Pc_Pattern	NZ_MUBP01000058.1	97.732	1014	23	0	1	1014	14541	15554	0.0	1786
Int1_Pc_Pattern	NZ_MUIQ02000074.1	97.732	1014	23	0	1	1014	1216	203	0.0	1786
Int1_Pc_Pattern	NZ_CP017632.1	97.732	1014	23	0	1	1014	32029	33042	0.0	1786
Int1_Pc_Pattern	NZ_LRMC01000090.1	97.732	1014	23	0	1	1014	2115	1102	0.0	1786
Int1_Pc_Pattern	NZ_CP018111.1	97.732	1014	23	0	1	1014	25726	26739	0.0	1786
Int1_Pc_Pattern	NZ_LSMG01000458.1	97.732	1014	23	0	1	1014	140	1153	0.0	1786
Int1_Pc_Pattern	NZ_LVSL01000127.1	97.732	1014	23	0	1	1014	1408	2421	0.0	1786
Int1_Pc_Pattern	NZ_LVSF01000099.1	97.732	1014	23	0	1	1014	1068	2081	0.0	1786
Int1_Pc_Pattern	NZ_LVSA01000016.1	97.732	1014	23	0	1	1014	743	1756	0.0	1786
Int1_Pc_Pattern	NZ_LVRP01000098.1	97.732	1014	23	0	1	1014	3405	2392	0.0	1786
Int1_Pc_Pattern	NZ_LVOI01000023.1	97.732	1014	23	0	1	1014	28486	27473	0.0	1786
Int1_Pc_Pattern	NZ_LQTQ01000139.1	97.732	1014	23	0	1	1014	1898	885	0.0	1786
Int1_Pc_Pattern	NZ_LQSC01000086.1	97.732	1014	23	0	1	1014	1884	871	0.0	1786
Int1_Pc_Pattern	NZ_LJXY01000067.1	97.732	1014	23	0	1	1014	1283	270	0.0	1786
Int1_Pc_Pattern	NZ_LDDL01000053.1	97.732	1014	23	0	1	1014	7925	6912	0.0	1786
Int1_Pc_Pattern	NZ_JWKG01000206.1	97.732	1014	23	0	1	1014	1530	517	0.0	1786
Int1_Pc_Pattern	NZ_JAHKDZ010000103.1	97.732	1014	23	0	1	1014	5108	6121	0.0	1786
Int1_Pc_Pattern	NZ_JADAWS010000092.1	97.732	1014	23	0	1	1014	1532	519	0.0	1786
Int1_Pc_Pattern	NZ_JADAWR010000082.1	97.732	1014	23	0	1	1014	1532	519	0.0	1786
Int1_Pc_Pattern	NZ_JADAWO010000087.1	97.732	1014	23	0	1	1014	1675	2688	0.0	1786
Int1_Pc_Pattern	NZ_JADAWP010000081.1	97.732	1014	23	0	1	1014	1532	519	0.0	1786
Int1_Pc_Pattern	NZ_JADAWJ010000088.1	97.732	1014	23	0	1	1014	4983	5996	0.0	1786
Int1_Pc_Pattern	NZ_JADAWI010000077.1	97.732	1014	23	0	1	1014	4983	5996	0.0	1786
Int1_Pc_Pattern	NZ_JADAXA010000077.1	97.732	1014	23	0	1	1014	4983	5996	0.0	1786
Int1_Pc_Pattern	NZ_JADAWD010000086.1	97.732	1014	23	0	1	1014	1532	519	0.0	1786
Int1_Pc_Pattern	NZ_JADAWY010000077.1	97.732	1014	23	0	1	1014	4983	5996	0.0	1786
Int1_Pc_Pattern	NZ_JADAWV010000078.1	97.732	1014	23	0	1	1014	1532	519	0.0	1786
Int1_Pc_Pattern	NZ_JADAWW010000082.1	97.732	1014	23	0	1	1014	1532	519	0.0	1786
Int1_Pc_Pattern	NZ_JADAWX010000079.1	97.732	1014	23	0	1	1014	1532	519	0.0	1786
Int1_Pc_Pattern	NZ_JADAUN010000081.1	97.732	1014	23	0	1	1014	4983	5996	0.0	1786
Int1_Pc_Pattern	NZ_JADAVI010000076.1	97.732	1014	23	0	1	1014	4964	5977	0.0	1786
Int1_Pc_Pattern	NZ_JADAVG010000076.1	97.732	1014	23	0	1	1014	4983	5996	0.0	1786
Int1_Pc_Pattern	NZ_JADAUQ010000080.1	97.732	1014	23	0	1	1014	1532	519	0.0	1786
Int1_Pc_Pattern	NZ_JADAUS010000092.1	97.732	1014	23	0	1	1014	4983	5996	0.0	1786
Int1_Pc_Pattern	NZ_JADAUZ010000079.1	97.732	1014	23	0	1	1014	4983	5996	0.0	1786
Int1_Pc_Pattern	NZ_JADAUV010000080.1	97.732	1014	23	0	1	1014	1532	519	0.0	1786
Int1_Pc_Pattern	NZ_JADATV010000176.1	97.732	1014	23	0	1	1014	1236	2249	0.0	1786
Int1_Pc_Pattern	NZ_JADAUK010000011.1	97.732	1014	23	0	1	1014	120291	121304	0.0	1786
Int1_Pc_Pattern	NZ_JADAUM010000087.1	97.732	1014	23	0	1	1014	1532	519	0.0	1786
Int1_Pc_Pattern	NZ_JADASU010000077.1	97.732	1014	23	0	1	1014	4983	5996	0.0	1786
Int1_Pc_Pattern	NZ_JADAST010000094.1	97.732	1014	23	0	1	1014	4983	5996	0.0	1786
Int1_Pc_Pattern	NZ_JADAUI010000012.1	97.732	1014	23	0	1	1014	4749	3736	0.0	1786
Int1_Pc_Pattern	NZ_JADASM010000083.1	97.732	1014	23	0	1	1014	4983	5996	0.0	1786
Int1_Pc_Pattern	NZ_JADASJ010000078.1	97.732	1014	23	0	1	1014	4983	5996	0.0	1786
Int1_Pc_Pattern	NZ_JADASI010000080.1	97.732	1014	23	0	1	1014	4983	5996	0.0	1786
Int1_Pc_Pattern	NZ_JADASH010000081.1	97.732	1014	23	0	1	1014	1532	519	0.0	1786
Int1_Pc_Pattern	NZ_JADAVN010000080.1	97.732	1014	23	0	1	1014	1532	519	0.0	1786
Int1_Pc_Pattern	NZ_JADASA010000076.1	97.732	1014	23	0	1	1014	4983	5996	0.0	1786
Int1_Pc_Pattern	NZ_JADAVM010000081.1	97.732	1014	23	0	1	1014	1532	519	0.0	1786
Int1_Pc_Pattern	NZ_VHGJ01000098.1	97.732	1014	23	0	1	1014	1146	133	0.0	1786
Int1_Pc_Pattern	NZ_RFCH01000268.1	97.732	1014	23	0	1	1014	1659	646	0.0	1786
Int1_Pc_Pattern	NZ_NEQH01000014.1	97.732	1014	23	0	1	1014	1607	594	0.0	1786
Int1_Pc_Pattern	NZ_NEQG01000043.1	97.732	1014	23	0	1	1014	157002	158015	0.0	1786
Int1_Pc_Pattern	NZ_NCZV01000029.1	97.732	1014	23	0	1	1014	161	1174	0.0	1786
Int1_Pc_Pattern	NZ_NCYF01000107.1	97.732	1014	23	0	1	1014	2675	3688	0.0	1786
Int1_Pc_Pattern	NZ_NDAP01000020.1	97.732	1014	23	0	1	1014	2675	3688	0.0	1786
Int1_Pc_Pattern	NZ_NDAH01000119.1	97.732	1014	23	0	1	1014	5060	6073	0.0	1786
Int1_Pc_Pattern	NZ_NGEO01000039.1	97.732	1014	23	0	1	1014	1609	596	0.0	1786
Int1_Pc_Pattern	NZ_NGDY01000058.1	97.732	1014	23	0	1	1014	2675	3688	0.0	1786
Int1_Pc_Pattern	NZ_NGDF01000011.1	97.732	1014	23	0	1	1014	43465	42452	0.0	1786
Int1_Pc_Pattern	NZ_NGCZ01000117.1	97.732	1014	23	0	1	1014	5060	6073	0.0	1786
Int1_Pc_Pattern	NZ_NGBW01000042.1	97.732	1014	23	0	1	1014	5060	6073	0.0	1786
Int1_Pc_Pattern	NZ_MSNT01000025.1	97.732	1014	23	0	1	1014	5060	6073	0.0	1786
Int1_Pc_Pattern	NZ_MSOP01000056.1	97.732	1014	23	0	1	1014	2675	3688	0.0	1786
Int1_Pc_Pattern	NZ_MSNR01000066.1	97.732	1014	23	0	1	1014	1609	596	0.0	1786
Int1_Pc_Pattern	NZ_MSMY01000017.1	97.732	1014	23	0	1	1014	178927	177914	0.0	1786
Int1_Pc_Pattern	NZ_LZXK01000084.1	97.732	1014	23	0	1	1014	5055	6068	0.0	1786
Int1_Pc_Pattern	NZ_LZXI01000098.1	97.732	1014	23	0	1	1014	5055	6068	0.0	1786
Int1_Pc_Pattern	NZ_LZXE01000018.1	97.732	1014	23	0	1	1014	1607	594	0.0	1786
Int1_Pc_Pattern	NZ_LZXA01000027.1	97.732	1014	23	0	1	1014	1607	594	0.0	1786
Int1_Pc_Pattern	NZ_LZWZ01000156.1	97.732	1014	23	0	1	1014	1607	594	0.0	1786
Int1_Pc_Pattern	NZ_LZWS01000040.1	97.732	1014	23	0	1	1014	5055	6068	0.0	1786
Int1_Pc_Pattern	NZ_LZWP01000108.1	97.732	1014	23	0	1	1014	5055	6068	0.0	1786
Int1_Pc_Pattern	NZ_LZWD01000081.1	97.732	1014	23	0	1	1014	1607	594	0.0	1786
Int1_Pc_Pattern	NZ_LZWC01000098.1	97.732	1014	23	0	1	1014	5055	6068	0.0	1786
Int1_Pc_Pattern	NZ_CP035043.1	97.732	1014	23	0	1	1014	1518464	1517451	0.0	1786
Int1_Pc_Pattern	NZ_LZVV01000143.1	97.732	1014	23	0	1	1014	3716	4729	0.0	1786
Int1_Pc_Pattern	NZ_LZVC01000062.1	97.732	1014	23	0	1	1014	1607	594	0.0	1786
Int1_Pc_Pattern	NZ_LZUV01000095.1	97.732	1014	23	0	1	1014	1607	594	0.0	1786
Int1_Pc_Pattern	NZ_LZUL01000023.1	97.732	1014	23	0	1	1014	5055	6068	0.0	1786
Int1_Pc_Pattern	NZ_LZUI01000004.1	97.732	1014	23	0	1	1014	1607	594	0.0	1786
Int1_Pc_Pattern	NZ_LZUF01000133.1	97.732	1014	23	0	1	1014	1607	594	0.0	1786
Int1_Pc_Pattern	NZ_LZUE01000031.1	97.732	1014	23	0	1	1014	1607	594	0.0	1786
Int1_Pc_Pattern	NZ_LZUA01000102.1	97.732	1014	23	0	1	1014	1607	594	0.0	1786
Int1_Pc_Pattern	NZ_LZUC01000106.1	97.732	1014	23	0	1	1014	5055	6068	0.0	1786
Int1_Pc_Pattern	NZ_LZTU01000028.1	97.732	1014	23	0	1	1014	5055	6068	0.0	1786
Int1_Pc_Pattern	NZ_LZTQ01000141.1	97.732	1014	23	0	1	1014	5055	6068	0.0	1786
Int1_Pc_Pattern	NZ_LZXL01000051.1	97.732	1014	23	0	1	1014	1607	594	0.0	1786
Int1_Pc_Pattern	NZ_LZXJ01000081.1	97.732	1014	23	0	1	1014	5055	6068	0.0	1786
Int1_Pc_Pattern	NZ_LZWR01000094.1	97.732	1014	23	0	1	1014	1607	594	0.0	1786
Int1_Pc_Pattern	NZ_LZVL01000084.1	97.732	1014	23	0	1	1014	1607	594	0.0	1786
Int1_Pc_Pattern	NZ_LZVG01000127.1	97.732	1014	23	0	1	1014	1607	594	0.0	1786
Int1_Pc_Pattern	NZ_LZUZ01000069.1	97.732	1014	23	0	1	1014	1607	594	0.0	1786
Int1_Pc_Pattern	NZ_LZUB01000042.1	97.732	1014	23	0	1	1014	5055	6068	0.0	1786
Int1_Pc_Pattern	NZ_LZXV01000119.1	97.732	1014	23	0	1	1014	5055	6068	0.0	1786
Int1_Pc_Pattern	NZ_LZXN01000080.1	97.732	1014	23	0	1	1014	5055	6068	0.0	1786
Int1_Pc_Pattern	NZ_LZXM01000082.1	97.732	1014	23	0	1	1014	5055	6068	0.0	1786
Int1_Pc_Pattern	NZ_LZWQ01000061.1	97.732	1014	23	0	1	1014	5055	6068	0.0	1786
Int1_Pc_Pattern	NZ_LZWG01000058.1	97.732	1014	23	0	1	1014	1607	594	0.0	1786
Int1_Pc_Pattern	NZ_LZWE01000032.1	97.732	1014	23	0	1	1014	5055	6068	0.0	1786
Int1_Pc_Pattern	NZ_LZUY01000012.1	97.732	1014	23	0	1	1014	5055	6068	0.0	1786
Int1_Pc_Pattern	NZ_LZUS01000152.1	97.732	1014	23	0	1	1014	1607	594	0.0	1786
Int1_Pc_Pattern	NZ_LZUQ01000016.1	97.732	1014	23	0	1	1014	5055	6068	0.0	1786
Int1_Pc_Pattern	NZ_LZVK01000047.1	97.732	1014	23	0	1	1014	1607	594	0.0	1786
Int1_Pc_Pattern	NZ_LZTP01000099.1	97.732	1014	23	0	1	1014	5055	6068	0.0	1786
Int1_Pc_Pattern	NZ_LZXO01000056.1	97.732	1014	23	0	1	1014	1882	869	0.0	1786
Int1_Pc_Pattern	NZ_LZXH01000106.1	97.732	1014	23	0	1	1014	1607	594	0.0	1786
Int1_Pc_Pattern	NZ_LZWH01000034.1	97.732	1014	23	0	1	1014	5055	6068	0.0	1786
Int1_Pc_Pattern	NZ_LZWI01000075.1	97.732	1014	23	0	1	1014	1607	594	0.0	1786
Int1_Pc_Pattern	NZ_LZBY01000055.1	97.732	1014	23	0	1	1014	1609	596	0.0	1786
Int1_Pc_Pattern	NZ_LZBU01000104.1	97.732	1014	23	0	1	1014	1609	596	0.0	1786
Int1_Pc_Pattern	NZ_LZBS01000022.1	97.732	1014	23	0	1	1014	1609	596	0.0	1786
Int1_Pc_Pattern	NZ_LZBQ01000041.1	97.732	1014	23	0	1	1014	1609	596	0.0	1786
Int1_Pc_Pattern	NZ_LZBM01000065.1	97.732	1014	23	0	1	1014	1609	596	0.0	1786
Int1_Pc_Pattern	NZ_LZBL01000037.1	97.732	1014	23	0	1	1014	1609	596	0.0	1786
Int1_Pc_Pattern	NZ_LZBK01000013.1	97.732	1014	23	0	1	1014	5060	6073	0.0	1786
Int1_Pc_Pattern	NZ_LZBB01000076.1	97.732	1014	23	0	1	1014	1609	596	0.0	1786
Int1_Pc_Pattern	NZ_LZBA01000068.1	97.732	1014	23	0	1	1014	5060	6073	0.0	1786
Int1_Pc_Pattern	NZ_LZAX01000096.1	97.732	1014	23	0	1	1014	5060	6073	0.0	1786
Int1_Pc_Pattern	NZ_LZAR01000100.1	97.732	1014	23	0	1	1014	1609	596	0.0	1786
Int1_Pc_Pattern	NZ_LZAM01000089.1	97.732	1014	23	0	1	1014	1609	596	0.0	1786
Int1_Pc_Pattern	NZ_LZAH01000010.1	97.732	1014	23	0	1	1014	1609	596	0.0	1786
Int1_Pc_Pattern	NZ_LZAD01000033.1	97.732	1014	23	0	1	1014	1609	596	0.0	1786
Int1_Pc_Pattern	NZ_LYZS01000026.1	97.732	1014	23	0	1	1014	1609	596	0.0	1786
Int1_Pc_Pattern	NZ_LZAJ01000035.1	97.732	1014	23	0	1	1014	1609	596	0.0	1786
Int1_Pc_Pattern	NZ_LZAA01000120.1	97.732	1014	23	0	1	1014	1609	596	0.0	1786
Int1_Pc_Pattern	NZ_LYZZ01000116.1	97.732	1014	23	0	1	1014	5060	6073	0.0	1786
Int1_Pc_Pattern	NZ_LYZY01000102.1	97.732	1014	23	0	1	1014	1609	596	0.0	1786
Int1_Pc_Pattern	NZ_LYZT01000111.1	97.732	1014	23	0	1	1014	1609	596	0.0	1786
Int1_Pc_Pattern	NZ_LYZP01000086.1	97.732	1014	23	0	1	1014	1609	596	0.0	1786
Int1_Pc_Pattern	NZ_JZCK02000079.1	97.732	1014	23	0	1	1014	1607	594	0.0	1786
Int1_Pc_Pattern	NZ_NSUK01000008.1	97.732	1014	22	1	1	1014	186161	185149	0.0	1784
Int1_Pc_Pattern	NZ_JBJMYY010000002.1	97.732	1014	22	1	1	1014	62461	61449	0.0	1784
Int1_Pc_Pattern	NZ_JBIXEW010000001.1	97.732	1014	22	1	1	1014	2444782	2443770	0.0	1784
Int1_Pc_Pattern	NZ_JBIXEW010000001.1	97.143	1015	24	4	1	1014	2492350	2491340	0.0	1749
Int1_Pc_Pattern	NZ_JAMHDS010000002.1	97.732	1014	22	1	1	1014	23061	22049	0.0	1784
Int1_Pc_Pattern	NZ_JAMHDS010000002.1	97.633	1014	22	2	1	1014	48030	47019	0.0	1779
Int1_Pc_Pattern	JBJMYY010000002.1	97.732	1014	22	1	1	1014	62461	61449	0.0	1784
Int1_Pc_Pattern	CP053569.1	97.732	1014	22	1	1	1014	23061	22049	0.0	1784
Int1_Pc_Pattern	CP053569.1	97.633	1014	22	2	1	1014	48030	47019	0.0	1779
Int1_Pc_Pattern	NZ_CP013836.1	97.732	1014	22	1	1	1014	116333	115321	0.0	1784
Int1_Pc_Pattern	NZ_CP013836.1	97.243	798	22	0	1	798	109902	110699	0.0	1393
Int1_Pc_Pattern	NZ_CP043936.1	97.633	1014	24	0	1	1014	49617	50630	0.0	1781
Int1_Pc_Pattern	NZ_JAGYRP010000088.1	97.817	1008	22	0	1	1008	46	1053	0.0	1781
Int1_Pc_Pattern	NZ_LLDV01000022.1	97.633	1014	24	0	1	1014	9398	10411	0.0	1781
Int1_Pc_Pattern	NZ_LLDJ01000057.1	97.633	1014	24	0	1	1014	1794	781	0.0	1781
Int1_Pc_Pattern	NZ_LLCS01000049.1	97.633	1014	24	0	1	1014	5334	6347	0.0	1781
Int1_Pc_Pattern	NZ_LLCJ01000031.1	97.633	1014	24	0	1	1014	5150	6163	0.0	1781
Int1_Pc_Pattern	NZ_LLHZ01000013.1	97.633	1014	24	0	1	1014	1869	856	0.0	1781
Int1_Pc_Pattern	NZ_LLHP01000043.1	97.633	1014	24	0	1	1014	5296	6309	0.0	1781
Int1_Pc_Pattern	NZ_LLGL01000153.1	97.633	1014	24	0	1	1014	5296	6309	0.0	1781
Int1_Pc_Pattern	NZ_LLGG01000032.1	97.633	1014	24	0	1	1014	5323	6336	0.0	1781
Int1_Pc_Pattern	NZ_LLFG01000035.1	97.633	1014	24	0	1	1014	5082	6095	0.0	1781
Int1_Pc_Pattern	NZ_JWUW03000071.1	97.633	1014	24	0	1	1014	665	1678	0.0	1781
Int1_Pc_Pattern	NZ_SGYD01000003.1	97.633	1014	22	2	1	1014	13385	12374	0.0	1779
Int1_Pc_Pattern	NZ_JBIWZF010000002.1	97.633	1014	23	1	1	1014	102089	101077	0.0	1779
Int1_Pc_Pattern	NZ_JBIWZF010000002.1	97.140	1014	23	4	1	1014	132152	131145	0.0	1748
Int1_Pc_Pattern	NZ_JBIWZF010000002.1	96.992	798	22	2	1	798	136737	135942	0.0	1380
Int1_Pc_Pattern	JBJNET010000002.1	97.633	1014	22	2	1	1014	170509	169498	0.0	1779
Int1_Pc_Pattern	JBJNET010000002.1	97.535	1014	22	2	1	1014	138200	137190	0.0	1772
Int1_Pc_Pattern	NZ_WJTE01000002.1	97.813	1006	22	0	1	1006	162616	163621	0.0	1777
Int1_Pc_Pattern	NZ_LROW01000043.1	97.813	1006	22	0	1	1006	4839	5844	0.0	1777
Int1_Pc_Pattern	NZ_JAALAZ010000021.1	97.813	1006	22	0	1	1006	4909	5914	0.0	1777
Int1_Pc_Pattern	JAALAZ010000021.1	97.813	1006	22	0	1	1006	4909	5914	0.0	1777
Int1_Pc_Pattern	NZ_NIZZ01000071.1	97.813	1006	22	0	1	1006	1082	2087	0.0	1777
Int1_Pc_Pattern	NZ_NPHO01000115.1	97.813	1006	22	0	1	1006	116	1121	0.0	1777
Int1_Pc_Pattern	NZ_MKIJ01000014.1	97.813	1006	22	0	1	1006	1006	1	0.0	1777
Int1_Pc_Pattern	NZ_NAGB01000790.1	97.813	1006	22	0	1	1006	940	1945	0.0	1777
Int1_Pc_Pattern	NZ_JHRO01000117.1	97.813	1006	22	0	1	1006	1098	93	0.0	1777
Int1_Pc_Pattern	NZ_RDAB01000002.1	97.535	1014	23	2	1	1014	158044	159055	0.0	1773
Int1_Pc_Pattern	NZ_CP043933.1	97.436	1014	24	2	1	1014	150193	149182	0.0	1768
Int1_Pc_Pattern	NZ_JBIWZF010000004.1	97.438	1015	23	3	1	1014	13761	12749	0.0	1768
Int1_Pc_Pattern	NZ_RDAJ01000004.1	97.436	1014	23	3	1	1014	38199	39209	0.0	1766
Int1_Pc_Pattern	DALQMJ010000248.1	97.800	1000	22	0	1	1000	120	1119	0.0	1766
Int1_Pc_Pattern	DAGZRI010000090.1	97.800	1000	22	0	1	1000	120	1119	0.0	1766
Int1_Pc_Pattern	DACOPM010000086.1	97.800	1000	22	0	1	1000	120	1119	0.0	1766
Int1_Pc_Pattern	NZ_CP036192.1	97.337	1014	24	3	1	1014	137890	136880	0.0	1760
Int1_Pc_Pattern	NZ_WXZV01000085.1	97.160	1021	22	1	1	1014	1224	204	0.0	1759
Int1_Pc_Pattern	NZ_JAAKYR010000093.1	97.787	994	22	0	21	1014	1177	184	0.0	1755
Int1_Pc_Pattern	NZ_VSRK01000194.1	97.787	994	22	0	21	1014	1455	462	0.0	1755
Int1_Pc_Pattern	JBJNCD010000002.1	97.241	1015	22	3	1	1014	62452	61443	0.0	1755
Int1_Pc_Pattern	NZ_NFXG01000051.1	97.784	993	22	0	1	993	1149	2141	0.0	1753
Int1_Pc_Pattern	NZ_FBVS01000153.1	97.784	993	22	0	1	993	1013	21	0.0	1753
Int1_Pc_Pattern	NZ_JAHKDA010000275.1	97.784	993	22	0	1	993	1578	2570	0.0	1753
Int1_Pc_Pattern	NZ_CP069840.1	97.784	993	22	0	1	993	95084	96076	0.0	1753
Int1_Pc_Pattern	NZ_JADPLY010000001.1	97.784	993	22	0	1	993	2504407	2505399	0.0	1753
Int1_Pc_Pattern	NZ_VHEM01000081.1	97.784	993	22	0	1	993	5957	6949	0.0	1753
Int1_Pc_Pattern	NZ_SMUA01000192.1	97.784	993	22	0	1	993	1014	22	0.0	1753
Int1_Pc_Pattern	NZ_QQPS01000250.1	97.784	993	22	0	1	993	1469	2461	0.0	1753
Int1_Pc_Pattern	NZ_QQQB01000284.1	97.784	993	22	0	1	993	1832	2824	0.0	1753
Int1_Pc_Pattern	NZ_NEPT01000082.1	97.784	993	22	0	1	993	993	1	0.0	1753
Int1_Pc_Pattern	NZ_LLDU01000103.1	97.784	993	22	0	1	993	1813	821	0.0	1753
Int1_Pc_Pattern	NZ_VXJE01000002.1	97.041	1014	30	0	1	1014	154182	155195	0.0	1748
Int1_Pc_Pattern	NZ_RDAB01000004.1	97.041	1014	26	4	1	1014	8622	7613	0.0	1744
Int1_Pc_Pattern	JBLGDB010000042.1	97.771	987	22	0	1	987	6170	7156	0.0	1742
Int1_Pc_Pattern	NZ_CYCQ01000103.1	97.771	987	22	0	1	987	1065	79	0.0	1742
Int1_Pc_Pattern	NZ_RDAS01000004.1	97.041	1014	23	2	1	1014	21190	22196	0.0	1740
Int1_Pc_Pattern	NZ_RDAS01000004.1	93.097	1014	30	25	1	1014	79730	80703	0.0	1489
Int1_Pc_Pattern	NZ_JBIGUH010000001.1	97.129	1010	23	6	1	1010	4940951	4939948	0.0	1740
Int1_Pc_Pattern	ABKPXP040000071.1	97.041	1014	22	1	1	1014	1929	2934	0.0	1740
Int1_Pc_Pattern	NZ_NBSF01000175.1	97.766	985	22	0	1	985	985	1	0.0	1738
Int1_Pc_Pattern	NZ_MUAD01000044.1	97.766	985	22	0	1	985	38273	39257	0.0	1738
Int1_Pc_Pattern	NZ_CP017221.1	97.766	985	22	0	1	985	38890	37906	0.0	1738
Int1_Pc_Pattern	NZ_MIVV01000013.1	97.766	985	22	0	1	985	5388	4404	0.0	1738
Int1_Pc_Pattern	NZ_LXYC01000046.1	97.766	985	22	0	1	985	75741	76725	0.0	1738
Int1_Pc_Pattern	NZ_LIVJ01000033.1	97.766	985	22	0	1	985	5543	4559	0.0	1738
Int1_Pc_Pattern	NZ_CYCG01000031.1	97.766	985	22	0	1	985	5559	4575	0.0	1738
Int1_Pc_Pattern	NZ_LM995927.1	97.766	985	22	0	1	985	27719	26735	0.0	1738
Int1_Pc_Pattern	NZ_JBIGRI010000002.1	96.943	1014	26	5	1	1014	179480	178472	0.0	1736
Int1_Pc_Pattern	NZ_JAAATL010000112.1	97.762	983	22	0	1	983	983	1	0.0	1735
Int1_Pc_Pattern	NZ_JBIGRQ010000002.1	96.850	1016	24	7	1	1014	71026	72035	0.0	1733
Int1_Pc_Pattern	NZ_JBIGRQ010000001.1	96.844	1014	26	6	1	1014	4833991	4832984	0.0	1731
Int1_Pc_Pattern	NZ_JBIGRI010000001.1	96.844	1014	26	5	1	1014	4834707	4833700	0.0	1731
Int1_Pc_Pattern	NZ_NDFU01000096.1	97.753	979	22	0	36	1014	1181	203	0.0	1727
Int1_Pc_Pattern	NZ_NSOQ01000005.1	97.751	978	22	0	1	978	367073	366096	0.0	1725
Int1_Pc_Pattern	NZ_CP025143.1	96.647	1014	34	0	1	1014	137425	138438	0.0	1725
Int1_Pc_Pattern	NZ_JBIXDF010000001.1	96.746	1014	26	7	1	1014	5204548	5205554	0.0	1724
Int1_Pc_Pattern	NZ_NINN01000021.1	96.746	1014	22	1	1	1014	55242	56244	0.0	1720
Int1_Pc_Pattern	NZ_NINT01000013.1	96.746	1014	22	1	1	1014	4476	3474	0.0	1720
Int1_Pc_Pattern	NZ_PRIM01000039.1	96.555	1016	31	2	1	1014	3530	2517	0.0	1720
Int1_Pc_Pattern	NZ_RDAJ01000008.1	96.637	1011	28	6	1	1011	27383	26379	0.0	1714
Int1_Pc_Pattern	NZ_JBIGUH010000002.1	96.548	1014	29	5	1	1014	71040	72047	0.0	1714
Int1_Pc_Pattern	NZ_VIGK01000063.1	97.732	970	22	0	1	970	970	1	0.0	1711
Int1_Pc_Pattern	NZ_QUWL01000183.1	97.541	976	24	0	39	1014	1273	298	0.0	1711
Int1_Pc_Pattern	NZ_CACTIK010000264.1	97.732	970	22	0	1	970	46	1015	0.0	1711
Int1_Pc_Pattern	NZ_JAJELG010000091.1	97.718	964	22	0	1	964	1669	2632	0.0	1700
Int1_Pc_Pattern	NZ_JAJELF010000080.1	97.718	964	22	0	1	964	1553	590	0.0	1700
Int1_Pc_Pattern	NZ_JAJELE010000074.1	97.718	964	22	0	1	964	1669	2632	0.0	1700
Int1_Pc_Pattern	NZ_JAJELD010000116.1	97.718	964	22	0	1	964	1669	2632	0.0	1700
Int1_Pc_Pattern	NZ_CP130627.2	97.718	964	22	0	1	964	3722332	3723295	0.0	1700
Int1_Pc_Pattern	NZ_JAJEKZ010000083.1	97.718	964	22	0	1	964	1669	2632	0.0	1700
Int1_Pc_Pattern	NZ_JAJEKY010000090.1	97.718	964	22	0	1	964	1669	2632	0.0	1700
Int1_Pc_Pattern	NZ_JAJEKX010000073.1	97.718	964	22	0	1	964	1669	2632	0.0	1700
Int1_Pc_Pattern	NZ_JAJEKW010000080.1	97.718	964	22	0	1	964	1553	590	0.0	1700
Int1_Pc_Pattern	NZ_JAIWTJ010000047.1	97.718	964	22	0	1	964	1853	890	0.0	1700
Int1_Pc_Pattern	NZ_JAIWVE010000006.1	97.718	964	22	0	1	964	3684	2721	0.0	1700
Int1_Pc_Pattern	NZ_JAIWTP010000097.1	97.718	964	22	0	1	964	3136	4099	0.0	1700
Int1_Pc_Pattern	NZ_JAIWSL010000119.1	97.718	964	22	0	1	964	1761	2724	0.0	1700
Int1_Pc_Pattern	NZ_CP080452.1	97.718	964	22	0	1	964	253677	252714	0.0	1700
Int1_Pc_Pattern	NZ_JACORP010000138.1	97.718	964	22	0	1	964	1649	2612	0.0	1700
Int1_Pc_Pattern	NZ_JACORG010000149.1	97.718	964	22	0	1	964	1649	2612	0.0	1700
Int1_Pc_Pattern	NZ_JACORF010000235.1	97.718	964	22	0	1	964	1649	2612	0.0	1700
Int1_Pc_Pattern	NZ_JAHKDN010000175.1	97.718	964	22	0	1	964	964	1	0.0	1700
Int1_Pc_Pattern	NZ_JAHKCV010000205.1	97.718	964	22	0	1	964	1679	716	0.0	1700
Int1_Pc_Pattern	NZ_JAHKDH010000089.1	97.718	964	22	0	1	964	1491	528	0.0	1700
Int1_Pc_Pattern	NZ_JAHKCX010000252.1	97.718	964	22	0	1	964	2717	3680	0.0	1700
Int1_Pc_Pattern	NZ_JABTVV010000053.1	97.718	964	22	0	1	964	1650	2613	0.0	1700
Int1_Pc_Pattern	NZ_JABTVU010000023.1	97.718	964	22	0	1	964	1762	799	0.0	1700
Int1_Pc_Pattern	NZ_CP066016.1	97.718	964	22	0	1	964	2709500	2710463	0.0	1700
Int1_Pc_Pattern	NZ_JACSVP010000042.1	97.718	964	22	0	1	964	5184	6147	0.0	1700
Int1_Pc_Pattern	NZ_JACSVP010000042.1	100.000	177	0	0	838	1014	1	177	7.19e-86	327
Int1_Pc_Pattern	NZ_JACSSN010000060.1	97.718	964	22	0	1	964	1681	718	0.0	1700
Int1_Pc_Pattern	NZ_JAAOSU010000047.1	97.718	964	22	0	1	964	1554	591	0.0	1700
Int1_Pc_Pattern	NZ_JAAOSB010000044.1	97.718	964	22	0	1	964	1650	2613	0.0	1700
Int1_Pc_Pattern	NZ_WMJU01000057.1	97.718	964	22	0	1	964	1491	528	0.0	1700
Int1_Pc_Pattern	NZ_VHHA01000074.1	97.718	964	22	0	1	964	2914	3877	0.0	1700
Int1_Pc_Pattern	NZ_VHFC01000057.1	97.718	964	22	0	1	964	62155	63118	0.0	1700
Int1_Pc_Pattern	NZ_VHEY01000091.1	97.718	964	22	0	1	964	1363	400	0.0	1700
Int1_Pc_Pattern	NZ_VHDR01000082.1	97.718	964	22	0	1	964	1669	2632	0.0	1700
Int1_Pc_Pattern	NZ_CP041035.1	97.718	964	22	0	1	964	3858876	3859839	0.0	1700
Int1_Pc_Pattern	NZ_VAFU01000090.1	97.718	964	22	0	1	964	964	1	0.0	1700
Int1_Pc_Pattern	NZ_VAGM01000069.1	97.718	964	22	0	1	964	3136	4099	0.0	1700
Int1_Pc_Pattern	NZ_QAGT01000044.1	97.718	964	22	0	1	964	1681	718	0.0	1700
Int1_Pc_Pattern	NZ_QEHN01000054.1	97.718	964	22	0	1	964	1681	718	0.0	1700
Int1_Pc_Pattern	NZ_PYDR01000057.1	97.718	964	22	0	1	964	1681	718	0.0	1700
Int1_Pc_Pattern	NZ_PYDF01000058.1	97.718	964	22	0	1	964	1681	718	0.0	1700
Int1_Pc_Pattern	NZ_PYDP01000050.1	97.718	964	22	0	1	964	1681	718	0.0	1700
Int1_Pc_Pattern	NZ_PYDB01000051.1	97.718	964	22	0	1	964	1681	718	0.0	1700
Int1_Pc_Pattern	NZ_PYDM01000051.1	97.718	964	22	0	1	964	1681	718	0.0	1700
Int1_Pc_Pattern	NZ_PYDG01000054.1	97.718	964	22	0	1	964	1681	718	0.0	1700
Int1_Pc_Pattern	NZ_PYDE01000051.1	97.718	964	22	0	1	964	1681	718	0.0	1700
Int1_Pc_Pattern	NZ_PYDD01000050.1	97.718	964	22	0	1	964	1681	718	0.0	1700
Int1_Pc_Pattern	NZ_PYDJ01000054.1	97.718	964	22	0	1	964	1681	718	0.0	1700
Int1_Pc_Pattern	NZ_PYCZ01000050.1	97.718	964	22	0	1	964	1681	718	0.0	1700
Int1_Pc_Pattern	NZ_PYEA01000024.1	97.718	964	22	0	1	964	6805	7768	0.0	1700
Int1_Pc_Pattern	NZ_PYEB01000021.1	97.718	964	22	0	1	964	3042	4005	0.0	1700
Int1_Pc_Pattern	NZ_PYDV01000028.1	97.718	964	22	0	1	964	2043	1080	0.0	1700
Int1_Pc_Pattern	NZ_PXYP01000054.1	97.718	964	22	0	1	964	1681	718	0.0	1700
Int1_Pc_Pattern	NZ_NXGU01000155.1	97.718	964	22	0	1	964	3490	2527	0.0	1700
Int1_Pc_Pattern	NZ_CP021782.1	97.718	964	22	0	1	964	311738	310775	0.0	1700
Int1_Pc_Pattern	NZ_MPBW01000005.1	97.718	964	22	0	1	964	285818	286781	0.0	1700
Int1_Pc_Pattern	NZ_JBIXDF010000002.1	96.082	1021	25	9	1	1014	71029	72041	0.0	1690
Int1_Pc_Pattern	NZ_RDAJ01000006.1	96.055	1014	30	8	1	1014	56800	57803	0.0	1683
Int1_Pc_Pattern	DAOWRH010000121.1	97.692	953	22	0	1	953	953	1	0.0	1679
Int1_Pc_Pattern	NZ_LVOU01000045.1	97.669	944	22	0	1	944	944	1	0.0	1663
Int1_Pc_Pattern	NZ_WXZT01000051.1	100.000	899	0	0	116	1014	29	927	0.0	1661
Int1_Pc_Pattern	NZ_VAVN01000084.1	100.000	899	0	0	116	1014	1	899	0.0	1661
Int1_Pc_Pattern	NZ_VAVH01000079.1	100.000	899	0	0	116	1014	1	899	0.0	1661
Int1_Pc_Pattern	NZ_VAVD01000083.1	100.000	899	0	0	116	1014	1101	203	0.0	1661
Int1_Pc_Pattern	NZ_CP031877.1	100.000	899	0	0	116	1014	6824390	6825288	0.0	1661
Int1_Pc_Pattern	NZ_CP031877.1	90.947	243	22	0	1	243	763876	763634	4.24e-98	368
Int1_Pc_Pattern	NZ_CP031877.1	90.947	243	22	0	1	243	6869223	6869465	4.24e-98	368
Int1_Pc_Pattern	NZ_NDFY01000081.1	100.000	899	0	0	116	1014	1	899	0.0	1661
Int1_Pc_Pattern	NZ_NDFT01000096.1	100.000	899	0	0	116	1014	1101	203	0.0	1661
Int1_Pc_Pattern	NZ_MPUY01000159.1	100.000	899	0	0	116	1014	1101	203	0.0	1661
Int1_Pc_Pattern	NZ_LLTD01000033.1	100.000	899	0	0	116	1014	2925	3823	0.0	1661
Int1_Pc_Pattern	NZ_LLTD01000033.1	100.000	39	0	0	51	89	2860	2898	3.72e-09	73.1
Int1_Pc_Pattern	NZ_LLQC01000051.1	100.000	899	0	0	116	1014	74363	73465	0.0	1661
Int1_Pc_Pattern	NZ_SBCX01000126.1	100.000	899	0	0	116	1014	1101	203	0.0	1661
Int1_Pc_Pattern	NZ_SBCT01000133.1	100.000	899	0	0	116	1014	21	919	0.0	1661
Int1_Pc_Pattern	NZ_JAAIWP010000114.1	100.000	899	0	0	116	1014	1101	203	0.0	1661
Int1_Pc_Pattern	NZ_WJTB01000004.1	100.000	899	0	0	116	1014	109531	110429	0.0	1661
Int1_Pc_Pattern	NZ_WJTB01000004.1	100.000	89	0	0	1	89	108317	108405	5.97e-37	165
Int1_Pc_Pattern	NZ_STEG01000106.1	100.000	899	0	0	116	1014	1029	131	0.0	1661
Int1_Pc_Pattern	NZ_STDU01000087.1	100.000	899	0	0	116	1014	1101	203	0.0	1661
Int1_Pc_Pattern	NZ_STCB01000071.1	100.000	899	0	0	116	1014	1102	204	0.0	1661
Int1_Pc_Pattern	NZ_SJEH01000076.1	100.000	899	0	0	116	1014	21	919	0.0	1661
Int1_Pc_Pattern	NZ_QFME01000693.1	100.000	899	0	0	116	1014	1102	204	0.0	1661
Int1_Pc_Pattern	NZ_QRAG01000078.1	100.000	899	0	0	116	1014	69279	68381	0.0	1661
Int1_Pc_Pattern	NZ_QRAF01000078.1	100.000	899	0	0	116	1014	19	917	0.0	1661
Int1_Pc_Pattern	NZ_QOHU01000121.1	100.000	899	0	0	116	1014	1101	203	0.0	1661
Int1_Pc_Pattern	NZ_PWBY01000076.1	100.000	899	0	0	116	1014	21	919	0.0	1661
Int1_Pc_Pattern	NZ_PWCB01000077.1	100.000	899	0	0	116	1014	21	919	0.0	1661
Int1_Pc_Pattern	NZ_PWDB01000076.1	100.000	899	0	0	116	1014	21	919	0.0	1661
Int1_Pc_Pattern	NZ_NCNU01000008.1	100.000	899	0	0	116	1014	21	919	0.0	1661
Int1_Pc_Pattern	NZ_NCOE01000088.1	100.000	899	0	0	116	1014	1397	499	0.0	1661
Int1_Pc_Pattern	NZ_NCOF01000085.1	100.000	899	0	0	116	1014	21	919	0.0	1661
Int1_Pc_Pattern	NZ_NCOK01000162.1	100.000	899	0	0	116	1014	21	919	0.0	1661
Int1_Pc_Pattern	NZ_NCOS01000084.1	100.000	899	0	0	116	1014	1397	499	0.0	1661
Int1_Pc_Pattern	NZ_NCPD01000020.1	100.000	899	0	0	116	1014	26	924	0.0	1661
Int1_Pc_Pattern	NZ_NCNA01000099.1	100.000	899	0	0	116	1014	21	919	0.0	1661
Int1_Pc_Pattern	NZ_NCOI01000152.1	100.000	899	0	0	116	1014	21	919	0.0	1661
Int1_Pc_Pattern	NZ_NCOJ01000080.1	100.000	899	0	0	116	1014	21	919	0.0	1661
Int1_Pc_Pattern	NZ_NCOM01000124.1	100.000	899	0	0	116	1014	1397	499	0.0	1661
Int1_Pc_Pattern	NZ_NCMQ01000076.1	100.000	899	0	0	116	1014	26	924	0.0	1661
Int1_Pc_Pattern	NZ_NBOT01001288.1	100.000	899	0	0	116	1014	1	899	0.0	1661
Int1_Pc_Pattern	NZ_MDBZ01000042.1	100.000	899	0	0	116	1014	10442	9544	0.0	1661
Int1_Pc_Pattern	NZ_CCFN01000111.1	100.000	899	0	0	116	1014	66	964	0.0	1661
Int1_Pc_Pattern	NZ_CCFN01000111.1	100.000	39	0	0	51	89	1	39	3.72e-09	73.1
Int1_Pc_Pattern	NZ_CBDBXJ010000084.1	100.000	899	0	0	116	1014	1	899	0.0	1661
Int1_Pc_Pattern	NZ_JBWVPX010000065.1	100.000	899	0	0	116	1014	906	8	0.0	1661
Int1_Pc_Pattern	NZ_JBWVNA010000090.1	100.000	899	0	0	116	1014	21	919	0.0	1661
Int1_Pc_Pattern	NZ_JBHGPS010000091.1	100.000	899	0	0	116	1014	906	8	0.0	1661
Int1_Pc_Pattern	NZ_JBGEOO010000070.1	100.000	899	0	0	116	1014	21	919	0.0	1661
Int1_Pc_Pattern	NZ_JASUVN010000003.1	100.000	899	0	0	116	1014	35511	36409	0.0	1661
Int1_Pc_Pattern	DBOPDB010000150.1	100.000	899	0	0	116	1014	1080	182	0.0	1661
Int1_Pc_Pattern	DBNRWG010000178.1	100.000	899	0	0	116	1014	1080	182	0.0	1661
Int1_Pc_Pattern	DBNRVL010000078.1	100.000	899	0	0	116	1014	1080	182	0.0	1661
Int1_Pc_Pattern	DBNRVJ010000230.1	100.000	899	0	0	116	1014	1080	182	0.0	1661
Int1_Pc_Pattern	JBWVPX010000065.1	100.000	899	0	0	116	1014	906	8	0.0	1661
Int1_Pc_Pattern	JBRUXE020000002.1	100.000	899	0	0	116	1014	56689	57587	0.0	1661
Int1_Pc_Pattern	JAXHHS010000109.1	100.000	899	0	0	116	1014	1104	206	0.0	1661
Int1_Pc_Pattern	JASUVN010000003.1	100.000	899	0	0	116	1014	35511	36409	0.0	1661
Int1_Pc_Pattern	DAOHPU010000056.1	100.000	899	0	0	116	1014	1080	182	0.0	1661
Int1_Pc_Pattern	DAHUVW010000281.1	100.000	899	0	0	116	1014	1080	182	0.0	1661
Int1_Pc_Pattern	JAMGKZ010000024.1	100.000	899	0	0	116	1014	1102	204	0.0	1661
Int1_Pc_Pattern	DAHJWT010000139.1	100.000	899	0	0	116	1014	4757	3859	0.0	1661
Int1_Pc_Pattern	DAHJTU010000283.1	100.000	899	0	0	116	1014	2603	1705	0.0	1661
Int1_Pc_Pattern	DAHJSI010000202.1	100.000	899	0	0	116	1014	1317	419	0.0	1661
Int1_Pc_Pattern	DAHJBV010000249.1	100.000	899	0	0	116	1014	2603	1705	0.0	1661
Int1_Pc_Pattern	DAHHSO010000155.1	100.000	899	0	0	116	1014	1080	182	0.0	1661
Int1_Pc_Pattern	DAHEGP010000100.1	100.000	899	0	0	116	1014	1080	182	0.0	1661
Int1_Pc_Pattern	JAHESL010000038.1	100.000	899	0	0	116	1014	21	919	0.0	1661
Int1_Pc_Pattern	DACZYN010000106.1	100.000	899	0	0	116	1014	1080	182	0.0	1661
Int1_Pc_Pattern	DACZYI010000150.1	100.000	899	0	0	116	1014	1080	182	0.0	1661
Int1_Pc_Pattern	DACONO010000141.1	100.000	899	0	0	116	1014	1080	182	0.0	1661
Int1_Pc_Pattern	DACOJG010000065.1	100.000	899	0	0	116	1014	5	903	0.0	1661
Int1_Pc_Pattern	NZ_MKFQ01000022.1	100.000	899	0	0	116	1014	1102	204	0.0	1661
Int1_Pc_Pattern	NZ_LGNF01000034.1	100.000	899	0	0	116	1014	7040	6142	0.0	1661
Int1_Pc_Pattern	NZ_CYAH01000061.1	100.000	899	0	0	116	1014	29	927	0.0	1661
Int1_Pc_Pattern	NZ_CYAH01000061.1	89.163	203	22	0	1	203	7542	7744	7.30e-76	294
Int1_Pc_Pattern	NZ_JWYY01000263.1	100.000	899	0	0	116	1014	1101	203	0.0	1661
Int1_Pc_Pattern	NZ_JWZH01000155.1	100.000	899	0	0	116	1014	1101	203	0.0	1661
Int1_Pc_Pattern	NZ_JUBU01000086.1	100.000	899	0	0	116	1014	1101	203	0.0	1661
Int1_Pc_Pattern	NZ_JABERZ010000153.1	100.000	899	0	0	116	1014	21	919	0.0	1661
Int1_Pc_Pattern	NZ_JAHKCY010000090.1	100.000	899	0	0	116	1014	8783	9681	0.0	1661
Int1_Pc_Pattern	NZ_JAHKCY010000090.1	90.090	222	22	0	1	222	14688	14909	2.00e-86	329
Int1_Pc_Pattern	NZ_JACSTP010000121.1	100.000	899	0	0	116	1014	3431	4329	0.0	1661
Int1_Pc_Pattern	NZ_JACSTJ010000143.1	100.000	899	0	0	116	1014	2967	3865	0.0	1661
Int1_Pc_Pattern	NZ_LNVA01000026.1	100.000	899	0	0	116	1014	4824	5722	0.0	1661
Int1_Pc_Pattern	NZ_LNUX01000036.1	100.000	899	0	0	116	1014	1277	379	0.0	1661
Int1_Pc_Pattern	NZ_CAXOHD010000074.1	100.000	898	0	0	117	1014	903	6	0.0	1659
Int1_Pc_Pattern	DBNRYE010000166.1	100.000	898	0	0	117	1014	1079	182	0.0	1659
Int1_Pc_Pattern	DBLGUE010000099.1	100.000	898	0	0	117	1014	1079	182	0.0	1659
Int1_Pc_Pattern	DAIXMV010000041.1	100.000	898	0	0	117	1014	1	898	0.0	1659
Int1_Pc_Pattern	DAFLQJ010000106.1	100.000	898	0	0	117	1014	1079	182	0.0	1659
Int1_Pc_Pattern	DAFKRY010000124.1	100.000	898	0	0	117	1014	1378	481	0.0	1659
Int1_Pc_Pattern	DADXUD010000049.1	100.000	898	0	0	117	1014	2618	1721	0.0	1659
Int1_Pc_Pattern	DACOOS010000115.1	100.000	898	0	0	117	1014	1079	182	0.0	1659
Int1_Pc_Pattern	DACOPL010000118.1	100.000	898	0	0	117	1014	1080	183	0.0	1659
Int1_Pc_Pattern	DACOKA010000267.1	100.000	898	0	0	117	1014	1079	182	0.0	1659
Int1_Pc_Pattern	NZ_CP018693.1	97.662	941	22	0	1	941	74886	73946	0.0	1657
Int1_Pc_Pattern	NZ_NOJW01000234.1	99.889	899	1	0	116	1014	1528	630	0.0	1655
Int1_Pc_Pattern	NZ_SMUB01000148.1	99.889	899	1	0	116	1014	5601	6499	0.0	1655
Int1_Pc_Pattern	NZ_QQPV01000303.1	99.889	899	1	0	116	1014	5007	4109	0.0	1655
Int1_Pc_Pattern	NZ_WOAL01000063.1	95.365	1014	47	0	1	1014	243	1256	0.0	1653
Int1_Pc_Pattern	NZ_WOAF01000067.1	95.365	1014	47	0	1	1014	7503	6490	0.0	1653
Int1_Pc_Pattern	NZ_MANO01000326.1	97.657	939	22	0	1	939	1067	129	0.0	1653
Int1_Pc_Pattern	NZ_LVON01000024.1	97.652	937	22	0	49	985	20695	21631	0.0	1650
Int1_Pc_Pattern	NZ_LVON01000024.1	100.000	89	0	0	1	89	20583	20671	5.97e-37	165
Int1_Pc_Pattern	NZ_WPIQ01000048.1	97.652	937	22	0	1	937	937	1	0.0	1650
Int1_Pc_Pattern	NZ_QFMS01000117.1	99.666	899	0	1	116	1014	1099	204	0.0	1640
Int1_Pc_Pattern	NZ_WOAF01000063.1	97.634	930	22	0	1	930	1169	2098	0.0	1637
Int1_Pc_Pattern	NZ_WOAF01000063.1	100.000	90	0	0	925	1014	2246	2157	1.66e-37	167
Int1_Pc_Pattern	DBLFEQ010000111.1	100.000	884	0	0	117	1000	884	1	0.0	1633
Int1_Pc_Pattern	DBFQZM010000086.1	100.000	884	0	0	117	1000	884	1	0.0	1633
Int1_Pc_Pattern	DAKLTU010000075.1	100.000	884	0	0	117	1000	884	1	0.0	1633
Int1_Pc_Pattern	DAHEUN010000134.1	100.000	884	0	0	117	1000	884	1	0.0	1633
Int1_Pc_Pattern	DAHEDT010000127.1	100.000	884	0	0	117	1000	884	1	0.0	1633
Int1_Pc_Pattern	DAFLFR010000110.1	100.000	884	0	0	117	1000	884	1	0.0	1633
Int1_Pc_Pattern	DACZWO010000130.1	100.000	884	0	0	117	1000	884	1	0.0	1633
Int1_Pc_Pattern	DACOOT010000098.1	100.000	884	0	0	117	1000	884	1	0.0	1633
Int1_Pc_Pattern	DACOOU010000119.1	100.000	884	0	0	117	1000	884	1	0.0	1633
Int1_Pc_Pattern	DACOPZ010000165.1	100.000	884	0	0	117	1000	884	1	0.0	1633
Int1_Pc_Pattern	NZ_NIPF01000010.1	97.627	927	22	0	1	927	462727	463653	0.0	1631
Int1_Pc_Pattern	NZ_NIPF01000010.1	100.000	90	0	0	925	1014	464007	464096	1.66e-37	167
Int1_Pc_Pattern	NZ_NEFU01000080.1	97.622	925	22	0	1	925	1095	171	0.0	1628
Int1_Pc_Pattern	NZ_LXFJ01000065.1	97.622	925	22	0	1	925	1095	171	0.0	1628
Int1_Pc_Pattern	NZ_QOIG01000354.1	100.000	878	0	0	116	993	21	898	0.0	1622
Int1_Pc_Pattern	DBNRSA010000099.1	100.000	878	0	0	137	1014	2582	1705	0.0	1622
Int1_Pc_Pattern	DBKNGZ010000058.1	100.000	878	0	0	137	1014	1	878	0.0	1622
Int1_Pc_Pattern	DBGNXV010000124.1	100.000	878	0	0	137	1014	1059	182	0.0	1622
Int1_Pc_Pattern	DAOXCU010000085.1	100.000	878	0	0	137	1014	1059	182	0.0	1622
Int1_Pc_Pattern	NZ_NFYH01000077.1	97.609	920	22	0	1	920	1152	2071	0.0	1618
Int1_Pc_Pattern	NZ_NFYM01000064.1	97.609	920	22	0	1	920	997	78	0.0	1618
Int1_Pc_Pattern	DANUCW010000102.1	100.000	871	0	0	117	987	871	1	0.0	1609
Int1_Pc_Pattern	DANUCV010000096.1	100.000	871	0	0	117	987	871	1	0.0	1609
Int1_Pc_Pattern	NZ_RXWO01000161.1	97.192	926	26	0	1	926	4872	5797	0.0	1607
Int1_Pc_Pattern	NZ_VMNV01000091.1	100.000	861	0	0	154	1014	1063	203	0.0	1591
Int1_Pc_Pattern	NZ_QFVU01000090.1	100.000	861	0	0	154	1014	1063	203	0.0	1591
Int1_Pc_Pattern	NZ_QFTH01000091.1	100.000	861	0	0	154	1014	1063	203	0.0	1591
Int1_Pc_Pattern	NZ_QFTF01000092.1	100.000	861	0	0	154	1014	1063	203	0.0	1591
Int1_Pc_Pattern	NZ_CP061390.1	97.569	905	22	0	1	905	150938	150034	0.0	1591
Int1_Pc_Pattern	NZ_CP061390.1	100.000	117	0	0	898	1014	144566	144450	1.62e-52	217
Int1_Pc_Pattern	NZ_JAAASZ010000006.1	97.569	905	22	0	1	905	905	1	0.0	1591
Int1_Pc_Pattern	NZ_NCNO01000024.1	97.569	905	22	0	1	905	75653	74749	0.0	1591
Int1_Pc_Pattern	NZ_NCNO01000024.1	100.000	117	0	0	898	1014	69281	69165	1.62e-52	217
Int1_Pc_Pattern	NZ_NCNK01000060.1	97.569	905	22	0	1	905	75652	74748	0.0	1591
Int1_Pc_Pattern	NZ_NCNK01000060.1	100.000	117	0	0	898	1014	69280	69164	1.62e-52	217
Int1_Pc_Pattern	NZ_NCMO01000051.1	97.569	905	22	0	1	905	136	1040	0.0	1591
Int1_Pc_Pattern	NZ_NCMM01000075.1	97.569	905	22	0	1	905	118	1022	0.0	1591
Int1_Pc_Pattern	NZ_NIZL01000006.1	97.569	905	22	0	1	905	905	1	0.0	1591
Int1_Pc_Pattern	NZ_JBZGFR010000003.1	97.569	905	22	0	1	905	43630	42726	0.0	1591
Int1_Pc_Pattern	NZ_JBZGFR010000003.1	100.000	117	0	0	898	1014	41759	41875	1.62e-52	217
Int1_Pc_Pattern	NZ_CP129956.1	97.569	905	22	0	1	905	181751	180847	0.0	1591
Int1_Pc_Pattern	NZ_CP129956.1	100.000	117	0	0	898	1014	175379	175263	1.62e-52	217
Int1_Pc_Pattern	DAPKKP010000076.1	97.569	905	22	0	1	905	8615	7711	0.0	1591
Int1_Pc_Pattern	DAPKKP010000076.1	100.000	117	0	0	898	1014	2243	2127	1.62e-52	217
Int1_Pc_Pattern	DAPKKP010000051.1	97.569	905	22	0	1	905	2585	3489	0.0	1591
Int1_Pc_Pattern	DAPKKP010000051.1	100.000	117	0	0	898	1014	8957	9073	1.62e-52	217
Int1_Pc_Pattern	DAJECX010000073.1	97.569	905	22	0	1	905	9861	8957	0.0	1591
Int1_Pc_Pattern	DAJECX010000073.1	100.000	117	0	0	898	1014	3489	3373	1.62e-52	217
Int1_Pc_Pattern	DAJECX010000043.1	97.569	905	22	0	1	905	6079	6983	0.0	1591
Int1_Pc_Pattern	DAJECX010000043.1	100.000	117	0	0	898	1014	12451	12567	1.62e-52	217
Int1_Pc_Pattern	NZ_JCAIXB010000003.1	97.459	905	23	0	1	905	95185	96089	0.0	1585
Int1_Pc_Pattern	NZ_JCAIXB010000003.1	100.000	117	0	0	898	1014	101557	101673	1.62e-52	217
Int1_Pc_Pattern	NZ_JBUXNC010000078.1	100.000	855	0	0	116	970	855	1	0.0	1580
Int1_Pc_Pattern	NZ_JAHETQ010000092.1	100.000	855	0	0	116	970	855	1	0.0	1580
Int1_Pc_Pattern	JAHETZ010000093.1	100.000	855	0	0	116	970	1	855	0.0	1580
Int1_Pc_Pattern	NZ_JACSVO010000063.1	100.000	849	0	0	116	964	21	869	0.0	1568
Int1_Pc_Pattern	JBHGSI010000045.1	100.000	844	0	0	116	959	21	864	0.0	1559
Int1_Pc_Pattern	NZ_WMJH01000105.1	97.517	886	22	0	1	886	886	1	0.0	1555
Int1_Pc_Pattern	CBFFNV010000070.1	100.000	830	0	0	185	1014	1	830	0.0	1533
Int1_Pc_Pattern	NZ_JAAQSI010000049.1	97.468	869	22	0	1	869	869	1	0.0	1524
Int1_Pc_Pattern	NZ_JAAQSV010000086.1	97.468	869	22	0	1	869	140	1008	0.0	1524
Int1_Pc_Pattern	NZ_JAAQST010000073.1	97.468	869	22	0	1	869	869	1	0.0	1524
Int1_Pc_Pattern	NZ_JAAQSN010000082.1	97.468	869	22	0	1	869	140	1008	0.0	1524
Int1_Pc_Pattern	NZ_JAAQTA010000075.1	97.468	869	22	0	1	869	869	1	0.0	1524
Int1_Pc_Pattern	NZ_JAAKYO010000039.1	97.468	869	22	0	1	869	8933	9801	0.0	1524
Int1_Pc_Pattern	NZ_VSLC01000056.1	97.468	869	22	0	1	869	4692	5560	0.0	1524
Int1_Pc_Pattern	NZ_SSDA01000196.1	97.468	869	22	0	1	869	869	1	0.0	1524
Int1_Pc_Pattern	NZ_CP024836.1	97.468	869	22	0	1	869	42865	41997	0.0	1524
Int1_Pc_Pattern	NZ_CP024836.1	100.000	32	0	0	270	301	54550	54519	2.90e-05	60.2
Int1_Pc_Pattern	NZ_CP024840.1	97.468	869	22	0	1	869	63564	62696	0.0	1524
Int1_Pc_Pattern	NZ_CP024840.1	100.000	32	0	0	270	301	75249	75218	2.90e-05	60.2
Int1_Pc_Pattern	NZ_CP015503.1	97.468	869	22	0	1	869	61540	62408	0.0	1524
Int1_Pc_Pattern	NZ_LN824138.1	97.468	869	22	0	1	869	4289	3421	0.0	1524
Int1_Pc_Pattern	NZ_LNIN01000176.1	100.000	825	0	0	190	1014	1028	204	0.0	1524
Int1_Pc_Pattern	NZ_CXZT01000073.1	100.000	825	0	0	190	1014	1	825	0.0	1524
Int1_Pc_Pattern	NZ_NQCB01000150.1	97.463	867	22	0	1	867	4888	5754	0.0	1520
Int1_Pc_Pattern	NZ_NDBK01000012.1	100.000	822	0	0	193	1014	1	822	0.0	1519
Int1_Pc_Pattern	NZ_MPBT01000191.1	97.451	863	22	0	1	863	7961	8823	0.0	1513
Int1_Pc_Pattern	NZ_LLUY01000089.1	100.000	811	0	0	204	1014	1985	2795	0.0	1498
Int1_Pc_Pattern	NZ_LLUY01000089.1	100.000	89	0	0	1	89	1889	1977	5.97e-37	165
Int1_Pc_Pattern	NZ_NDES01000007.1	97.427	855	22	0	1	855	932	78	0.0	1498
Int1_Pc_Pattern	NZ_CCHR01000070.1	100.000	811	0	0	204	1014	20019	19209	0.0	1498
Int1_Pc_Pattern	NZ_MDFT01000020.1	97.319	858	23	0	1	858	4979	5836	0.0	1498
Int1_Pc_Pattern	NZ_LVSM01000124.1	100.000	811	0	0	204	1014	20993	20183	0.0	1498
Int1_Pc_Pattern	DBHYLA010000080.1	97.406	848	22	0	1	848	2147	2994	0.0	1485
Int1_Pc_Pattern	NZ_QZZH01000185.1	100.000	790	0	0	225	1014	23454	22665	0.0	1459
Int1_Pc_Pattern	NZ_SCXH01000079.1	100.000	785	0	0	116	900	4915	4131	0.0	1450
Int1_Pc_Pattern	NZ_CP018351.1	97.232	831	23	0	1	831	29889	29059	0.0	1448
Int1_Pc_Pattern	NZ_CAXSDN010000061.1	100.000	782	0	0	116	897	782	1	0.0	1445
Int1_Pc_Pattern	CAXSDN010000061.1	100.000	782	0	0	116	897	782	1	0.0	1445
Int1_Pc_Pattern	JAWDFC010000055.1	97.226	829	23	0	1	829	1710	882	0.0	1445
Int1_Pc_Pattern	NZ_LJXZ01000037.1	99.746	788	2	0	116	903	3443	2656	0.0	1445
Int1_Pc_Pattern	NZ_LJXZ01000037.1	96.429	56	1	1	959	1014	2670	2616	1.03e-14	91.6
Int1_Pc_Pattern	NZ_LJEY02000091.1	100.000	777	0	0	238	1014	1	777	0.0	1435
Int1_Pc_Pattern	NZ_SHTX01000079.1	97.317	820	22	0	1	820	68	887	0.0	1434
Int1_Pc_Pattern	NZ_NENZ01000024.1	97.304	816	22	0	1	816	26514	27329	0.0	1426
Int1_Pc_Pattern	NZ_MPAF01000117.1	97.304	816	22	0	1	816	925	110	0.0	1426
Int1_Pc_Pattern	NZ_QBEF01000051.1	100.000	771	0	0	244	1014	1	771	0.0	1424
Int1_Pc_Pattern	DALQLM010000088.1	97.274	807	22	0	1	807	1357	2163	0.0	1410
Int1_Pc_Pattern	DALQKP010000070.1	97.267	805	22	0	1	805	6438	7242	0.0	1406
Int1_Pc_Pattern	NZ_LXNA01000085.1	97.260	803	22	0	1	803	803	1	0.0	1402
Int1_Pc_Pattern	NZ_LXMG01000125.1	97.260	803	22	0	1	803	803	1	0.0	1402
Int1_Pc_Pattern	NZ_LXMV01000087.1	97.260	803	22	0	1	803	803	1	0.0	1402
Int1_Pc_Pattern	NZ_LLMF01000117.1	97.257	802	22	0	1	802	1258	457	0.0	1400
Int1_Pc_Pattern	NZ_LLMF01000117.1	100.000	116	0	0	899	1014	456	341	5.84e-52	215
Int1_Pc_Pattern	NZ_NQWF01000070.1	97.250	800	22	0	1	800	800	1	0.0	1397
Int1_Pc_Pattern	NZ_LLRR01000049.1	97.250	800	22	0	1	800	800	1	0.0	1397
Int1_Pc_Pattern	NZ_VKOE01000041.1	97.247	799	22	0	1	799	4590	5388	0.0	1395
Int1_Pc_Pattern	NZ_VKOE01000041.1	100.000	218	0	0	797	1014	5824	6041	1.16e-108	403
Int1_Pc_Pattern	NZ_SEMF01000056.1	97.247	799	22	0	1	799	7618	8416	0.0	1395
Int1_Pc_Pattern	NZ_SEMF01000056.1	100.000	218	0	0	797	1014	8852	9069	1.16e-108	403
Int1_Pc_Pattern	NZ_SEME01000085.1	97.247	799	22	0	1	799	5077	5875	0.0	1395
Int1_Pc_Pattern	NZ_SEME01000085.1	100.000	218	0	0	797	1014	6311	6528	1.16e-108	403
Int1_Pc_Pattern	NZ_NSNY01000028.1	97.247	799	22	0	1	799	8646	7848	0.0	1395
Int1_Pc_Pattern	NZ_NSNY01000028.1	100.000	218	0	0	797	1014	7412	7195	1.16e-108	403
Int1_Pc_Pattern	NZ_NSNW01000031.1	97.247	799	22	0	1	799	8646	7848	0.0	1395
Int1_Pc_Pattern	NZ_NSNW01000031.1	100.000	218	0	0	797	1014	7412	7195	1.16e-108	403
Int1_Pc_Pattern	NZ_NSOA01000033.1	97.247	799	22	0	1	799	8646	7848	0.0	1395
Int1_Pc_Pattern	NZ_NSOA01000033.1	100.000	218	0	0	797	1014	7412	7195	1.16e-108	403
Int1_Pc_Pattern	NZ_NSNZ01000030.1	97.247	799	22	0	1	799	8646	7848	0.0	1395
Int1_Pc_Pattern	NZ_NSNZ01000030.1	100.000	218	0	0	797	1014	7412	7195	1.16e-108	403
Int1_Pc_Pattern	NZ_NSNX01000028.1	97.247	799	22	0	1	799	8646	7848	0.0	1395
Int1_Pc_Pattern	NZ_NSNX01000028.1	100.000	218	0	0	797	1014	7412	7195	1.16e-108	403
Int1_Pc_Pattern	NZ_QJPE01000248.1	97.247	799	22	0	1	799	4377	5175	0.0	1395
Int1_Pc_Pattern	NZ_QJPE01000248.1	100.000	218	0	0	797	1014	5611	5828	1.16e-108	403
Int1_Pc_Pattern	NZ_QJPD01000141.1	97.247	799	22	0	1	799	4377	5175	0.0	1395
Int1_Pc_Pattern	NZ_QJPD01000141.1	100.000	218	0	0	797	1014	5611	5828	1.16e-108	403
Int1_Pc_Pattern	NZ_QJPA01000274.1	97.247	799	22	0	1	799	8078	8876	0.0	1395
Int1_Pc_Pattern	NZ_QJPA01000274.1	100.000	218	0	0	797	1014	9312	9529	1.16e-108	403
Int1_Pc_Pattern	NZ_QJOX01000245.1	97.247	799	22	0	1	799	1196	1994	0.0	1395
Int1_Pc_Pattern	NZ_QJOX01000245.1	100.000	218	0	0	797	1014	2430	2647	1.16e-108	403
Int1_Pc_Pattern	NZ_CP014999.1	97.247	799	22	0	1	799	2702662	2701864	0.0	1395
Int1_Pc_Pattern	NZ_CP014999.1	100.000	218	0	0	797	1014	2701428	2701211	1.16e-108	403
Int1_Pc_Pattern	NZ_LVWC01000001.1	97.247	799	22	0	1	799	6176390	6175592	0.0	1395
Int1_Pc_Pattern	NZ_LVWC01000001.1	100.000	218	0	0	797	1014	6175156	6174939	1.16e-108	403
Int1_Pc_Pattern	NZ_CP015003.1	97.247	799	22	0	1	799	2838907	2838109	0.0	1395
Int1_Pc_Pattern	NZ_CP015003.1	100.000	218	0	0	797	1014	2837673	2837456	1.16e-108	403
Int1_Pc_Pattern	NZ_CP021380.2	97.247	799	22	0	1	799	2671542	2670744	0.0	1395
Int1_Pc_Pattern	NZ_CP021380.2	100.000	218	0	0	797	1014	2670308	2670091	1.16e-108	403
Int1_Pc_Pattern	NZ_CP037964.1	97.247	799	22	0	1	799	111086	111884	0.0	1395
Int1_Pc_Pattern	NZ_JAOPDE010000038.1	97.247	799	22	0	1	799	50948	50150	0.0	1395
Int1_Pc_Pattern	NZ_JAOPDE010000038.1	100.000	218	0	0	797	1014	49698	49481	1.16e-108	403
Int1_Pc_Pattern	NZ_LNUZ01000050.1	97.247	799	22	0	1	799	158	956	0.0	1395
Int1_Pc_Pattern	NZ_LNUZ01000050.1	100.000	58	0	0	957	1014	956	1013	1.02e-19	108
Int1_Pc_Pattern	NZ_JACCIP010000005.1	97.243	798	22	0	1	798	313893	313096	0.0	1393
Int1_Pc_Pattern	NZ_JACCIS010000008.1	97.243	798	22	0	1	798	358124	357327	0.0	1393
Int1_Pc_Pattern	NZ_VCOT01000004.1	97.243	798	22	0	1	798	925	128	0.0	1393
Int1_Pc_Pattern	NZ_VCOV01000004.1	97.243	798	22	0	1	798	925	128	0.0	1393
Int1_Pc_Pattern	NZ_RWUE01000020.1	97.243	798	22	0	1	798	58112	58909	0.0	1393
Int1_Pc_Pattern	NZ_RWOL01000005.1	97.243	798	22	0	1	798	334729	333932	0.0	1393
Int1_Pc_Pattern	NZ_RWOM01000005.1	97.243	798	22	0	1	798	334729	333932	0.0	1393
Int1_Pc_Pattern	NZ_RWON01000005.1	97.243	798	22	0	1	798	52260	53057	0.0	1393
Int1_Pc_Pattern	NZ_CP012582.1	97.243	798	22	0	1	798	4443747	4444544	0.0	1393
Int1_Pc_Pattern	NZ_CP012579.1	97.243	798	22	0	1	798	4447633	4448430	0.0	1393
Int1_Pc_Pattern	NZ_CP012579.1	97.243	798	22	0	1	798	4702155	4701358	0.0	1393
Int1_Pc_Pattern	NZ_CP012583.1	97.243	798	22	0	1	798	4447621	4448418	0.0	1393
Int1_Pc_Pattern	NZ_CP012583.1	97.243	798	22	0	1	798	4702143	4701346	0.0	1393
Int1_Pc_Pattern	NZ_CP012580.1	97.243	798	22	0	1	798	1238494	1237697	0.0	1393
Int1_Pc_Pattern	NZ_CP012578.1	97.243	798	22	0	1	798	4447634	4448431	0.0	1393
Int1_Pc_Pattern	NZ_JAAIWQ010000046.1	97.243	798	22	0	1	798	925	128	0.0	1393
Int1_Pc_Pattern	NZ_JAAATG010000016.1	97.243	798	22	0	1	798	798	1	0.0	1393
Int1_Pc_Pattern	NZ_WWPR01000074.1	97.243	798	22	0	1	798	798	1	0.0	1393
Int1_Pc_Pattern	NZ_VSJP01000208.1	97.243	798	22	0	1	798	1069	1866	0.0	1393
Int1_Pc_Pattern	NZ_VXJG01000002.1	97.243	798	22	0	1	798	176616	175819	0.0	1393
Int1_Pc_Pattern	NZ_VUCV01000074.1	97.243	798	22	0	1	798	798	1	0.0	1393
Int1_Pc_Pattern	NZ_CP026145.1	97.243	798	22	0	1	798	4990965	4991762	0.0	1393
Int1_Pc_Pattern	NZ_CP026145.1	97.194	784	22	0	1	784	3112663	3113446	0.0	1367
Int1_Pc_Pattern	NZ_CP026136.1	97.243	798	22	0	1	798	5015738	5016535	0.0	1393
Int1_Pc_Pattern	NZ_CP026136.1	97.194	784	22	0	1	784	3127507	3128290	0.0	1367
Int1_Pc_Pattern	NZ_RZUV01000139.1	97.243	798	22	0	1	798	816	19	0.0	1393
Int1_Pc_Pattern	NZ_RZVB01000091.1	97.243	798	22	0	1	798	4313	5110	0.0	1393
Int1_Pc_Pattern	NZ_RDWQ01000175.1	97.243	798	22	0	1	798	798	1	0.0	1393
Int1_Pc_Pattern	NZ_RCGE01000059.1	97.243	798	22	0	1	798	798	1	0.0	1393
Int1_Pc_Pattern	NZ_CP032207.1	97.243	798	22	0	1	798	4174496	4173699	0.0	1393
Int1_Pc_Pattern	NZ_QUWO01000155.1	97.243	798	22	0	1	798	860	63	0.0	1393
Int1_Pc_Pattern	NZ_QOIH01000384.1	97.243	798	22	0	1	798	140	937	0.0	1393
Int1_Pc_Pattern	NZ_QJMP01000092.1	97.243	798	22	0	1	798	140	937	0.0	1393
Int1_Pc_Pattern	NZ_NELJ01000135.1	97.243	798	22	0	1	798	798	1	0.0	1393
Int1_Pc_Pattern	NZ_NELB01000108.1	97.243	798	22	0	1	798	798	1	0.0	1393
Int1_Pc_Pattern	NZ_NELA01000104.1	97.243	798	22	0	1	798	798	1	0.0	1393
Int1_Pc_Pattern	NZ_NELF01000126.1	97.243	798	22	0	1	798	798	1	0.0	1393
Int1_Pc_Pattern	NZ_NEKX01000126.1	97.243	798	22	0	1	798	798	1	0.0	1393
Int1_Pc_Pattern	NZ_NEKT01000116.1	97.243	798	22	0	1	798	798	1	0.0	1393
Int1_Pc_Pattern	NZ_NELK01000123.1	97.243	798	22	0	1	798	798	1	0.0	1393
Int1_Pc_Pattern	NZ_NELI01000124.1	97.243	798	22	0	1	798	798	1	0.0	1393
Int1_Pc_Pattern	NZ_NELH01000103.1	97.243	798	22	0	1	798	798	1	0.0	1393
Int1_Pc_Pattern	NZ_NELG01000098.1	97.243	798	22	0	1	798	798	1	0.0	1393
Int1_Pc_Pattern	NZ_NELD01000100.1	97.243	798	22	0	1	798	798	1	0.0	1393
Int1_Pc_Pattern	NZ_NEKU01000127.1	97.243	798	22	0	1	798	798	1	0.0	1393
Int1_Pc_Pattern	NZ_QKNM01000001.1	97.243	798	22	0	1	798	3061164	3061961	0.0	1393
Int1_Pc_Pattern	NZ_BGMA01000076.1	97.243	798	22	0	1	798	141	938	0.0	1393
Int1_Pc_Pattern	NZ_PWAQ01000079.1	97.243	798	22	0	1	798	798	1	0.0	1393
Int1_Pc_Pattern	NZ_PHRK01000064.1	97.243	798	22	0	1	798	910	1707	0.0	1393
Int1_Pc_Pattern	NZ_PHRJ01000061.1	97.243	798	22	0	1	798	910	1707	0.0	1393
Int1_Pc_Pattern	NZ_PQJQ01000106.1	97.243	798	22	0	1	798	354	1151	0.0	1393
Int1_Pc_Pattern	NZ_PQKI01000086.1	97.243	798	22	0	1	798	798	1	0.0	1393
Int1_Pc_Pattern	NZ_CP024570.1	97.243	798	22	0	1	798	1671320	1670523	0.0	1393
Int1_Pc_Pattern	NZ_CP024549.1	97.243	798	22	0	1	798	3049652	3050449	0.0	1393
Int1_Pc_Pattern	NZ_CP024535.1	97.243	798	22	0	1	798	3015803	3016600	0.0	1393
Int1_Pc_Pattern	NZ_CP024528.1	97.243	798	22	0	1	798	3048532	3049329	0.0	1393
Int1_Pc_Pattern	NZ_CP024563.1	97.243	798	22	0	1	798	1671320	1670523	0.0	1393
Int1_Pc_Pattern	NZ_CP024191.1	97.243	798	22	0	1	798	3048422	3049219	0.0	1393
Int1_Pc_Pattern	NZ_NIAK01000250.1	97.243	798	22	0	1	798	798	1	0.0	1393
Int1_Pc_Pattern	NZ_NIAQ01000181.1	97.243	798	22	0	1	798	40	837	0.0	1393
Int1_Pc_Pattern	NZ_NLEQ01000047.1	97.243	798	22	0	1	798	4421	5218	0.0	1393
Int1_Pc_Pattern	NZ_NGYF01000092.1	97.243	798	22	0	1	798	3491	4288	0.0	1393
Int1_Pc_Pattern	NZ_NGYQ01000096.1	97.243	798	22	0	1	798	798	1	0.0	1393
Int1_Pc_Pattern	NZ_NGYK01000071.1	97.243	798	22	0	1	798	798	1	0.0	1393
Int1_Pc_Pattern	NZ_NGWN01000049.1	97.243	798	22	0	1	798	3491	4288	0.0	1393
Int1_Pc_Pattern	NZ_NGYY01000044.1	97.243	798	22	0	1	798	798	1	0.0	1393
Int1_Pc_Pattern	NZ_NGXS01000015.1	97.243	798	22	0	1	798	798	1	0.0	1393
Int1_Pc_Pattern	NZ_NGYP01000052.1	97.243	798	22	0	1	798	3491	4288	0.0	1393
Int1_Pc_Pattern	NZ_NGYN01000073.1	97.243	798	22	0	1	798	798	1	0.0	1393
Int1_Pc_Pattern	NZ_NGXW01000060.1	97.243	798	22	0	1	798	3491	4288	0.0	1393
Int1_Pc_Pattern	NZ_NGYL01000118.1	97.243	798	22	0	1	798	3491	4288	0.0	1393
Int1_Pc_Pattern	NZ_NGWJ01000053.1	97.243	798	22	0	1	798	3491	4288	0.0	1393
Int1_Pc_Pattern	NZ_NIZJ01000170.1	97.243	798	22	0	1	798	798	1	0.0	1393
Int1_Pc_Pattern	NZ_CP021956.1	97.243	798	22	0	1	798	111642	110845	0.0	1393
Int1_Pc_Pattern	NZ_NDET01000018.1	97.243	798	22	0	1	798	798	1	0.0	1393
Int1_Pc_Pattern	NZ_NDEQ01000009.1	97.243	798	22	0	1	798	118	915	0.0	1393
Int1_Pc_Pattern	NZ_NDCV01000136.1	97.243	798	22	0	1	798	798	1	0.0	1393
Int1_Pc_Pattern	NZ_NDCM01000015.1	97.243	798	22	0	1	798	798	1	0.0	1393
Int1_Pc_Pattern	NZ_NDBJ01000057.1	97.243	798	22	0	1	798	798	1	0.0	1393
Int1_Pc_Pattern	NZ_NDEC01000062.1	97.243	798	22	0	1	798	798	1	0.0	1393
Int1_Pc_Pattern	NZ_NDDP01000084.1	97.243	798	22	0	1	798	798	1	0.0	1393
Int1_Pc_Pattern	NZ_NDDC01000105.1	97.243	798	22	0	1	798	798	1	0.0	1393
Int1_Pc_Pattern	NZ_NDDB01000031.1	97.243	798	22	0	1	798	798	1	0.0	1393
Int1_Pc_Pattern	NZ_NDCS01000004.1	97.243	798	22	0	1	798	798	1	0.0	1393
Int1_Pc_Pattern	NZ_NDCF01000050.1	97.243	798	22	0	1	798	798	1	0.0	1393
Int1_Pc_Pattern	NZ_NDBM01000052.1	97.243	798	22	0	1	798	798	1	0.0	1393
Int1_Pc_Pattern	NZ_CP021539.1	97.243	798	22	0	1	798	2747671	2746874	0.0	1393
Int1_Pc_Pattern	NZ_NDIR01000012.1	97.243	798	22	0	1	798	798	1	0.0	1393
Int1_Pc_Pattern	NZ_CP020841.1	97.243	798	22	0	1	798	5432417	5431620	0.0	1393
Int1_Pc_Pattern	NZ_MSSG01000304.1	97.243	798	22	0	1	798	798	1	0.0	1393
Int1_Pc_Pattern	NZ_MSZH01000149.1	97.243	798	22	0	1	798	798	1	0.0	1393
Int1_Pc_Pattern	NZ_CP014294.1	97.243	798	22	0	1	798	3067464	3068261	0.0	1393
Int1_Pc_Pattern	NZ_CP017987.1	97.243	798	22	0	1	798	54049	53252	0.0	1393
Int1_Pc_Pattern	NZ_CP018698.1	97.243	798	22	0	1	798	43601	44398	0.0	1393
Int1_Pc_Pattern	NZ_CP018722.1	97.243	798	22	0	1	798	9009	9806	0.0	1393
Int1_Pc_Pattern	NZ_CP018716.1	97.243	798	22	0	1	798	44478	43681	0.0	1393
Int1_Pc_Pattern	NZ_CP018710.1	97.243	798	22	0	1	798	21916	21119	0.0	1393
Int1_Pc_Pattern	NZ_CP018689.1	97.243	798	22	0	1	798	59011	59808	0.0	1393
Int1_Pc_Pattern	NZ_MPYA04000087.1	97.243	798	22	0	1	798	798	1	0.0	1393
Int1_Pc_Pattern	NZ_MPYK04000041.1	100.000	754	0	0	116	869	754	1	0.0	1393
Int1_Pc_Pattern	NZ_CP018318.1	97.243	798	22	0	1	798	84501	85298	0.0	1393
Int1_Pc_Pattern	NZ_MAGG01000035.1	97.243	798	22	0	1	798	925	128	0.0	1393
Int1_Pc_Pattern	NZ_MCNO01000090.1	97.243	798	22	0	1	798	8492	9289	0.0	1393
Int1_Pc_Pattern	NZ_CP052763.1	97.243	798	22	0	1	798	5406	4609	0.0	1393
Int1_Pc_Pattern	NZ_CP052763.1	100.000	224	0	0	791	1014	3788	3565	5.37e-112	414
Int1_Pc_Pattern	NZ_JUBE01000079.1	97.243	798	22	0	1	798	896	99	0.0	1393
Int1_Pc_Pattern	NZ_CP014647.1	97.243	798	22	0	1	798	2267881	2267084	0.0	1393
Int1_Pc_Pattern	NZ_CDFV01000061.1	97.243	798	22	0	1	798	4537	5334	0.0	1393
Int1_Pc_Pattern	NZ_CDGD01000251.1	97.243	798	22	0	1	798	1029	232	0.0	1393
Int1_Pc_Pattern	NZ_CDGB01000148.1	97.243	798	22	0	1	798	1029	232	0.0	1393
Int1_Pc_Pattern	NZ_CCJD01000117.1	97.243	798	22	0	1	798	1367	2164	0.0	1393
Int1_Pc_Pattern	NZ_CCGF01000014.1	97.243	798	22	0	1	798	341887	342684	0.0	1393
Int1_Pc_Pattern	NZ_JWRL01000008.1	97.243	798	22	0	1	798	26775	25978	0.0	1393
Int1_Pc_Pattern	NZ_JWRM01000003.1	97.243	798	22	0	1	798	1000962	1001759	0.0	1393
Int1_Pc_Pattern	NZ_OW849103.1	97.243	798	22	0	1	798	38221	39018	0.0	1393
Int1_Pc_Pattern	NZ_JBZGIQ010000002.1	97.243	798	22	0	1	798	133482	132685	0.0	1393
Int1_Pc_Pattern	NZ_JBZGIQ010000002.1	95.056	445	22	0	1	445	102686	102242	0.0	741
Int1_Pc_Pattern	NZ_JBUCZE010000071.1	97.243	798	22	0	1	798	118	915	0.0	1393
Int1_Pc_Pattern	NZ_JBCGRS010000071.1	97.243	798	22	0	1	798	140	937	0.0	1393
Int1_Pc_Pattern	NZ_JBHGTP010000105.1	100.000	754	0	0	116	869	1	754	0.0	1393
Int1_Pc_Pattern	NZ_JASUVN010000002.1	97.243	798	22	0	1	798	118096	117299	0.0	1393
Int1_Pc_Pattern	NZ_JASUVN010000002.1	100.000	247	0	0	659	905	2936	3182	8.79e-125	457
Int1_Pc_Pattern	NZ_JASUVN010000002.1	100.000	29	0	0	1	29	2907	2935	0.001	54.7
Int1_Pc_Pattern	NZ_JAMHKA010000002.1	97.243	798	22	0	1	798	40064	39267	0.0	1393
Int1_Pc_Pattern	NZ_JAKMNO010000068.1	97.243	798	22	0	1	798	798	1	0.0	1393
Int1_Pc_Pattern	CP175730.1	97.243	798	22	0	1	798	10734	11531	0.0	1393
Int1_Pc_Pattern	JBCGRS010000071.1	97.243	798	22	0	1	798	140	937	0.0	1393
Int1_Pc_Pattern	JBHGTP010000105.1	100.000	754	0	0	116	869	1	754	0.0	1393
Int1_Pc_Pattern	JASUVN010000002.1	97.243	798	22	0	1	798	118096	117299	0.0	1393
Int1_Pc_Pattern	JASUVN010000002.1	100.000	247	0	0	659	905	2936	3182	8.79e-125	457
Int1_Pc_Pattern	JASUVN010000002.1	100.000	29	0	0	1	29	2907	2935	0.001	54.7
Int1_Pc_Pattern	JAKMLX010000056.1	97.243	798	22	0	1	798	798	1	0.0	1393
Int1_Pc_Pattern	JAKMNO010000068.1	97.243	798	22	0	1	798	798	1	0.0	1393
Int1_Pc_Pattern	BQGH01000081.1	97.243	798	22	0	1	798	798	1	0.0	1393
Int1_Pc_Pattern	DACOKP010000072.1	97.243	798	22	0	1	798	836	39	0.0	1393
Int1_Pc_Pattern	NZ_MJGD01000073.1	97.243	798	22	0	1	798	925	128	0.0	1393
Int1_Pc_Pattern	NZ_MJDK01000065.1	97.243	798	22	0	1	798	968	171	0.0	1393
Int1_Pc_Pattern	NZ_CP021847.1	97.243	798	22	0	1	798	12952	12155	0.0	1393
Int1_Pc_Pattern	NZ_CP021733.1	97.243	798	22	0	1	798	63771	64568	0.0	1393
Int1_Pc_Pattern	NZ_CP019944.1	97.243	798	22	0	1	798	5189604	5190401	0.0	1393
Int1_Pc_Pattern	NZ_LSEH01000087.1	97.243	798	22	0	1	798	854	57	0.0	1393
Int1_Pc_Pattern	NZ_LSEN01000088.1	97.243	798	22	0	1	798	861	64	0.0	1393
Int1_Pc_Pattern	NZ_CP013832.1	97.243	798	22	0	1	798	16296	17093	0.0	1393
Int1_Pc_Pattern	NZ_LFQP01000094.1	97.243	798	22	0	1	798	1980	2777	0.0	1393
Int1_Pc_Pattern	NZ_JWKK01000132.1	97.243	798	22	0	1	798	144	941	0.0	1393
Int1_Pc_Pattern	NZ_JUJY01000157.1	97.243	798	22	0	1	798	798	1	0.0	1393
Int1_Pc_Pattern	NZ_JAJMQI010000050.1	97.243	798	22	0	1	798	875	78	0.0	1393
Int1_Pc_Pattern	NZ_JAJMQH010000050.1	97.243	798	22	0	1	798	14698	15495	0.0	1393
Int1_Pc_Pattern	NZ_JAJMQD010000049.1	97.243	798	22	0	1	798	14698	15495	0.0	1393
Int1_Pc_Pattern	NZ_JAJMPY010000045.1	97.243	798	22	0	1	798	16713	17510	0.0	1393
Int1_Pc_Pattern	NZ_JABCNM010000048.1	97.243	798	22	0	1	798	925	128	0.0	1393
Int1_Pc_Pattern	NZ_JABESS010000002.1	97.243	798	22	0	1	798	15081	15878	0.0	1393
Int1_Pc_Pattern	NZ_JAESHS010000117.1	97.243	798	22	0	1	798	925	128	0.0	1393
Int1_Pc_Pattern	NZ_JAESHQ010000079.1	97.243	798	22	0	1	798	925	128	0.0	1393
Int1_Pc_Pattern	NZ_JAESHF010000073.1	97.243	798	22	0	1	798	16761	17558	0.0	1393
Int1_Pc_Pattern	NZ_JAHKCW010000082.1	97.243	798	22	0	1	798	925	128	0.0	1393
Int1_Pc_Pattern	NZ_JAHKDR010000183.1	97.243	798	22	0	1	798	925	128	0.0	1393
Int1_Pc_Pattern	NZ_JAHKCT010000231.1	97.243	798	22	0	1	798	798	1	0.0	1393
Int1_Pc_Pattern	NZ_JAHKDV010000073.1	97.243	798	22	0	1	798	925	128	0.0	1393
Int1_Pc_Pattern	NZ_JAHKEE010000159.1	97.243	798	22	0	1	798	925	128	0.0	1393
Int1_Pc_Pattern	NZ_JAHKDX010000085.1	97.243	798	22	0	1	798	1287	490	0.0	1393
Int1_Pc_Pattern	NZ_CP072301.1	97.243	798	22	0	1	798	21493	22290	0.0	1393
Int1_Pc_Pattern	NZ_CP072291.1	97.243	798	22	0	1	798	21493	22290	0.0	1393
Int1_Pc_Pattern	NZ_CP072286.1	97.243	798	22	0	1	798	21493	22290	0.0	1393
Int1_Pc_Pattern	NZ_CP072281.1	97.243	798	22	0	1	798	21493	22290	0.0	1393
Int1_Pc_Pattern	NZ_CP072271.1	97.243	798	22	0	1	798	21493	22290	0.0	1393
Int1_Pc_Pattern	NZ_CP059356.1	97.243	798	22	0	1	798	1474477	1473680	0.0	1393
Int1_Pc_Pattern	NZ_CP059352.1	97.243	798	22	0	1	798	1368937	1368140	0.0	1393
Int1_Pc_Pattern	NZ_JAFEKL010000003.1	97.243	798	22	0	1	798	79516	78719	0.0	1393
Int1_Pc_Pattern	NZ_JAFEKL010000003.1	93.956	364	22	0	1	364	84549	84186	2.31e-165	592
Int1_Pc_Pattern	NZ_JADVKU010000035.1	97.243	798	22	0	1	798	16636	17433	0.0	1393
Int1_Pc_Pattern	NZ_JADVMS010000047.1	97.243	798	22	0	1	798	16764	17561	0.0	1393
Int1_Pc_Pattern	NZ_JADVMH010000054.1	97.243	798	22	0	1	798	925	128	0.0	1393
Int1_Pc_Pattern	NZ_JADVMF010000036.1	97.243	798	22	0	1	798	925	128	0.0	1393
Int1_Pc_Pattern	NZ_JADVMD010000038.1	97.243	798	22	0	1	798	925	128	0.0	1393
Int1_Pc_Pattern	NZ_JADVLS010000034.1	97.243	798	22	0	1	798	859	62	0.0	1393
Int1_Pc_Pattern	NZ_JADVLO010000038.1	97.243	798	22	0	1	798	798	1	0.0	1393
Int1_Pc_Pattern	NZ_JADVLN010000032.1	97.243	798	22	0	1	798	16636	17433	0.0	1393
Int1_Pc_Pattern	NZ_JADVLF010000041.1	97.243	798	22	0	1	798	13088	13885	0.0	1393
Int1_Pc_Pattern	NZ_JADVLA010000036.1	97.243	798	22	0	1	798	798	1	0.0	1393
Int1_Pc_Pattern	NZ_CP060013.1	97.243	798	22	0	1	798	1390672	1389875	0.0	1393
Int1_Pc_Pattern	NZ_CP060011.1	97.243	798	22	0	1	798	1390681	1389884	0.0	1393
Int1_Pc_Pattern	NZ_CP060732.1	97.243	798	22	0	1	798	1655845	1655048	0.0	1393
Int1_Pc_Pattern	NZ_JADPZY010000040.1	97.243	798	22	0	1	798	16711	17508	0.0	1393
Int1_Pc_Pattern	NZ_PKOO01000079.1	97.243	798	22	0	1	798	1362	2159	0.0	1393
Int1_Pc_Pattern	NZ_PKON01000078.1	97.243	798	22	0	1	798	1362	2159	0.0	1393
Int1_Pc_Pattern	NZ_JADIWL010000070.1	97.243	798	22	0	1	798	798	1	0.0	1393
Int1_Pc_Pattern	NZ_JABTCM010000030.1	97.243	798	22	0	1	798	919	122	0.0	1393
Int1_Pc_Pattern	NZ_JADAWB010000039.1	97.243	798	22	0	1	798	798	1	0.0	1393
Int1_Pc_Pattern	NZ_JADAWC010000041.1	97.243	798	22	0	1	798	14341	15138	0.0	1393
Int1_Pc_Pattern	NZ_JADAUD010000089.1	97.243	798	22	0	1	798	141	938	0.0	1393
Int1_Pc_Pattern	NZ_JADAUC010000081.1	97.243	798	22	0	1	798	115	912	0.0	1393
Int1_Pc_Pattern	NZ_JADATO010000047.1	97.243	798	22	0	1	798	798	1	0.0	1393
Int1_Pc_Pattern	NZ_JADATR010000055.1	97.243	798	22	0	1	798	798	1	0.0	1393
Int1_Pc_Pattern	NZ_JADATJ010000043.1	97.243	798	22	0	1	798	14341	15138	0.0	1393
Int1_Pc_Pattern	NZ_JADATM010000049.1	97.243	798	22	0	1	798	798	1	0.0	1393
Int1_Pc_Pattern	NZ_JADATI010000039.1	97.243	798	22	0	1	798	14341	15138	0.0	1393
Int1_Pc_Pattern	NZ_JADAVS010000056.1	97.243	798	22	0	1	798	802	5	0.0	1393
Int1_Pc_Pattern	NZ_JADASX010000094.1	97.243	798	22	0	1	798	141	938	0.0	1393
Int1_Pc_Pattern	NZ_JADATF010000047.1	97.243	798	22	0	1	798	16636	17433	0.0	1393
Int1_Pc_Pattern	NZ_JADAVR010000040.1	97.243	798	22	0	1	798	14952	15749	0.0	1393
Int1_Pc_Pattern	NZ_JADARS010000054.1	97.243	798	22	0	1	798	141	938	0.0	1393
Int1_Pc_Pattern	NZ_JADATH010000039.1	97.243	798	22	0	1	798	16636	17433	0.0	1393
Int1_Pc_Pattern	NZ_JACSVL010000057.1	97.243	798	22	0	1	798	925	128	0.0	1393
Int1_Pc_Pattern	NZ_JACSTY010000113.1	97.243	798	22	0	1	798	923	126	0.0	1393
Int1_Pc_Pattern	NZ_JACSSO010000048.1	97.243	798	22	0	1	798	16763	17560	0.0	1393
Int1_Pc_Pattern	NZ_CP056784.2	97.243	798	22	0	1	798	1383523	1382726	0.0	1393
Int1_Pc_Pattern	NZ_CP054302.1	97.243	798	22	0	1	798	3230194	3229397	0.0	1393
Int1_Pc_Pattern	NZ_CP050426.1	97.243	798	22	0	1	798	15542	16339	0.0	1393
Int1_Pc_Pattern	NZ_CP050904.1	97.243	798	22	0	1	798	1439954	1439157	0.0	1393
Int1_Pc_Pattern	NZ_JAAOSR010000070.1	97.243	798	22	0	1	798	116	913	0.0	1393
Int1_Pc_Pattern	NZ_JAAOTH010000039.1	97.243	798	22	0	1	798	802	5	0.0	1393
Int1_Pc_Pattern	NZ_JAAOSQ010000036.1	97.243	798	22	0	1	798	802	5	0.0	1393
Int1_Pc_Pattern	NZ_JAAOSN010000077.1	97.243	798	22	0	1	798	116	913	0.0	1393
Int1_Pc_Pattern	NZ_JAAORZ010000087.1	97.243	798	22	0	1	798	802	5	0.0	1393
Int1_Pc_Pattern	NZ_JAAOSA010000082.1	97.243	798	22	0	1	798	116	913	0.0	1393
Int1_Pc_Pattern	NZ_JAAOSS010000038.1	97.243	798	22	0	1	798	16636	17433	0.0	1393
Int1_Pc_Pattern	NZ_JAAOSM010000038.1	97.243	798	22	0	1	798	802	5	0.0	1393
Int1_Pc_Pattern	NZ_JAAOOX010000026.1	97.243	798	22	0	1	798	21420	22217	0.0	1393
Int1_Pc_Pattern	NZ_JAAOQF010000078.1	97.243	798	22	0	1	798	116	913	0.0	1393
Int1_Pc_Pattern	NZ_JAAOQB010000087.1	97.243	798	22	0	1	798	798	1	0.0	1393
Int1_Pc_Pattern	NZ_JAAOPZ010000078.1	97.243	798	22	0	1	798	798	1	0.0	1393
Int1_Pc_Pattern	NZ_JAAOPX010000040.1	97.243	798	22	0	1	798	798	1	0.0	1393
Int1_Pc_Pattern	NZ_JAAOQR010000040.1	97.243	798	22	0	1	798	802	5	0.0	1393
Int1_Pc_Pattern	NZ_JAAOQL010000078.1	97.243	798	22	0	1	798	116	913	0.0	1393
Int1_Pc_Pattern	NZ_JAAOQJ010000078.1	97.243	798	22	0	1	798	798	1	0.0	1393
Int1_Pc_Pattern	NZ_CP049363.1	97.243	798	22	0	1	798	1245903	1245106	0.0	1393
Int1_Pc_Pattern	NZ_JAAGTR010000081.1	97.243	798	22	0	1	798	798	1	0.0	1393
Int1_Pc_Pattern	NZ_JAAGTM010000081.1	97.243	798	22	0	1	798	116	913	0.0	1393
Int1_Pc_Pattern	NZ_JAAGSO010000042.1	97.243	798	22	0	1	798	16636	17433	0.0	1393
Int1_Pc_Pattern	NZ_JAAGSP010000043.1	97.243	798	22	0	1	798	17589	18386	0.0	1393
Int1_Pc_Pattern	NZ_JAAGTO010000070.1	97.243	798	22	0	1	798	2516	3313	0.0	1393
Int1_Pc_Pattern	NZ_JAAGSI010000044.1	97.243	798	22	0	1	798	9628	8831	0.0	1393
Int1_Pc_Pattern	NZ_JAAGSG010000093.1	97.243	798	22	0	1	798	802	5	0.0	1393
Int1_Pc_Pattern	NZ_JAAGSL010000102.1	97.243	798	22	0	1	798	116	913	0.0	1393
Int1_Pc_Pattern	NZ_JAAGSM010000071.1	97.243	798	22	0	1	798	798	1	0.0	1393
Int1_Pc_Pattern	NZ_JAAGSV010000040.1	97.243	798	22	0	1	798	6703	7500	0.0	1393
Int1_Pc_Pattern	NZ_JAAGSS010000075.1	97.243	798	22	0	1	798	16636	17433	0.0	1393
Int1_Pc_Pattern	NZ_JAAGSX010000042.1	97.243	798	22	0	1	798	802	5	0.0	1393
Int1_Pc_Pattern	NZ_JAAGSE010000076.1	97.243	798	22	0	1	798	116	913	0.0	1393
Int1_Pc_Pattern	NZ_JAAGTT010000089.1	97.243	798	22	0	1	798	802	5	0.0	1393
Int1_Pc_Pattern	NZ_JAAEFQ010000111.1	97.243	798	22	0	1	798	802	5	0.0	1393
Int1_Pc_Pattern	NZ_JAAEFR010000063.1	97.243	798	22	0	1	798	798	1	0.0	1393
Int1_Pc_Pattern	NZ_JAAEGX010000097.1	97.243	798	22	0	1	798	802	5	0.0	1393
Int1_Pc_Pattern	NZ_JAAEGT010000113.1	97.243	798	22	0	1	798	116	913	0.0	1393
Int1_Pc_Pattern	NZ_JAAEGK010000047.1	97.243	798	22	0	1	798	802	5	0.0	1393
Int1_Pc_Pattern	NZ_JAAEGI010000046.1	97.243	798	22	0	1	798	16636	17433	0.0	1393
Int1_Pc_Pattern	NZ_JAAEGF010000041.1	97.243	798	22	0	1	798	16636	17433	0.0	1393
Int1_Pc_Pattern	NZ_CP045528.1	97.243	798	22	0	1	798	1067380	1068177	0.0	1393
Int1_Pc_Pattern	NZ_VYJG01000001.1	97.243	798	22	0	1	798	2424397	2423600	0.0	1393
Int1_Pc_Pattern	NZ_VYJC01000002.1	97.243	798	22	0	1	798	122635	123432	0.0	1393
Int1_Pc_Pattern	NZ_VYJB01000002.1	97.243	798	22	0	1	798	25319	26116	0.0	1393
Int1_Pc_Pattern	NZ_VYIZ01000001.1	97.243	798	22	0	1	798	2462559	2461762	0.0	1393
Int1_Pc_Pattern	NZ_CP043418.1	97.243	798	22	0	1	798	1320140	1319343	0.0	1393
Int1_Pc_Pattern	NZ_CP043417.1	97.243	798	22	0	1	798	1320034	1319237	0.0	1393
Int1_Pc_Pattern	NZ_CP043419.1	97.243	798	22	0	1	798	1318735	1317938	0.0	1393
Int1_Pc_Pattern	NZ_VHGX01000076.1	97.243	798	22	0	1	798	6703	7500	0.0	1393
Int1_Pc_Pattern	NZ_VHGD01000060.1	97.243	798	22	0	1	798	807	10	0.0	1393
Int1_Pc_Pattern	NZ_VHEZ01000053.1	97.243	798	22	0	1	798	798	1	0.0	1393
Int1_Pc_Pattern	NZ_VHET01000093.1	97.243	798	22	0	1	798	8494	9291	0.0	1393
Int1_Pc_Pattern	NZ_VHES01000119.1	97.243	798	22	0	1	798	798	1	0.0	1393
Int1_Pc_Pattern	NZ_VHEQ01000108.1	97.243	798	22	0	1	798	2516	3313	0.0	1393
Int1_Pc_Pattern	NZ_PRHV01000042.1	97.243	798	22	0	1	798	5268	4471	0.0	1393
Int1_Pc_Pattern	NZ_PRGX01000049.1	97.243	798	22	0	1	798	910	113	0.0	1393
Int1_Pc_Pattern	NZ_PRGU01000043.1	97.243	798	22	0	1	798	912	115	0.0	1393
Int1_Pc_Pattern	NZ_PRKC01000066.1	97.243	798	22	0	1	798	1612	815	0.0	1393
Int1_Pc_Pattern	NZ_PRJM01000039.1	97.243	798	22	0	1	798	2795	1998	0.0	1393
Int1_Pc_Pattern	NZ_PRIT01000041.1	97.243	798	22	0	1	798	2631	1834	0.0	1393
Int1_Pc_Pattern	NZ_PRIC01000060.1	97.243	798	22	0	1	798	2664	1867	0.0	1393
Int1_Pc_Pattern	NZ_PRHX01000049.1	97.243	798	22	0	1	798	2668	1871	0.0	1393
Int1_Pc_Pattern	NZ_PRHG01000050.1	97.243	798	22	0	1	798	910	113	0.0	1393
Int1_Pc_Pattern	NZ_PRGY01000048.1	97.243	798	22	0	1	798	2666	1869	0.0	1393
Int1_Pc_Pattern	NZ_PRFL01000040.1	97.243	798	22	0	1	798	2790	1993	0.0	1393
Int1_Pc_Pattern	NZ_PRFG01000078.1	97.243	798	22	0	1	798	1168	371	0.0	1393
Int1_Pc_Pattern	NZ_VAGF01000062.1	97.243	798	22	0	1	798	921	124	0.0	1393
Int1_Pc_Pattern	NZ_VAGN01000096.1	97.243	798	22	0	1	798	798	1	0.0	1393
Int1_Pc_Pattern	NZ_CP040051.1	97.243	798	22	0	1	798	137680	136883	0.0	1393
Int1_Pc_Pattern	NZ_SNVT01000014.1	97.243	798	22	0	1	798	798	1	0.0	1393
Int1_Pc_Pattern	NZ_SNVL01000118.1	97.243	798	22	0	1	798	16744	17541	0.0	1393
Int1_Pc_Pattern	NZ_SMUC01000177.1	97.243	798	22	0	1	798	817	20	0.0	1393
Int1_Pc_Pattern	NZ_CP035186.1	97.243	798	22	0	1	798	1334301	1333504	0.0	1393
Int1_Pc_Pattern	NZ_CP035185.1	97.243	798	22	0	1	798	1320161	1319364	0.0	1393
Int1_Pc_Pattern	NZ_CP035184.1	97.243	798	22	0	1	798	1320052	1319255	0.0	1393
Int1_Pc_Pattern	NZ_RFDV01000044.1	97.243	798	22	0	1	798	16764	17561	0.0	1393
Int1_Pc_Pattern	NZ_RFDQ01000034.1	97.243	798	22	0	1	798	925	128	0.0	1393
Int1_Pc_Pattern	NZ_RFBP01000059.1	97.243	798	22	0	1	798	925	128	0.0	1393
Int1_Pc_Pattern	NZ_RFDL01000056.1	97.243	798	22	0	1	798	925	128	0.0	1393
Int1_Pc_Pattern	NZ_RFDK01000033.1	97.243	798	22	0	1	798	925	128	0.0	1393
Int1_Pc_Pattern	NZ_RFDC01000069.1	97.243	798	22	0	1	798	1344	2141	0.0	1393
Int1_Pc_Pattern	NZ_RFDA01000049.1	97.243	798	22	0	1	798	925	128	0.0	1393
Int1_Pc_Pattern	NZ_RFCZ01000032.1	97.243	798	22	0	1	798	925	128	0.0	1393
Int1_Pc_Pattern	NZ_RFCV01000029.1	97.243	798	22	0	1	798	925	128	0.0	1393
Int1_Pc_Pattern	NZ_RFCK01000064.1	97.243	798	22	0	1	798	925	128	0.0	1393
Int1_Pc_Pattern	NZ_RFCF01000033.1	97.243	798	22	0	1	798	16764	17561	0.0	1393
Int1_Pc_Pattern	NZ_RFCC01000029.1	97.243	798	22	0	1	798	925	128	0.0	1393
Int1_Pc_Pattern	NZ_RFBJ01000111.1	97.243	798	22	0	1	798	2563	3360	0.0	1393
Int1_Pc_Pattern	NZ_CP034243.1	97.243	798	22	0	1	798	1380158	1379361	0.0	1393
Int1_Pc_Pattern	NZ_CP034242.1	97.243	798	22	0	1	798	1380185	1379388	0.0	1393
Int1_Pc_Pattern	NZ_RHLX01000043.1	97.243	798	22	0	1	798	16733	17530	0.0	1393
Int1_Pc_Pattern	NZ_RHLY01000060.1	97.243	798	22	0	1	798	2460	3257	0.0	1393
Int1_Pc_Pattern	NZ_RHLU01000042.1	97.243	798	22	0	1	798	16732	17529	0.0	1393
Int1_Pc_Pattern	NZ_RBVR01000067.1	97.243	798	22	0	1	798	2458	3255	0.0	1393
Int1_Pc_Pattern	NZ_RBVP01000042.1	97.243	798	22	0	1	798	16732	17529	0.0	1393
Int1_Pc_Pattern	NZ_CP023034.1	97.243	798	22	0	1	798	545670	544873	0.0	1393
Int1_Pc_Pattern	NZ_CP023026.1	97.243	798	22	0	1	798	1271276	1270479	0.0	1393
Int1_Pc_Pattern	NZ_CP021326.1	97.243	798	22	0	1	798	1376423	1375626	0.0	1393
Int1_Pc_Pattern	NZ_PYEO01000059.1	97.243	798	22	0	1	798	116	913	0.0	1393
Int1_Pc_Pattern	NZ_CP027607.1	97.243	798	22	0	1	798	2264290	2263493	0.0	1393
Int1_Pc_Pattern	NZ_NEQB01000050.1	97.243	798	22	0	1	798	875	78	0.0	1393
Int1_Pc_Pattern	NZ_PUDD01000072.1	97.243	798	22	0	1	798	925	128	0.0	1393
Int1_Pc_Pattern	NZ_PUCS01000081.1	97.243	798	22	0	1	798	925	128	0.0	1393
Int1_Pc_Pattern	NZ_PUCW01000064.1	97.243	798	22	0	1	798	925	128	0.0	1393
Int1_Pc_Pattern	NZ_PUCX01000091.1	97.243	798	22	0	1	798	925	128	0.0	1393
Int1_Pc_Pattern	NZ_PUDE01000062.1	97.243	798	22	0	1	798	925	128	0.0	1393
Int1_Pc_Pattern	NZ_PUDF01000077.1	97.243	798	22	0	1	798	925	128	0.0	1393
Int1_Pc_Pattern	NZ_PESU01000062.1	97.243	798	22	0	1	798	2690	3487	0.0	1393
Int1_Pc_Pattern	NZ_LNVD01000053.1	97.243	798	22	0	1	798	158	955	0.0	1393
Int1_Pc_Pattern	NZ_LNVD01000053.1	98.824	85	1	0	930	1014	953	1037	4.65e-33	152
Int1_Pc_Pattern	NZ_NQFB01000073.1	97.243	798	22	0	1	798	875	78	0.0	1393
Int1_Pc_Pattern	NZ_LXNE01000086.1	97.243	798	22	0	1	798	1078	281	0.0	1393
Int1_Pc_Pattern	NZ_LXNF01000173.1	97.243	798	22	0	1	798	1068	271	0.0	1393
Int1_Pc_Pattern	NZ_LYNZ01000101.1	97.243	798	22	0	1	798	1053	256	0.0	1393
Int1_Pc_Pattern	NZ_LYNT01000097.1	97.243	798	22	0	1	798	1089	292	0.0	1393
Int1_Pc_Pattern	NZ_LYNL01000079.1	97.243	798	22	0	1	798	16894	17691	0.0	1393
Int1_Pc_Pattern	NZ_LYNI01000035.1	97.243	798	22	0	1	798	6162	6959	0.0	1393
Int1_Pc_Pattern	NZ_LYNX01000066.1	97.243	798	22	0	1	798	995	198	0.0	1393
Int1_Pc_Pattern	NZ_NGKM01000030.1	97.243	798	22	0	1	798	17488	16691	0.0	1393
Int1_Pc_Pattern	NZ_NEQK01000102.1	97.243	798	22	0	1	798	875	78	0.0	1393
Int1_Pc_Pattern	NZ_NDAT01000007.1	97.243	798	22	0	1	798	16758	17555	0.0	1393
Int1_Pc_Pattern	NZ_NDAR01000065.1	97.243	798	22	0	1	798	875	78	0.0	1393
Int1_Pc_Pattern	NZ_NCZX01000012.1	97.243	798	22	0	1	798	13162	13959	0.0	1393
Int1_Pc_Pattern	NZ_NCZL01000063.1	97.243	798	22	0	1	798	16714	17511	0.0	1393
Int1_Pc_Pattern	NZ_NCYX01000067.1	97.243	798	22	0	1	798	16714	17511	0.0	1393
Int1_Pc_Pattern	NZ_NCYU01000058.1	97.243	798	22	0	1	798	16714	17511	0.0	1393
Int1_Pc_Pattern	NZ_NCYM01000079.1	97.243	798	22	0	1	798	16714	17511	0.0	1393
Int1_Pc_Pattern	NZ_NCYJ01000047.1	97.243	798	22	0	1	798	13162	13959	0.0	1393
Int1_Pc_Pattern	NZ_NCYA01000059.1	97.243	798	22	0	1	798	875	78	0.0	1393
Int1_Pc_Pattern	NZ_NCXV01000107.1	97.243	798	22	0	1	798	875	78	0.0	1393
Int1_Pc_Pattern	NZ_NCXT01000044.1	97.243	798	22	0	1	798	16714	17511	0.0	1393
Int1_Pc_Pattern	NZ_NDAY01000043.1	97.243	798	22	0	1	798	798	1	0.0	1393
Int1_Pc_Pattern	NZ_NCZW01000057.1	97.243	798	22	0	1	798	798	1	0.0	1393
Int1_Pc_Pattern	NZ_NCZS01000063.1	97.243	798	22	0	1	798	13143	13940	0.0	1393
Int1_Pc_Pattern	NZ_NCYT01000022.1	97.243	798	22	0	1	798	16714	17511	0.0	1393
Int1_Pc_Pattern	NZ_NCYR01000037.1	97.243	798	22	0	1	798	16714	17511	0.0	1393
Int1_Pc_Pattern	NZ_NCYK01000030.1	97.243	798	22	0	1	798	16714	17511	0.0	1393
Int1_Pc_Pattern	NZ_NCYI01000014.1	97.243	798	22	0	1	798	2419	3216	0.0	1393
Int1_Pc_Pattern	NZ_NGIC01000192.1	97.243	798	22	0	1	798	13162	13959	0.0	1393
Int1_Pc_Pattern	NZ_NGHV01000002.1	97.243	798	22	0	1	798	16695	17492	0.0	1393
Int1_Pc_Pattern	NZ_NGHX01000040.1	97.243	798	22	0	1	798	798	1	0.0	1393
Int1_Pc_Pattern	NZ_NGHI01000068.1	97.243	798	22	0	1	798	16714	17511	0.0	1393
Int1_Pc_Pattern	NZ_NGGS01000079.1	97.243	798	22	0	1	798	16714	17511	0.0	1393
Int1_Pc_Pattern	NZ_NGGJ01000050.1	97.243	798	22	0	1	798	13162	13959	0.0	1393
Int1_Pc_Pattern	NZ_NGFS01000032.1	97.243	798	22	0	1	798	16714	17511	0.0	1393
Int1_Pc_Pattern	NZ_NGFF01000040.1	97.243	798	22	0	1	798	16758	17555	0.0	1393
Int1_Pc_Pattern	NZ_NGEZ01000037.1	97.243	798	22	0	1	798	13162	13959	0.0	1393
Int1_Pc_Pattern	NZ_NGEP01000054.1	97.243	798	22	0	1	798	13162	13959	0.0	1393
Int1_Pc_Pattern	NZ_NGEK01000068.1	97.243	798	22	0	1	798	16714	17511	0.0	1393
Int1_Pc_Pattern	NZ_NGEG01000068.1	97.243	798	22	0	1	798	16758	17555	0.0	1393
Int1_Pc_Pattern	NZ_NGDP01000019.1	97.243	798	22	0	1	798	16758	17555	0.0	1393
Int1_Pc_Pattern	NZ_NGDL01000039.1	97.243	798	22	0	1	798	13162	13959	0.0	1393
Int1_Pc_Pattern	NZ_NGDJ01000003.1	97.243	798	22	0	1	798	875	78	0.0	1393
Int1_Pc_Pattern	NZ_NGDH01000012.1	97.243	798	22	0	1	798	875	78	0.0	1393
Int1_Pc_Pattern	NZ_NGDG01000026.1	97.243	798	22	0	1	798	875	78	0.0	1393
Int1_Pc_Pattern	NZ_NGDD01000070.1	97.243	798	22	0	1	798	16714	17511	0.0	1393
Int1_Pc_Pattern	NZ_NGCR01000056.1	97.243	798	22	0	1	798	16714	17511	0.0	1393
Int1_Pc_Pattern	NZ_NGCC01000022.1	97.243	798	22	0	1	798	16714	17511	0.0	1393
Int1_Pc_Pattern	NZ_CP020590.1	97.243	798	22	0	1	798	1150613	1149816	0.0	1393
Int1_Pc_Pattern	NZ_MWVP01000057.1	97.243	798	22	0	1	798	16714	17511	0.0	1393
Int1_Pc_Pattern	NZ_MSMZ01000092.1	97.243	798	22	0	1	798	875	78	0.0	1393
Int1_Pc_Pattern	NZ_MSNA01000063.1	97.243	798	22	0	1	798	875	78	0.0	1393
Int1_Pc_Pattern	NZ_MJBM01000063.1	97.243	798	22	0	1	798	2690	3487	0.0	1393
Int1_Pc_Pattern	NZ_CP016300.1	97.243	798	22	0	1	798	1335449	1334652	0.0	1393
Int1_Pc_Pattern	NZ_CP016298.1	97.243	798	22	0	1	798	1336364	1335567	0.0	1393
Int1_Pc_Pattern	NZ_CP018256.1	97.243	798	22	0	1	798	1348733	1347936	0.0	1393
Int1_Pc_Pattern	NZ_MLYW01000004.1	97.243	798	22	0	1	798	993	196	0.0	1393
Int1_Pc_Pattern	NZ_LZVR01000042.1	97.243	798	22	0	1	798	13161	13958	0.0	1393
Int1_Pc_Pattern	NZ_LZWJ01000020.1	97.243	798	22	0	1	798	874	77	0.0	1393
Int1_Pc_Pattern	NZ_LZBP01000030.1	97.243	798	22	0	1	798	16713	17510	0.0	1393
Int1_Pc_Pattern	NZ_LYZV01000070.1	97.243	798	22	0	1	798	161	958	0.0	1393
Int1_Pc_Pattern	NZ_LYZU01000071.1	97.243	798	22	0	1	798	7574	8371	0.0	1393
Int1_Pc_Pattern	NZ_LZAO01000035.1	97.243	798	22	0	1	798	7574	8371	0.0	1393
Int1_Pc_Pattern	NZ_LZAF01000045.1	97.243	798	22	0	1	798	798	1	0.0	1393
Int1_Pc_Pattern	NZ_LYZR01000072.1	97.243	798	22	0	1	798	13162	13959	0.0	1393
Int1_Pc_Pattern	NZ_LAPU01000039.1	97.243	798	22	0	1	798	16860	17657	0.0	1393
Int1_Pc_Pattern	NZ_LRMK02000019.1	97.243	798	22	0	1	798	874	77	0.0	1393
Int1_Pc_Pattern	NZ_LMAN01000061.1	97.243	798	22	0	1	798	798	1	0.0	1393
Int1_Pc_Pattern	NZ_LMAO01000072.1	97.243	798	22	0	1	798	141	938	0.0	1393
Int1_Pc_Pattern	NZ_LLEC01000014.1	97.243	798	22	0	1	798	1004	207	0.0	1393
Int1_Pc_Pattern	NZ_LLHR01000100.1	97.243	798	22	0	1	798	1004	207	0.0	1393
Int1_Pc_Pattern	NZ_LLHM01000250.1	97.243	798	22	0	1	798	7163	7960	0.0	1393
Int1_Pc_Pattern	NZ_LLHH01000079.1	97.243	798	22	0	1	798	1004	207	0.0	1393
Int1_Pc_Pattern	NZ_LLGS01000029.1	97.243	798	22	0	1	798	2729	3526	0.0	1393
Int1_Pc_Pattern	NZ_LLGP01000020.1	97.243	798	22	0	1	798	1146	349	0.0	1393
Int1_Pc_Pattern	NZ_LGYV01000157.1	97.243	798	22	0	1	798	818	21	0.0	1393
Int1_Pc_Pattern	NZ_LFYW01000002.1	97.243	798	22	0	1	798	203979	203182	0.0	1393
Int1_Pc_Pattern	NZ_JUKM01000073.1	97.243	798	22	0	1	798	16696	17493	0.0	1393
Int1_Pc_Pattern	NZ_JWAN01000065.1	97.243	798	22	0	1	798	858	61	0.0	1393
Int1_Pc_Pattern	NZ_JWGN01000073.1	97.243	798	22	0	1	798	16696	17493	0.0	1393
Int1_Pc_Pattern	NZ_LAIY01000158.1	97.243	798	22	0	1	798	816	19	0.0	1393
Int1_Pc_Pattern	NZ_JZJG02000035.1	97.243	798	22	0	1	798	13143	13940	0.0	1393
Int1_Pc_Pattern	NZ_JZIX02000034.1	97.243	798	22	0	1	798	13162	13959	0.0	1393
Int1_Pc_Pattern	NZ_JZCG02000094.1	97.243	798	22	0	1	798	16712	17509	0.0	1393
Int1_Pc_Pattern	NZ_JZCM02000049.1	97.243	798	22	0	1	798	16712	17509	0.0	1393
Int1_Pc_Pattern	NZ_JZCN02000108.1	97.243	798	22	0	1	798	874	77	0.0	1393
Int1_Pc_Pattern	NZ_AP014650.1	97.243	798	22	0	1	798	21438	22235	0.0	1393
Int1_Pc_Pattern	NZ_JWTW03000048.1	97.243	798	22	0	1	798	15946	16743	0.0	1393
Int1_Pc_Pattern	NZ_JWUF03000039.1	97.243	798	22	0	1	798	854	57	0.0	1393
Int1_Pc_Pattern	NZ_JWUM03000045.1	97.243	798	22	0	1	798	856	59	0.0	1393
Int1_Pc_Pattern	NZ_JWUO03000068.1	97.243	798	22	0	1	798	854	57	0.0	1393
Int1_Pc_Pattern	NZ_JWYI03000116.1	97.243	798	22	0	1	798	856	59	0.0	1393
Int1_Pc_Pattern	NZ_JWXF03000267.1	97.243	798	22	0	1	798	856	59	0.0	1393
Int1_Pc_Pattern	NZ_JWXP03000092.1	97.243	798	22	0	1	798	798	1	0.0	1393
Int1_Pc_Pattern	NZ_JWWA03000051.1	97.243	798	22	0	1	798	856	59	0.0	1393
Int1_Pc_Pattern	NZ_JWWD03000054.1	97.243	798	22	0	1	798	856	59	0.0	1393
Int1_Pc_Pattern	NZ_JWXR03000118.1	97.243	798	22	0	1	798	856	59	0.0	1393
Int1_Pc_Pattern	NZ_JWTV03000115.1	97.243	798	22	0	1	798	2873	3670	0.0	1393
Int1_Pc_Pattern	NZ_JWWN03000051.1	97.243	798	22	0	1	798	2882	3679	0.0	1393
Int1_Pc_Pattern	NZ_JWWQ03000089.1	97.243	798	22	0	1	798	3226	4023	0.0	1393
Int1_Pc_Pattern	NZ_JWWV03000096.1	97.243	798	22	0	1	798	856	59	0.0	1393
Int1_Pc_Pattern	NZ_JWWW03000044.1	97.243	798	22	0	1	798	16694	17491	0.0	1393
Int1_Pc_Pattern	NZ_JWWZ03000135.1	97.243	798	22	0	1	798	2275	3072	0.0	1393
Int1_Pc_Pattern	NZ_JWYG03000069.1	97.243	798	22	0	1	798	856	59	0.0	1393
Int1_Pc_Pattern	NZ_JWYH03000096.1	97.243	798	22	0	1	798	720	1517	0.0	1393
Int1_Pc_Pattern	NZ_JWYP03000058.1	97.243	798	22	0	1	798	3224	4021	0.0	1393
Int1_Pc_Pattern	NZ_JWYS03000070.1	97.243	798	22	0	1	798	778	1575	0.0	1393
Int1_Pc_Pattern	NZ_JWYR03000029.1	97.243	798	22	0	1	798	856	59	0.0	1393
Int1_Pc_Pattern	NZ_JWVO03000086.1	97.243	798	22	0	1	798	16694	17491	0.0	1393
Int1_Pc_Pattern	NZ_JWVV03000096.1	97.243	798	22	0	1	798	856	59	0.0	1393
Int1_Pc_Pattern	NZ_JWVW03000164.1	97.243	798	22	0	1	798	856	59	0.0	1393
Int1_Pc_Pattern	NZ_JWVX03000117.1	97.243	798	22	0	1	798	2866	3663	0.0	1393
Int1_Pc_Pattern	NZ_JWWG03000192.1	97.243	798	22	0	1	798	856	59	0.0	1393
Int1_Pc_Pattern	NZ_JWWH03000178.1	97.243	798	22	0	1	798	4611	3814	0.0	1393
Int1_Pc_Pattern	NZ_JWWI03000166.1	97.243	798	22	0	1	798	856	59	0.0	1393
Int1_Pc_Pattern	NZ_JWWJ03000054.1	97.243	798	22	0	1	798	853	56	0.0	1393
Int1_Pc_Pattern	NZ_JWWK03000098.1	97.243	798	22	0	1	798	783	1580	0.0	1393
Int1_Pc_Pattern	NZ_JWVA03000030.1	97.243	798	22	0	1	798	853	56	0.0	1393
Int1_Pc_Pattern	NZ_JWVE03000106.1	97.243	798	22	0	1	798	856	59	0.0	1393
Int1_Pc_Pattern	NZ_JWVH03000056.1	97.243	798	22	0	1	798	856	59	0.0	1393
Int1_Pc_Pattern	NZ_JWVK03000111.1	97.243	798	22	0	1	798	720	1517	0.0	1393
Int1_Pc_Pattern	NZ_JWXS03000076.1	97.243	798	22	0	1	798	3224	4021	0.0	1393
Int1_Pc_Pattern	NZ_JWXV03000091.1	97.243	798	22	0	1	798	856	59	0.0	1393
Int1_Pc_Pattern	NZ_JWXX03000117.1	97.243	798	22	0	1	798	856	59	0.0	1393
Int1_Pc_Pattern	NZ_JWYL03000087.1	97.243	798	22	0	1	798	856	59	0.0	1393
Int1_Pc_Pattern	NZ_JWYO03000075.1	97.243	798	22	0	1	798	3224	4021	0.0	1393
Int1_Pc_Pattern	NZ_JWYM03000035.1	97.243	798	22	0	1	798	719	1516	0.0	1393
Int1_Pc_Pattern	NZ_JWVZ03000048.1	97.243	798	22	0	1	798	2929	3726	0.0	1393
Int1_Pc_Pattern	NZ_JWYA03000173.1	97.243	798	22	0	1	798	725	1522	0.0	1393
Int1_Pc_Pattern	NZ_JWSH03000023.1	97.243	798	22	0	1	798	16695	17492	0.0	1393
Int1_Pc_Pattern	NZ_JWSC03000003.1	97.243	798	22	0	1	798	16695	17492	0.0	1393
Int1_Pc_Pattern	NZ_JWSB03000151.1	97.243	798	22	0	1	798	856	59	0.0	1393
Int1_Pc_Pattern	NZ_JWRY03000139.1	97.243	798	22	0	1	798	2548	1751	0.0	1393
Int1_Pc_Pattern	NZ_JWRW03000022.1	97.243	798	22	0	1	798	16694	17491	0.0	1393
Int1_Pc_Pattern	NZ_JWRZ03000076.1	97.243	798	22	0	1	798	856	59	0.0	1393
Int1_Pc_Pattern	NZ_JPLH01000009.1	97.243	798	22	0	1	798	16704	17501	0.0	1393
Int1_Pc_Pattern	NZ_LLRZ01000149.1	97.125	800	23	0	1	800	2449	1650	0.0	1391
Int1_Pc_Pattern	NZ_LLRZ01000149.1	100.000	218	0	0	797	1014	1284	1067	1.16e-108	403
Int1_Pc_Pattern	DACOKP010000019.1	97.240	797	22	0	1	797	94750	95546	0.0	1391
Int1_Pc_Pattern	NZ_QOQY01000380.1	97.121	799	23	0	1	799	2471	3269	0.0	1389
Int1_Pc_Pattern	NZ_JAKWHT010000217.1	97.118	798	23	0	1	798	140	937	0.0	1389
Int1_Pc_Pattern	JAKWHT010000217.1	97.118	798	23	0	1	798	140	937	0.0	1389
Int1_Pc_Pattern	NZ_JAAEGC010000048.1	97.236	796	22	0	1	796	796	1	0.0	1389
Int1_Pc_Pattern	NZ_JAKWIM010000165.1	97.118	798	23	0	1	798	862	65	0.0	1387
Int1_Pc_Pattern	NZ_JAKWHW010000186.1	97.118	798	23	0	1	798	1824	2621	0.0	1387
Int1_Pc_Pattern	NZ_PRHW01000051.1	97.118	798	23	0	1	798	2631	1834	0.0	1387
Int1_Pc_Pattern	NZ_PYEK01000061.1	97.118	798	23	0	1	798	161	958	0.0	1387
Int1_Pc_Pattern	NZ_NIIV01000106.1	100.000	748	0	0	267	1014	5394	4647	0.0	1382
Int1_Pc_Pattern	NZ_NIIZ01000092.1	100.000	748	0	0	267	1014	1	748	0.0	1382
Int1_Pc_Pattern	DBGFHV010000090.1	100.000	748	0	0	137	884	748	1	0.0	1382
Int1_Pc_Pattern	DBGFHF010000081.1	100.000	748	0	0	137	884	748	1	0.0	1382
Int1_Pc_Pattern	NZ_LYNO01000045.1	97.215	790	22	0	1	790	161	950	0.0	1378
Int1_Pc_Pattern	NZ_LSBS01000005.1	97.208	788	22	0	1	788	788	1	0.0	1375
Int1_Pc_Pattern	NZ_LXTY01000181.1	97.201	786	22	0	13	798	1	786	0.0	1371
Int1_Pc_Pattern	NZ_CCII01000113.1	100.000	741	0	0	274	1014	1	741	0.0	1369
Int1_Pc_Pattern	NZ_CP045263.1	97.194	784	22	0	1	784	3179951	3180734	0.0	1367
Int1_Pc_Pattern	NZ_CP048933.1	97.194	784	22	0	1	784	3167511	3168294	0.0	1367
Int1_Pc_Pattern	NZ_CP048430.1	97.194	784	22	0	1	784	1733620	1732837	0.0	1367
Int1_Pc_Pattern	NZ_CP039808.1	97.194	784	22	0	1	784	3150709	3151492	0.0	1367
Int1_Pc_Pattern	NZ_CP030292.1	97.194	784	22	0	1	784	3182042	3182825	0.0	1367
Int1_Pc_Pattern	NZ_RPEQ01000067.1	97.194	784	22	0	1	784	2128	2911	0.0	1367
Int1_Pc_Pattern	NZ_RPET01000109.1	97.194	784	22	0	1	784	1116	1899	0.0	1367
Int1_Pc_Pattern	NZ_RPEU01000091.1	97.194	784	22	0	1	784	142	925	0.0	1367
Int1_Pc_Pattern	NZ_RPEY01000093.1	97.194	784	22	0	1	784	142	925	0.0	1367
Int1_Pc_Pattern	NZ_RPFD01000063.1	97.194	784	22	0	1	784	911	128	0.0	1367
Int1_Pc_Pattern	NZ_RPFC01000086.1	97.194	784	22	0	1	784	142	925	0.0	1367
Int1_Pc_Pattern	NZ_RPFF01000079.1	97.194	784	22	0	1	784	911	128	0.0	1367
Int1_Pc_Pattern	NZ_VTBI01000112.1	97.194	784	22	0	1	784	2119	2902	0.0	1367
Int1_Pc_Pattern	NZ_WJTC01000005.1	97.194	784	22	0	1	784	303278	304061	0.0	1367
Int1_Pc_Pattern	NZ_CP034420.1	97.194	784	22	0	1	784	853719	854502	0.0	1367
Int1_Pc_Pattern	NZ_CP034415.1	97.194	784	22	0	1	784	3122951	3123734	0.0	1367
Int1_Pc_Pattern	NZ_VJOG01000121.1	97.194	784	22	0	1	784	142	925	0.0	1367
Int1_Pc_Pattern	NZ_VUDL01000115.1	97.194	784	22	0	1	784	1067	1850	0.0	1367
Int1_Pc_Pattern	NZ_VIJQ01000099.1	97.194	784	22	0	1	784	784	1	0.0	1367
Int1_Pc_Pattern	NZ_VIJP01000089.1	97.194	784	22	0	1	784	910	127	0.0	1367
Int1_Pc_Pattern	NZ_VIJI01000102.1	97.194	784	22	0	1	784	784	1	0.0	1367
Int1_Pc_Pattern	NZ_VIJC01000075.1	97.194	784	22	0	1	784	1299	2082	0.0	1367
Int1_Pc_Pattern	NZ_VIJE01000082.1	97.194	784	22	0	1	784	1299	2082	0.0	1367
Int1_Pc_Pattern	NZ_VIJD01000080.1	97.194	784	22	0	1	784	1299	2082	0.0	1367
Int1_Pc_Pattern	NZ_VIJA01000085.1	97.194	784	22	0	1	784	1299	2082	0.0	1367
Int1_Pc_Pattern	NZ_VIIY01000077.1	97.194	784	22	0	1	784	910	127	0.0	1367
Int1_Pc_Pattern	NZ_SGFV01000061.1	97.194	784	22	0	1	784	2126	2909	0.0	1367
Int1_Pc_Pattern	NZ_SGGB01000072.1	97.194	784	22	0	1	784	1117	1900	0.0	1367
Int1_Pc_Pattern	NZ_SGGE01000075.1	97.194	784	22	0	1	784	910	127	0.0	1367
Int1_Pc_Pattern	NZ_SGGG01000074.1	97.194	784	22	0	1	784	910	127	0.0	1367
Int1_Pc_Pattern	NZ_SGGI01000074.1	97.194	784	22	0	1	784	1117	1900	0.0	1367
Int1_Pc_Pattern	NZ_SGGK01000075.1	97.194	784	22	0	1	784	910	127	0.0	1367
Int1_Pc_Pattern	NZ_SGGL01000073.1	97.194	784	22	0	1	784	1117	1900	0.0	1367
Int1_Pc_Pattern	NZ_SGGN01000076.1	97.194	784	22	0	1	784	910	127	0.0	1367
Int1_Pc_Pattern	NZ_SGGO01000074.1	97.194	784	22	0	1	784	1117	1900	0.0	1367
Int1_Pc_Pattern	NZ_SGGP01000075.1	97.194	784	22	0	1	784	910	127	0.0	1367
Int1_Pc_Pattern	NZ_SGGS01000078.1	97.194	784	22	0	1	784	910	127	0.0	1367
Int1_Pc_Pattern	NZ_SGGT01000076.1	97.194	784	22	0	1	784	910	127	0.0	1367
Int1_Pc_Pattern	NZ_SGGX01000072.1	97.194	784	22	0	1	784	910	127	0.0	1367
Int1_Pc_Pattern	NZ_SGGY01000073.1	97.194	784	22	0	1	784	1117	1900	0.0	1367
Int1_Pc_Pattern	NZ_SGHC01000073.1	97.194	784	22	0	1	784	1117	1900	0.0	1367
Int1_Pc_Pattern	NZ_SGHE01000075.1	97.194	784	22	0	1	784	1117	1900	0.0	1367
Int1_Pc_Pattern	NZ_SGHF01000076.1	97.194	784	22	0	1	784	910	127	0.0	1367
Int1_Pc_Pattern	NZ_SGHG01000075.1	97.194	784	22	0	1	784	1117	1900	0.0	1367
Int1_Pc_Pattern	NZ_SGHH01000076.1	97.194	784	22	0	1	784	910	127	0.0	1367
Int1_Pc_Pattern	NZ_SGHT01000074.1	97.194	784	22	0	1	784	910	127	0.0	1367
Int1_Pc_Pattern	NZ_SGHV01000073.1	97.194	784	22	0	1	784	1117	1900	0.0	1367
Int1_Pc_Pattern	NZ_SGHW01000078.1	97.194	784	22	0	1	784	1117	1900	0.0	1367
Int1_Pc_Pattern	NZ_SGHX01000096.1	97.194	784	22	0	1	784	1117	1900	0.0	1367
Int1_Pc_Pattern	NZ_SGHY01000073.1	97.194	784	22	0	1	784	2126	2909	0.0	1367
Int1_Pc_Pattern	NZ_SGHZ01000075.1	97.194	784	22	0	1	784	1117	1900	0.0	1367
Int1_Pc_Pattern	NZ_SGFI01000059.1	97.194	784	22	0	1	784	910	127	0.0	1367
Int1_Pc_Pattern	NZ_SGFN01000063.1	97.194	784	22	0	1	784	910	127	0.0	1367
Int1_Pc_Pattern	NZ_SGFR01000062.1	97.194	784	22	0	1	784	910	127	0.0	1367
Int1_Pc_Pattern	NZ_VONI01000018.1	97.194	784	22	0	1	784	784	1	0.0	1367
Int1_Pc_Pattern	NZ_CP082753.1	97.194	784	22	0	1	784	3124864	3125647	0.0	1367
Int1_Pc_Pattern	NZ_VONK01000018.1	97.194	784	22	0	1	784	140	923	0.0	1367
Int1_Pc_Pattern	NZ_VIYC01000072.1	97.194	784	22	0	1	784	910	127	0.0	1367
Int1_Pc_Pattern	NZ_VIXU01000086.1	97.194	784	22	0	1	784	910	127	0.0	1367
Int1_Pc_Pattern	NZ_VIXQ01000085.1	97.194	784	22	0	1	784	910	127	0.0	1367
Int1_Pc_Pattern	NZ_VIXM01000082.1	97.194	784	22	0	1	784	1299	2082	0.0	1367
Int1_Pc_Pattern	NZ_VIXL01000083.1	97.194	784	22	0	1	784	1299	2082	0.0	1367
Int1_Pc_Pattern	NZ_VIXK01000075.1	97.194	784	22	0	1	784	910	127	0.0	1367
Int1_Pc_Pattern	NZ_VIXJ01000077.1	97.194	784	22	0	1	784	1299	2082	0.0	1367
Int1_Pc_Pattern	NZ_CP033960.1	97.194	784	22	0	1	784	3141642	3142425	0.0	1367
Int1_Pc_Pattern	NZ_RZKP01000057.1	97.194	784	22	0	1	784	903	120	0.0	1367
Int1_Pc_Pattern	NZ_RZLU01000053.1	97.194	784	22	0	1	784	888	105	0.0	1367
Int1_Pc_Pattern	NZ_RZLX01000048.1	97.194	784	22	0	1	784	2104	2887	0.0	1367
Int1_Pc_Pattern	NZ_RZMP01000062.1	97.194	784	22	0	1	784	903	120	0.0	1367
Int1_Pc_Pattern	NZ_RZKJ01000059.1	97.194	784	22	0	1	784	903	120	0.0	1367
Int1_Pc_Pattern	NZ_RZKL01000058.1	97.194	784	22	0	1	784	903	120	0.0	1367
Int1_Pc_Pattern	NZ_RZKR01000086.1	97.194	784	22	0	1	784	142	925	0.0	1367
Int1_Pc_Pattern	NZ_RZKT01000092.1	97.194	784	22	0	1	784	142	925	0.0	1367
Int1_Pc_Pattern	NZ_RZLL01000066.1	97.194	784	22	0	1	784	903	120	0.0	1367
Int1_Pc_Pattern	NZ_RZLN01000068.1	97.194	784	22	0	1	784	903	120	0.0	1367
Int1_Pc_Pattern	NZ_RZLQ01000067.1	97.194	784	22	0	1	784	903	120	0.0	1367
Int1_Pc_Pattern	NZ_RZMD01000048.1	97.194	784	22	0	1	784	2104	2887	0.0	1367
Int1_Pc_Pattern	NZ_RZLW01000053.1	97.194	784	22	0	1	784	2104	2887	0.0	1367
Int1_Pc_Pattern	NZ_RZML01000050.1	97.194	784	22	0	1	784	2105	2888	0.0	1367
Int1_Pc_Pattern	NZ_CP040545.1	97.194	784	22	0	1	784	3094873	3095656	0.0	1367
Int1_Pc_Pattern	NZ_QOVH01000001.1	97.194	784	22	0	1	784	407124	407907	0.0	1367
Int1_Pc_Pattern	NZ_CP036365.1	97.194	784	22	0	1	784	3151819	3151036	0.0	1367
Int1_Pc_Pattern	NZ_CP034123.1	97.194	784	22	0	1	784	3118254	3119037	0.0	1367
Int1_Pc_Pattern	NZ_NXEC01000081.1	97.194	784	22	0	1	784	2118	2901	0.0	1367
Int1_Pc_Pattern	NZ_QVAN01000001.1	97.194	784	22	0	1	784	1642504	1641721	0.0	1367
Int1_Pc_Pattern	NZ_QJKS01000126.1	97.194	784	22	0	1	784	784	1	0.0	1367
Int1_Pc_Pattern	NZ_QJKX01000121.1	97.194	784	22	0	1	784	784	1	0.0	1367
Int1_Pc_Pattern	NZ_QJKZ01000075.1	97.194	784	22	0	1	784	784	1	0.0	1367
Int1_Pc_Pattern	NZ_QJLA01000082.1	97.194	784	22	0	1	784	784	1	0.0	1367
Int1_Pc_Pattern	NZ_QJLH01000144.1	97.194	784	22	0	1	784	141	924	0.0	1367
Int1_Pc_Pattern	NZ_QJLO01000074.1	97.194	784	22	0	1	784	784	1	0.0	1367
Int1_Pc_Pattern	NZ_QJLW01000121.1	97.194	784	22	0	1	784	784	1	0.0	1367
Int1_Pc_Pattern	NZ_QJLX01000156.1	97.194	784	22	0	1	784	141	924	0.0	1367
Int1_Pc_Pattern	NZ_QJMM01000117.1	97.194	784	22	0	1	784	784	1	0.0	1367
Int1_Pc_Pattern	NZ_QJMU01000122.1	97.194	784	22	0	1	784	784	1	0.0	1367
Int1_Pc_Pattern	NZ_QJMY01000092.1	97.194	784	22	0	1	784	2001	2784	0.0	1367
Int1_Pc_Pattern	NZ_QJNA01000092.1	97.194	784	22	0	1	784	784	1	0.0	1367
Int1_Pc_Pattern	NZ_QJNP01000093.1	97.194	784	22	0	1	784	784	1	0.0	1367
Int1_Pc_Pattern	NZ_QJKN01000110.1	97.194	784	22	0	1	784	137	920	0.0	1367
Int1_Pc_Pattern	NZ_QJKR01000123.1	97.194	784	22	0	1	784	784	1	0.0	1367
Int1_Pc_Pattern	NZ_QJKU01000081.1	97.194	784	22	0	1	784	2001	2784	0.0	1367
Int1_Pc_Pattern	NZ_QJLB01000077.1	97.194	784	22	0	1	784	2001	2784	0.0	1367
Int1_Pc_Pattern	NZ_QJLE01000095.1	97.194	784	22	0	1	784	784	1	0.0	1367
Int1_Pc_Pattern	NZ_QJLG01000122.1	97.194	784	22	0	1	784	784	1	0.0	1367
Int1_Pc_Pattern	NZ_QJLK01000143.1	97.194	784	22	0	1	784	141	924	0.0	1367
Int1_Pc_Pattern	NZ_QJLQ01000140.1	97.194	784	22	0	1	784	141	924	0.0	1367
Int1_Pc_Pattern	NZ_QJLR01000118.1	97.194	784	22	0	1	784	784	1	0.0	1367
Int1_Pc_Pattern	NZ_QJLT01000123.1	97.194	784	22	0	1	784	784	1	0.0	1367
Int1_Pc_Pattern	NZ_QJMB01000143.1	97.194	784	22	0	1	784	784	1	0.0	1367
Int1_Pc_Pattern	NZ_QJMC01000119.1	97.194	784	22	0	1	784	784	1	0.0	1367
Int1_Pc_Pattern	NZ_QJMF01000129.1	97.194	784	22	0	1	784	137	920	0.0	1367
Int1_Pc_Pattern	NZ_QJMK01000117.1	97.194	784	22	0	1	784	784	1	0.0	1367
Int1_Pc_Pattern	NZ_QJML01000139.1	97.194	784	22	0	1	784	784	1	0.0	1367
Int1_Pc_Pattern	NZ_QJMN01000143.1	97.194	784	22	0	1	784	784	1	0.0	1367
Int1_Pc_Pattern	NZ_QJMR01000087.1	97.194	784	22	0	1	784	784	1	0.0	1367
Int1_Pc_Pattern	NZ_QJMT01000130.1	97.194	784	22	0	1	784	784	1	0.0	1367
Int1_Pc_Pattern	NZ_QJMX01000119.1	97.194	784	22	0	1	784	784	1	0.0	1367
Int1_Pc_Pattern	NZ_QJMZ01000085.1	97.194	784	22	0	1	784	784	1	0.0	1367
Int1_Pc_Pattern	NZ_QJNB01000117.1	97.194	784	22	0	1	784	141	924	0.0	1367
Int1_Pc_Pattern	NZ_QJNC01000145.1	97.194	784	22	0	1	784	784	1	0.0	1367
Int1_Pc_Pattern	NZ_QJNH01000075.1	97.194	784	22	0	1	784	2001	2784	0.0	1367
Int1_Pc_Pattern	NZ_QJNM01000075.1	97.194	784	22	0	1	784	2001	2784	0.0	1367
Int1_Pc_Pattern	NZ_QJNN01000119.1	97.194	784	22	0	1	784	784	1	0.0	1367
Int1_Pc_Pattern	NZ_CP023722.1	97.194	784	22	0	1	784	2975661	2974878	0.0	1367
Int1_Pc_Pattern	NZ_CP029226.1	97.194	784	22	0	1	784	3769611	3770394	0.0	1367
Int1_Pc_Pattern	NZ_CP029216.1	97.194	784	22	0	1	784	1755481	1754698	0.0	1367
Int1_Pc_Pattern	NZ_PWBN01000090.1	97.194	784	22	0	1	784	2001	2784	0.0	1367
Int1_Pc_Pattern	NZ_PWAX01000076.1	97.194	784	22	0	1	784	784	1	0.0	1367
Int1_Pc_Pattern	NZ_PWDD01000116.1	97.194	784	22	0	1	784	784	1	0.0	1367
Int1_Pc_Pattern	NZ_PWBD01000118.1	97.194	784	22	0	1	784	141	924	0.0	1367
Int1_Pc_Pattern	NZ_PWDS01000076.1	97.194	784	22	0	1	784	2001	2784	0.0	1367
Int1_Pc_Pattern	NZ_PWDE01000073.1	97.194	784	22	0	1	784	2001	2784	0.0	1367
Int1_Pc_Pattern	NZ_PWBV01000121.1	97.194	784	22	0	1	784	141	924	0.0	1367
Int1_Pc_Pattern	NZ_PWBS01000121.1	97.194	784	22	0	1	784	141	924	0.0	1367
Int1_Pc_Pattern	NZ_PWBO01000118.1	97.194	784	22	0	1	784	141	924	0.0	1367
Int1_Pc_Pattern	NZ_CP025456.1	97.194	784	22	0	1	784	2311667	2310884	0.0	1367
Int1_Pc_Pattern	NZ_CP028583.2	97.194	784	22	0	1	784	3141329	3142112	0.0	1367
Int1_Pc_Pattern	NZ_CP036371.1	97.194	784	22	0	1	784	1937155	1936372	0.0	1367
Int1_Pc_Pattern	NZ_CP023941.1	97.194	784	22	0	1	784	3042641	3043424	0.0	1367
Int1_Pc_Pattern	NZ_NJPJ01000122.1	97.194	784	22	0	1	784	2126	2909	0.0	1367
Int1_Pc_Pattern	NZ_NJPK01000034.1	97.194	784	22	0	1	784	2020	2803	0.0	1367
Int1_Pc_Pattern	NZ_NPGR01000061.1	97.194	784	22	0	1	784	911	128	0.0	1367
Int1_Pc_Pattern	NZ_NLCX01000208.1	97.194	784	22	0	1	784	911	128	0.0	1367
Int1_Pc_Pattern	NZ_NLCY01000062.1	97.194	784	22	0	1	784	911	128	0.0	1367
Int1_Pc_Pattern	NZ_NLCZ01000201.1	97.194	784	22	0	1	784	109	892	0.0	1367
Int1_Pc_Pattern	NZ_NLDB01000069.1	97.194	784	22	0	1	784	911	128	0.0	1367
Int1_Pc_Pattern	NZ_NLDH01000103.1	97.194	784	22	0	1	784	1116	1899	0.0	1367
Int1_Pc_Pattern	NZ_NLDG01000127.1	97.194	784	22	0	1	784	784	1	0.0	1367
Int1_Pc_Pattern	NZ_NLDE01000111.1	97.194	784	22	0	1	784	140	923	0.0	1367
Int1_Pc_Pattern	NZ_NLDJ01000084.1	97.194	784	22	0	1	784	911	128	0.0	1367
Int1_Pc_Pattern	NZ_NLDO01000102.1	97.194	784	22	0	1	784	1116	1899	0.0	1367
Int1_Pc_Pattern	NZ_NLDX01000063.1	97.194	784	22	0	1	784	911	128	0.0	1367
Int1_Pc_Pattern	NZ_NLDW01000064.1	97.194	784	22	0	1	784	911	128	0.0	1367
Int1_Pc_Pattern	NZ_NLEH01000076.1	97.194	784	22	0	1	784	911	128	0.0	1367
Int1_Pc_Pattern	NZ_NLEL01000109.1	97.194	784	22	0	1	784	140	923	0.0	1367
Int1_Pc_Pattern	NZ_NLFH01000064.1	97.194	784	22	0	1	784	911	128	0.0	1367
Int1_Pc_Pattern	NZ_CP027068.3	97.194	784	22	0	1	784	3127939	3128722	0.0	1367
Int1_Pc_Pattern	NZ_CM121373.1	97.194	784	22	0	1	784	3128141	3128924	0.0	1367
Int1_Pc_Pattern	NZ_CP036361.1	97.194	784	22	0	1	784	3141331	3142114	0.0	1367
Int1_Pc_Pattern	NZ_CP028542.3	97.194	784	22	0	1	784	1937155	1936372	0.0	1367
Int1_Pc_Pattern	NZ_LZDA01000026.1	100.000	739	0	0	276	1014	6301	7039	0.0	1365
Int1_Pc_Pattern	NZ_LZDA01000026.1	86.250	160	22	0	1	160	6141	6300	5.84e-52	215
Int1_Pc_Pattern	NZ_WJTE01000001.1	97.066	784	23	0	1	784	3157346	3158129	0.0	1362
Int1_Pc_Pattern	NZ_CP015991.1	100.000	735	0	0	116	850	34886	35620	0.0	1358
Int1_Pc_Pattern	DAJRQV010000136.1	97.169	777	22	0	1	777	119	895	0.0	1354
Int1_Pc_Pattern	DAJEGO010000069.1	97.169	777	22	0	1	777	119	895	0.0	1354
Int1_Pc_Pattern	DAHEVH010000113.1	97.169	777	22	0	1	777	119	895	0.0	1354
Int1_Pc_Pattern	DACOPB010000070.1	97.169	777	22	0	1	777	119	895	0.0	1354
Int1_Pc_Pattern	NZ_CP024573.1	97.047	779	23	0	1	779	18560	17782	0.0	1352
Int1_Pc_Pattern	NZ_CP024552.1	97.047	779	23	0	1	779	18560	17782	0.0	1352
Int1_Pc_Pattern	NZ_CP024538.1	97.047	779	23	0	1	779	18560	17782	0.0	1352
Int1_Pc_Pattern	NZ_CP024531.1	97.047	779	23	0	1	779	18560	17782	0.0	1352
Int1_Pc_Pattern	NZ_CP024566.1	97.047	779	23	0	1	779	18560	17782	0.0	1352
Int1_Pc_Pattern	NZ_CP024194.1	97.047	779	23	0	1	779	18560	17782	0.0	1352
Int1_Pc_Pattern	NZ_NFVK01000061.1	100.000	727	0	0	288	1014	1	727	0.0	1343
Int1_Pc_Pattern	LRJA01000034.1	100.000	727	0	0	288	1014	929	203	0.0	1343
Int1_Pc_Pattern	NZ_NEZD02000071.1	97.139	769	22	0	1	769	1589	821	0.0	1339
Int1_Pc_Pattern	NZ_VXJG01000007.1	97.135	768	22	0	1	768	119890	119123	0.0	1338
Int1_Pc_Pattern	NZ_VXJE01000003.1	97.135	768	22	0	1	768	89250	88483	0.0	1338
Int1_Pc_Pattern	NZ_VWXN01000165.1	97.135	768	22	0	1	768	895	128	0.0	1338
Int1_Pc_Pattern	NZ_VUCB01000090.1	97.135	768	22	0	1	768	6957	7724	0.0	1338
Int1_Pc_Pattern	NZ_VUCA01000041.1	97.135	768	22	0	1	768	844	77	0.0	1338
Int1_Pc_Pattern	NZ_VUBP01000036.1	97.135	768	22	0	1	768	845	78	0.0	1338
Int1_Pc_Pattern	NZ_VUBU01000050.1	97.135	768	22	0	1	768	845	78	0.0	1338
Int1_Pc_Pattern	NZ_VUBT01000057.1	97.135	768	22	0	1	768	845	78	0.0	1338
Int1_Pc_Pattern	NZ_VUBL01000071.1	97.135	768	22	0	1	768	5142	5909	0.0	1338
Int1_Pc_Pattern	NZ_VUBJ01000090.1	97.135	768	22	0	1	768	1152	1919	0.0	1338
Int1_Pc_Pattern	NZ_VUBD01000043.1	97.135	768	22	0	1	768	6957	7724	0.0	1338
Int1_Pc_Pattern	NZ_VOMH01000197.1	97.135	768	22	0	1	768	895	128	0.0	1338
Int1_Pc_Pattern	NZ_RDAR01000003.1	97.135	768	22	0	1	768	169384	168617	0.0	1338
Int1_Pc_Pattern	NZ_RCZV01000002.1	97.135	768	22	0	1	768	164666	163899	0.0	1338
Int1_Pc_Pattern	NZ_RCZV01000002.1	96.875	768	23	1	1	768	23558	22792	0.0	1325
Int1_Pc_Pattern	NZ_CP025039.1	97.135	768	22	0	1	768	52042	52809	0.0	1338
Int1_Pc_Pattern	NZ_NQLN01000047.1	97.135	768	22	0	1	768	6984	6217	0.0	1338
Int1_Pc_Pattern	NZ_NFBL02000073.1	97.135	768	22	0	1	768	845	78	0.0	1338
Int1_Pc_Pattern	NZ_NFAB02000072.1	97.135	768	22	0	1	768	845	78	0.0	1338
Int1_Pc_Pattern	NZ_NDEW01000099.1	97.135	768	22	0	1	768	768	1	0.0	1338
Int1_Pc_Pattern	NZ_NDEL01000017.1	97.135	768	22	0	1	768	1149	1916	0.0	1338
Int1_Pc_Pattern	NZ_NDEF01000019.1	97.135	768	22	0	1	768	768	1	0.0	1338
Int1_Pc_Pattern	NZ_NDDY01000073.1	97.135	768	22	0	1	768	3309	4076	0.0	1338
Int1_Pc_Pattern	NZ_NDDE01000081.1	97.135	768	22	0	1	768	6957	7724	0.0	1338
Int1_Pc_Pattern	NZ_NDCG01000085.1	97.135	768	22	0	1	768	768	1	0.0	1338
Int1_Pc_Pattern	NZ_NDDO01000016.1	97.135	768	22	0	1	768	768	1	0.0	1338
Int1_Pc_Pattern	NZ_NDDM01000021.1	97.135	768	22	0	1	768	768	1	0.0	1338
Int1_Pc_Pattern	NZ_NDDJ01000098.1	97.135	768	22	0	1	768	768	1	0.0	1338
Int1_Pc_Pattern	NZ_NDCU01000151.1	97.135	768	22	0	1	768	768	1	0.0	1338
Int1_Pc_Pattern	NZ_NDCO01000123.1	97.135	768	22	0	1	768	768	1	0.0	1338
Int1_Pc_Pattern	NZ_NDCC01000033.1	97.135	768	22	0	1	768	845	78	0.0	1338
Int1_Pc_Pattern	NZ_NDBY01000019.1	97.135	768	22	0	1	768	768	1	0.0	1338
Int1_Pc_Pattern	NZ_NDBV01000003.1	97.135	768	22	0	1	768	1152	1919	0.0	1338
Int1_Pc_Pattern	NZ_NDIU01000134.1	97.135	768	22	0	1	768	768	1	0.0	1338
Int1_Pc_Pattern	NZ_CP015387.1	97.135	768	22	0	1	768	133930	134697	0.0	1338
Int1_Pc_Pattern	NZ_MAOR01000075.1	97.135	768	22	0	1	768	845	78	0.0	1338
Int1_Pc_Pattern	NZ_MAPO01000082.1	97.135	768	22	0	1	768	6957	7724	0.0	1338
Int1_Pc_Pattern	NZ_MAOQ01000099.1	97.135	768	22	0	1	768	1198	1965	0.0	1338
Int1_Pc_Pattern	NZ_MAPM01000073.1	97.135	768	22	0	1	768	1152	1919	0.0	1338
Int1_Pc_Pattern	NZ_MAPL01000060.1	97.135	768	22	0	1	768	845	78	0.0	1338
Int1_Pc_Pattern	NZ_MAPJ01000009.1	97.135	768	22	0	1	768	845	78	0.0	1338
Int1_Pc_Pattern	NZ_MAPH01000173.1	97.135	768	22	0	1	768	845	78	0.0	1338
Int1_Pc_Pattern	NZ_MAPI01000012.1	97.135	768	22	0	1	768	845	78	0.0	1338
Int1_Pc_Pattern	NZ_MPYY04000123.1	97.135	768	22	0	1	768	1152	1919	0.0	1338
Int1_Pc_Pattern	NZ_MPYQ04000095.1	97.135	768	22	0	1	768	1152	1919	0.0	1338
Int1_Pc_Pattern	NZ_MPYV04000037.1	97.135	768	22	0	1	768	768	1	0.0	1338
Int1_Pc_Pattern	NZ_MPZC04000009.1	97.135	768	22	0	1	768	4294	5061	0.0	1338
Int1_Pc_Pattern	NZ_MPCN01000003.1	97.135	768	22	0	1	768	29417	28650	0.0	1338
Int1_Pc_Pattern	NZ_LOEF01000185.1	97.135	768	22	0	1	768	140	907	0.0	1338
Int1_Pc_Pattern	NZ_CDGC01000128.1	97.101	759	22	0	1	759	594	1352	0.0	1321
Int1_Pc_Pattern	NZ_VAVR01000084.1	97.090	756	22	0	1	756	756	1	0.0	1315
Int1_Pc_Pattern	NZ_QOVV01000352.1	97.090	756	22	0	1	756	140	895	0.0	1315
Int1_Pc_Pattern	NZ_CCGR01000107.1	97.090	756	22	0	1	756	603	1358	0.0	1315
Int1_Pc_Pattern	NZ_SWGJ01000055.1	97.071	751	22	0	1	751	143140	143890	0.0	1306
Int1_Pc_Pattern	NZ_SWGJ01000055.1	100.000	264	0	0	751	1014	144256	144519	3.12e-134	488
Int1_Pc_Pattern	NZ_LLSN01000001.1	97.071	751	22	0	1	751	156820	157570	0.0	1306
Int1_Pc_Pattern	NZ_LLSN01000001.1	100.000	264	0	0	751	1014	157936	158199	3.12e-134	488
Int1_Pc_Pattern	NZ_NCPC01000023.1	100.000	707	0	0	308	1014	12483	13189	0.0	1306
Int1_Pc_Pattern	NZ_MQNA01000057.1	100.000	707	0	0	308	1014	1	707	0.0	1306
Int1_Pc_Pattern	NZ_QMGL01000005.1	100.000	706	0	0	309	1014	24225	23520	0.0	1304
Int1_Pc_Pattern	NZ_QMGL01000005.1	89.573	211	22	0	1	211	2070	2280	2.61e-80	309
Int1_Pc_Pattern	NZ_QMGL01000005.1	88.152	211	20	5	1	211	28410	28615	1.58e-72	283
Int1_Pc_Pattern	NZ_MPVF01000020.1	100.000	706	0	0	309	1014	77	782	0.0	1304
Int1_Pc_Pattern	NZ_NEZG02000043.1	100.000	705	0	0	310	1014	1264	560	0.0	1303
Int1_Pc_Pattern	NZ_JACSVN010000281.1	97.059	748	22	0	1	748	3552	4299	0.0	1301
Int1_Pc_Pattern	NZ_MPVK01000199.1	100.000	702	0	0	313	1014	1	702	0.0	1297
Int1_Pc_Pattern	NZ_SCWZ01000173.1	96.929	749	22	1	1	749	2416	1669	0.0	1295
Int1_Pc_Pattern	NZ_NQDT01000115.1	96.917	746	23	0	1	746	9298	10043	0.0	1291
Int1_Pc_Pattern	NZ_NQDO01000047.1	96.917	746	23	0	1	746	9299	10044	0.0	1291
Int1_Pc_Pattern	NZ_NIHH01000140.1	96.917	746	23	0	1	746	9249	9994	0.0	1291
Int1_Pc_Pattern	NZ_CP021690.1	96.796	749	24	0	1	749	94013	93265	0.0	1291
Int1_Pc_Pattern	NZ_NCTG01000047.1	96.796	749	24	0	1	749	2968	2220	0.0	1291
Int1_Pc_Pattern	NZ_MQAF01000094.1	96.917	746	23	0	1	746	9285	10030	0.0	1291
Int1_Pc_Pattern	NZ_MOZA01000061.1	96.917	746	23	0	1	746	9299	10044	0.0	1291
Int1_Pc_Pattern	NZ_MKJG01000020.1	96.917	746	23	0	1	746	10351	11096	0.0	1291
Int1_Pc_Pattern	NZ_LSBU01000101.1	96.917	746	23	0	1	746	9240	9985	0.0	1291
Int1_Pc_Pattern	NZ_LSBX01000002.1	96.796	749	24	0	1	749	764	16	0.0	1291
Int1_Pc_Pattern	NZ_LSGU01000198.1	96.917	746	23	0	1	746	9285	10030	0.0	1291
Int1_Pc_Pattern	NZ_LSEP01000074.1	96.917	746	23	0	1	746	9283	10028	0.0	1291
Int1_Pc_Pattern	NZ_LSEJ01000036.1	96.917	746	23	0	1	746	9284	10029	0.0	1291
Int1_Pc_Pattern	NZ_LSEK01000079.1	96.796	749	24	0	1	749	810	62	0.0	1291
Int1_Pc_Pattern	NZ_LSEI01000088.1	96.917	746	23	0	1	746	8320	9065	0.0	1291
Int1_Pc_Pattern	NZ_LSFO01000117.1	96.917	746	23	0	1	746	1780	2525	0.0	1291
Int1_Pc_Pattern	NZ_LVSJ01000037.1	96.917	746	23	0	1	746	9299	10044	0.0	1291
Int1_Pc_Pattern	NZ_LVRW01000110.1	96.917	746	23	0	1	746	9299	10044	0.0	1291
Int1_Pc_Pattern	NZ_LVRU01000080.1	96.796	749	24	0	1	749	822	74	0.0	1291
Int1_Pc_Pattern	NZ_LVRL01000062.1	96.796	749	24	0	1	749	822	74	0.0	1291
Int1_Pc_Pattern	NZ_LVRJ02000003.1	96.796	749	24	0	1	749	5119	4371	0.0	1291
Int1_Pc_Pattern	NZ_CP014493.1	96.796	749	24	0	1	749	112169	111421	0.0	1291
Int1_Pc_Pattern	NZ_LRVX01000099.1	96.917	746	23	0	1	746	9287	10032	0.0	1291
Int1_Pc_Pattern	NZ_LRAP01000097.1	96.796	749	24	0	1	749	822	74	0.0	1291
Int1_Pc_Pattern	NZ_LQWT01000029.1	96.917	746	23	0	1	746	9299	10044	0.0	1291
Int1_Pc_Pattern	NZ_LQUR01000296.1	96.917	746	23	0	1	746	15958	16703	0.0	1291
Int1_Pc_Pattern	NZ_LLYH01000038.1	96.796	749	24	0	1	749	803	55	0.0	1291
Int1_Pc_Pattern	NZ_JJNV01000096.1	96.796	749	24	0	1	749	994	246	0.0	1291
Int1_Pc_Pattern	NZ_NCVZ02000047.1	96.913	745	23	0	1	745	9222	9966	0.0	1290
Int1_Pc_Pattern	NZ_CDFR01000221.1	97.031	741	22	0	1	741	5362	6102	0.0	1288
Int1_Pc_Pattern	NZ_JAAJSW010000030.1	100.000	696	0	0	319	1014	54089	53394	0.0	1286
Int1_Pc_Pattern	NZ_NICL01000014.1	100.000	696	0	0	319	1014	1	696	0.0	1286
Int1_Pc_Pattern	NZ_JACSTQ010000496.1	100.000	696	0	0	116	811	696	1	0.0	1286
Int1_Pc_Pattern	NZ_CP015140.1	96.783	746	23	1	1	746	13038	13782	0.0	1284
Int1_Pc_Pattern	NZ_CCBT01000438.1	97.019	738	22	0	1	738	19	756	0.0	1282
Int1_Pc_Pattern	NZ_PQJQ01000062.1	100.000	693	0	0	322	1014	15099	14407	0.0	1280
Int1_Pc_Pattern	NZ_JACCIR010000033.1	97.003	734	22	0	1	734	3750	4483	0.0	1275
Int1_Pc_Pattern	NZ_JACCIK010000045.1	97.003	734	22	0	1	734	3750	4483	0.0	1275
Int1_Pc_Pattern	DBNSWK010000163.1	100.000	690	0	0	325	1014	2434	1745	0.0	1275
Int1_Pc_Pattern	DBKNGZ010000118.1	100.000	690	0	0	325	1014	3538	2849	0.0	1275
Int1_Pc_Pattern	NZ_JBDKQW010000063.1	100.000	683	0	0	116	798	26	708	0.0	1262
Int1_Pc_Pattern	NZ_JBDKQX010000062.1	100.000	683	0	0	116	798	683	1	0.0	1262
Int1_Pc_Pattern	NZ_NIIK01000147.1	100.000	683	0	0	116	798	21	703	0.0	1262
Int1_Pc_Pattern	NZ_NIIJ01000108.1	100.000	683	0	0	116	798	21	703	0.0	1262
Int1_Pc_Pattern	NZ_SGTT01000094.1	100.000	683	0	0	116	798	59	741	0.0	1262
Int1_Pc_Pattern	NZ_SGTT01000094.1	100.000	32	0	0	58	89	1	32	2.90e-05	60.2
Int1_Pc_Pattern	NZ_LZUX01000056.1	100.000	683	0	0	116	798	683	1	0.0	1262
Int1_Pc_Pattern	NZ_LZXS01000104.1	100.000	683	0	0	116	798	683	1	0.0	1262
Int1_Pc_Pattern	NZ_LMAM01000077.1	100.000	683	0	0	116	798	683	1	0.0	1262
Int1_Pc_Pattern	NZ_LMAL01000037.1	100.000	682	0	0	117	798	1	682	0.0	1260
Int1_Pc_Pattern	NZ_NLSK01000098.1	100.000	681	0	0	334	1014	1131	451	0.0	1258
Int1_Pc_Pattern	NZ_LLZE01000069.1	100.000	681	0	0	116	796	681	1	0.0	1258
Int1_Pc_Pattern	NZ_MSZJ01000066.1	100.000	671	0	0	235	905	1	671	0.0	1240
Int1_Pc_Pattern	NZ_VIJJ01000133.1	100.000	669	0	0	116	784	669	1	0.0	1236
Int1_Pc_Pattern	NZ_VIJK01000123.1	100.000	669	0	0	116	784	21	689	0.0	1236
Int1_Pc_Pattern	NZ_VIXY01000128.1	100.000	669	0	0	116	784	669	1	0.0	1236
Int1_Pc_Pattern	NZ_CAIZTA010000066.1	99.851	673	0	1	288	960	6214	5543	0.0	1236
Int1_Pc_Pattern	NZ_CAIZTA010000066.1	100.000	66	0	0	949	1014	77	12	3.64e-24	122
Int1_Pc_Pattern	CAIZTA010000066.1	99.851	673	0	1	288	960	6214	5543	0.0	1236
Int1_Pc_Pattern	CAIZTA010000066.1	100.000	66	0	0	949	1014	77	12	3.64e-24	122
Int1_Pc_Pattern	NZ_QBCB01000088.1	100.000	667	0	0	348	1014	1	667	0.0	1232
Int1_Pc_Pattern	NZ_WJTC01000060.1	100.000	666	0	0	119	784	1	666	0.0	1230
Int1_Pc_Pattern	DBJVLE010000113.1	100.000	665	0	0	350	1014	846	182	0.0	1229
Int1_Pc_Pattern	NZ_JAIPKY010000013.1	100.000	660	0	0	355	1014	1	660	0.0	1219
Int1_Pc_Pattern	NZ_CM008267.1	100.000	659	0	0	356	1014	107300	107958	0.0	1218
Int1_Pc_Pattern	NZ_CM008267.1	100.000	489	0	0	116	604	106810	107298	0.0	904
Int1_Pc_Pattern	NZ_CM008267.1	93.895	344	21	0	1	344	106446	106789	3.03e-154	555
Int1_Pc_Pattern	NZ_BGLP01000214.1	100.000	654	0	0	116	769	654	1	0.0	1208
Int1_Pc_Pattern	NZ_RXPU01000103.1	100.000	650	0	0	365	1014	1	650	0.0	1201
Int1_Pc_Pattern	RXPU01000103.1	100.000	650	0	0	365	1014	1	650	0.0	1201
Int1_Pc_Pattern	DBOPDP010000133.1	100.000	649	0	0	366	1014	2353	1705	0.0	1199
Int1_Pc_Pattern	DBNSWK010000076.1	100.000	649	0	0	366	1014	2352	1704	0.0	1199
Int1_Pc_Pattern	DBNRXH010000109.1	100.000	649	0	0	366	1014	2135	1487	0.0	1199
Int1_Pc_Pattern	DBNRWY010000204.1	100.000	649	0	0	366	1014	830	182	0.0	1199
Int1_Pc_Pattern	DBNRWX010000213.1	100.000	649	0	0	366	1014	830	182	0.0	1199
Int1_Pc_Pattern	DBNRWL010000172.1	100.000	649	0	0	366	1014	830	182	0.0	1199
Int1_Pc_Pattern	DBNRWH010000114.1	100.000	649	0	0	366	1014	2353	1705	0.0	1199
Int1_Pc_Pattern	DBNRVK010000169.1	100.000	649	0	0	366	1014	830	182	0.0	1199
Int1_Pc_Pattern	DBNRVC010000084.1	100.000	649	0	0	366	1014	2353	1705	0.0	1199
Int1_Pc_Pattern	DBNRUO010000172.1	100.000	649	0	0	366	1014	830	182	0.0	1199
Int1_Pc_Pattern	DBNRUK010000132.1	100.000	649	0	0	366	1014	2353	1705	0.0	1199
Int1_Pc_Pattern	DBNRSC010000111.1	100.000	649	0	0	366	1014	2353	1705	0.0	1199
Int1_Pc_Pattern	DBNRRZ010000110.1	100.000	649	0	0	366	1014	2353	1705	0.0	1199
Int1_Pc_Pattern	DBNRRU010000128.1	100.000	649	0	0	366	1014	830	182	0.0	1199
Int1_Pc_Pattern	DBNRQB010000214.1	100.000	649	0	0	366	1014	2353	1705	0.0	1199
Int1_Pc_Pattern	DBHZQQ010000087.1	100.000	649	0	0	366	1014	830	182	0.0	1199
Int1_Pc_Pattern	DBCAUF010000144.1	100.000	649	0	0	366	1014	830	182	0.0	1199
Int1_Pc_Pattern	NZ_JBVTJZ010000020.1	100.000	646	0	0	369	1014	72284	71639	0.0	1194
Int1_Pc_Pattern	NZ_PRIQ01000049.1	96.812	690	22	0	1	690	690	1	0.0	1194
Int1_Pc_Pattern	NZ_JSER01000014.1	96.671	691	23	0	1	691	3121	3811	0.0	1190
Int1_Pc_Pattern	DAHEFL010000182.1	100.000	641	0	0	137	777	641	1	0.0	1184
Int1_Pc_Pattern	DACOPU010000091.1	100.000	639	0	0	376	1014	707	69	0.0	1181
Int1_Pc_Pattern	DACOPV010000175.1	100.000	639	0	0	376	1014	707	69	0.0	1181
Int1_Pc_Pattern	NZ_BHWP01000108.1	96.774	682	22	0	1	682	267	948	0.0	1179
Int1_Pc_Pattern	NZ_AP023341.1	96.774	682	22	0	1	682	8738	9419	0.0	1179
Int1_Pc_Pattern	NZ_VUBI01000057.1	96.774	682	22	0	1	682	682	1	0.0	1179
Int1_Pc_Pattern	NZ_CP033629.1	96.774	682	22	0	1	682	5371	6052	0.0	1179
Int1_Pc_Pattern	NZ_QBCB01000079.1	96.774	682	22	0	1	682	682	1	0.0	1179
Int1_Pc_Pattern	NZ_NPHH01000104.1	96.774	682	22	0	1	682	141	822	0.0	1179
Int1_Pc_Pattern	NZ_MOSI01000631.1	96.774	682	22	0	1	682	769	88	0.0	1179
Int1_Pc_Pattern	NZ_AP024499.1	96.774	682	22	0	1	682	78383	77702	0.0	1179
Int1_Pc_Pattern	NZ_CP023378.1	96.774	682	22	0	1	682	21581	22262	0.0	1179
Int1_Pc_Pattern	NZ_NIIG01000060.1	96.774	682	22	0	1	682	5225	5906	0.0	1179
Int1_Pc_Pattern	NZ_NIIE01000096.1	96.774	682	22	0	1	682	331	1012	0.0	1179
Int1_Pc_Pattern	NZ_MKFN01000078.1	96.774	682	22	0	1	682	140	821	0.0	1179
Int1_Pc_Pattern	NZ_MVOW01000104.1	96.774	682	22	0	1	682	141	822	0.0	1179
Int1_Pc_Pattern	NZ_MUKJ01000057.1	96.774	682	22	0	1	682	682	1	0.0	1179
Int1_Pc_Pattern	NZ_MUJF01000059.1	96.774	682	22	0	1	682	682	1	0.0	1179
Int1_Pc_Pattern	NZ_CP021203.1	96.774	682	22	0	1	682	181789	181108	0.0	1179
Int1_Pc_Pattern	NZ_CP019028.1	96.774	682	22	0	1	682	54547	53866	0.0	1179
Int1_Pc_Pattern	NZ_CP017633.1	96.774	682	22	0	1	682	58322	57641	0.0	1179
Int1_Pc_Pattern	NZ_CP010164.1	96.774	682	22	0	1	682	4614	3933	0.0	1179
Int1_Pc_Pattern	NZ_CP010164.1	96.774	682	22	0	1	682	10039	9358	0.0	1179
Int1_Pc_Pattern	NZ_LRHR01000040.1	96.774	682	22	0	1	682	752	71	0.0	1179
Int1_Pc_Pattern	NZ_LRXF01000162.1	96.774	682	22	0	1	682	140	821	0.0	1179
Int1_Pc_Pattern	NZ_LRVQ01000018.1	96.774	682	22	0	1	682	5170	5851	0.0	1179
Int1_Pc_Pattern	NZ_LNPW01000009.1	96.774	682	22	0	1	682	745	64	0.0	1179
Int1_Pc_Pattern	NZ_JFFM01000032.1	96.774	682	22	0	1	682	9472	10153	0.0	1179
Int1_Pc_Pattern	NZ_PRIN01000060.1	96.774	682	22	0	1	682	3921	4602	0.0	1179
Int1_Pc_Pattern	NZ_PRKB01000038.1	96.774	682	22	0	1	682	795	114	0.0	1179
Int1_Pc_Pattern	NZ_PRHR01000053.1	96.774	682	22	0	1	682	321	1002	0.0	1179
Int1_Pc_Pattern	NZ_PRFR01000056.1	96.774	682	22	0	1	682	4398	3717	0.0	1179
Int1_Pc_Pattern	NZ_PRFY01000049.1	96.774	682	22	0	1	682	791	110	0.0	1179
Int1_Pc_Pattern	NZ_CP008715.1	96.628	682	23	0	1	682	80014	79333	0.0	1173
Int1_Pc_Pattern	NZ_CDFU01000138.1	96.755	678	22	0	1	678	569	1246	0.0	1171
Int1_Pc_Pattern	NZ_CP043935.1	96.623	681	22	1	1	680	48945	49625	0.0	1170
Int1_Pc_Pattern	NZ_CP043935.1	95.161	682	24	7	1	682	175548	176220	0.0	1109
Int1_Pc_Pattern	NZ_CCBT01000431.1	100.000	630	0	0	385	1014	1	630	0.0	1164
Int1_Pc_Pattern	NZ_MKGX01000122.1	96.702	667	22	0	1	667	687	21	0.0	1151
Int1_Pc_Pattern	ACBDHI010000093.1	100.000	622	0	0	366	987	622	1	0.0	1149
Int1_Pc_Pattern	NZ_JACCIM010000044.1	100.000	619	0	0	116	734	26	644	0.0	1144
Int1_Pc_Pattern	NZ_JAJFCY010000104.1	96.682	663	22	0	1	663	663	1	0.0	1144
Int1_Pc_Pattern	NZ_JAAKYC010000108.1	96.677	662	22	0	21	682	662	1	0.0	1142
Int1_Pc_Pattern	NZ_NCPK01000050.1	100.000	614	0	0	292	905	614	1	0.0	1134
Int1_Pc_Pattern	NZ_NXHP01000222.1	96.651	657	22	0	1	657	657	1	0.0	1133
Int1_Pc_Pattern	NZ_NXHN01000304.1	96.651	657	22	0	1	657	657	1	0.0	1133
Int1_Pc_Pattern	NZ_MKEM01000332.1	100.000	613	0	0	402	1014	7593	6981	0.0	1133
Int1_Pc_Pattern	NZ_NCMN01000070.1	100.000	613	0	0	293	905	613	1	0.0	1133
Int1_Pc_Pattern	JBMDEJ010000101.1	100.000	610	0	0	191	800	1	610	0.0	1127
Int1_Pc_Pattern	NZ_SWFW01000040.1	96.615	650	22	0	1	650	42813	42164	0.0	1120
Int1_Pc_Pattern	NZ_SWFW01000040.1	100.000	368	0	0	647	1014	40833	40466	0.0	680
Int1_Pc_Pattern	SWHU01000046.1	96.615	650	22	0	1	650	141	790	0.0	1120
Int1_Pc_Pattern	SWHU01000046.1	100.000	368	0	0	647	1014	2121	2488	0.0	680
Int1_Pc_Pattern	NZ_LVTI01000126.1	100.000	603	0	0	256	858	1	603	0.0	1114
Int1_Pc_Pattern	NZ_LVTI01000126.1	93.373	332	22	0	1	332	925	594	1.42e-147	532
Int1_Pc_Pattern	NZ_LSEO01000110.1	96.568	641	22	0	1	641	3845	4485	0.0	1103
Int1_Pc_Pattern	NZ_CP023918.1	96.372	634	23	0	1	634	62001	61368	0.0	1085
Int1_Pc_Pattern	NZ_JFFM01000059.1	100.000	583	0	0	432	1014	1678	1096	0.0	1077
Int1_Pc_Pattern	NZ_CDFU01000055.1	100.000	580	0	0	435	1014	41164	40585	0.0	1072
Int1_Pc_Pattern	NZ_NEFS01000171.1	96.474	624	22	0	1	624	624	1	0.0	1072
Int1_Pc_Pattern	NZ_SGHM01000106.1	99.828	581	1	0	244	824	1	581	0.0	1068
Int1_Pc_Pattern	DAPKGA010000122.1	96.452	620	22	0	1	620	119	738	0.0	1064
Int1_Pc_Pattern	NZ_WMJE01000064.1	100.000	573	0	0	442	1014	1663	1091	0.0	1059
Int1_Pc_Pattern	NZ_QJLM01000123.1	96.411	613	22	0	1	613	136	748	0.0	1051
Int1_Pc_Pattern	NZ_MKFL01000087.1	100.000	567	0	0	116	682	567	1	0.0	1048
Int1_Pc_Pattern	NZ_MQNA01000048.1	96.370	606	22	0	1	606	606	1	0.0	1038
Int1_Pc_Pattern	NZ_CP035198.1	96.358	604	22	0	1	604	33211	33814	0.0	1035
Int1_Pc_Pattern	NZ_NCNI01000036.1	96.358	604	22	0	1	604	617	14	0.0	1035
Int1_Pc_Pattern	NZ_NPZH01000021.1	96.358	604	22	0	1	604	141	744	0.0	1035
Int1_Pc_Pattern	NZ_VAGP01000077.1	100.000	557	0	0	242	798	1	557	0.0	1029
Int1_Pc_Pattern	JAJSXZ010000125.1	96.321	598	22	0	1	598	140	737	0.0	1024
Int1_Pc_Pattern	NZ_NIZR01000109.1	96.265	589	22	0	1	589	116	704	0.0	1007
Int1_Pc_Pattern	NZ_CDFZ01000024.1	99.454	549	3	0	466	1014	41168	40620	0.0	1003
Int1_Pc_Pattern	JAJSXZ010000076.1	100.000	543	0	0	472	1014	1	543	0.0	1003
Int1_Pc_Pattern	NZ_QHLV01000753.1	100.000	542	0	0	259	800	542	1	0.0	1002
Int1_Pc_Pattern	NZ_QBEC01000075.1	100.000	542	0	0	259	800	1	542	0.0	1002
Int1_Pc_Pattern	DBKMAY010000048.1	96.226	583	22	0	1	583	10568	11150	0.0	996
Int1_Pc_Pattern	NZ_JHSC01000051.1	96.226	583	22	0	1	583	1657	2239	0.0	996
Int1_Pc_Pattern	NZ_SWGA01000033.1	100.000	535	0	0	116	650	30230	29696	0.0	989
Int1_Pc_Pattern	NZ_SWGA01000033.1	100.000	368	0	0	647	1014	28365	27998	0.0	680
Int1_Pc_Pattern	NZ_LYML01000094.1	96.161	573	22	0	1	573	1192	1764	0.0	977
Int1_Pc_Pattern	NZ_WMJE01000086.1	96.127	568	22	0	1	568	145	712	0.0	968
Int1_Pc_Pattern	NZ_CDFR01000161.1	100.000	522	0	0	493	1014	1	522	0.0	965
Int1_Pc_Pattern	NZ_NCND01000080.1	100.000	521	0	0	494	1014	19	539	0.0	963
Int1_Pc_Pattern	NZ_RZKM01000091.1	100.000	519	0	0	266	784	637	119	0.0	959
Int1_Pc_Pattern	NZ_NEFS01000005.1	100.000	517	0	0	498	1014	1	517	0.0	955
Int1_Pc_Pattern	NZ_JACSTB010000736.1	100.000	517	0	0	116	632	632	1148	0.0	955
Int1_Pc_Pattern	NZ_QORA01000390.1	100.000	515	0	0	282	796	1	515	0.0	952
Int1_Pc_Pattern	NZ_NAFN01000078.1	100.000	513	0	0	502	1014	1791	1279	0.0	948
Int1_Pc_Pattern	NZ_LBBM01000071.1	100.000	513	0	0	502	1014	5	517	0.0	948
Int1_Pc_Pattern	NZ_RAHS01000090.1	100.000	511	0	0	288	798	588	78	0.0	944
Int1_Pc_Pattern	NZ_SETH01000079.1	100.000	511	0	0	288	798	1	511	0.0	944
Int1_Pc_Pattern	NZ_NEQM01000076.1	100.000	511	0	0	288	798	1	511	0.0	944
Int1_Pc_Pattern	NZ_NDAZ01000104.1	100.000	511	0	0	288	798	1	511	0.0	944
Int1_Pc_Pattern	NZ_NDAS01000065.1	100.000	511	0	0	288	798	1	511	0.0	944
Int1_Pc_Pattern	NZ_NGHZ01000076.1	100.000	511	0	0	288	798	1	511	0.0	944
Int1_Pc_Pattern	NZ_NGFE01000016.1	100.000	511	0	0	288	798	1	511	0.0	944
Int1_Pc_Pattern	NZ_NGEI01000086.1	100.000	511	0	0	288	798	1	511	0.0	944
Int1_Pc_Pattern	NZ_MSOY01000057.1	100.000	511	0	0	288	798	1	511	0.0	944
Int1_Pc_Pattern	NZ_MSOL01000081.1	100.000	511	0	0	288	798	1	511	0.0	944
Int1_Pc_Pattern	NZ_LYZN01000022.1	100.000	511	0	0	288	798	1	511	0.0	944
Int1_Pc_Pattern	DACOIX010000128.1	100.000	510	0	0	505	1014	691	182	0.0	942
Int1_Pc_Pattern	NZ_LRKM01000003.1	96.014	552	22	0	1	552	1307	756	0.0	939
Int1_Pc_Pattern	NZ_LRWL01000096.1	95.985	548	22	0	1	548	5167	5714	0.0	931
Int1_Pc_Pattern	NZ_NIZR01000107.1	100.000	502	0	0	513	1014	781	280	0.0	928
Int1_Pc_Pattern	NZ_CDGC01000066.1	100.000	501	0	0	514	1014	7929	7429	0.0	926
Int1_Pc_Pattern	NZ_VIJG01000142.1	100.000	499	0	0	286	784	1	499	0.0	922
Int1_Pc_Pattern	NZ_CDFZ01000068.1	95.918	539	22	0	1	539	539	1	0.0	915
Int1_Pc_Pattern	NZ_NCOG01000057.1	95.911	538	22	0	1	538	557	20	0.0	913
Int1_Pc_Pattern	NZ_JACEIH010000003.1	95.911	538	22	0	1	538	70421	69884	0.0	913
Int1_Pc_Pattern	NZ_RFDX01000092.1	100.000	494	0	0	116	609	494	1	0.0	913
Int1_Pc_Pattern	NZ_RFDX01000092.1	94.595	37	2	0	57	93	553	517	8.06e-06	62.1
Int1_Pc_Pattern	NZ_CP034421.1	95.903	537	22	0	1	537	239518	238982	0.0	911
Int1_Pc_Pattern	DAKAGW010000235.1	100.000	493	0	0	137	629	493	1	0.0	911
Int1_Pc_Pattern	JAMGNC010000032.1	95.888	535	22	0	1	535	611	77	0.0	907
Int1_Pc_Pattern	NZ_NPZH01000009.1	100.000	487	0	0	528	1014	2221	1735	0.0	900
Int1_Pc_Pattern	NZ_CCGR01000051.1	100.000	486	0	0	529	1014	7590	7105	0.0	898
Int1_Pc_Pattern	NZ_JAJFCY010000070.1	100.000	478	0	0	537	1014	4441	3964	0.0	883
Int1_Pc_Pattern	DBFQMP010000168.1	100.000	470	0	0	516	985	470	1	0.0	869
Int1_Pc_Pattern	NZ_MOSH01000714.1	100.000	467	0	0	548	1014	1	467	0.0	863
Int1_Pc_Pattern	DBKMBD010000090.1	100.000	467	0	0	117	583	467	1	0.0	863
Int1_Pc_Pattern	DBKLNC010000093.1	100.000	467	0	0	117	583	467	1	0.0	863
Int1_Pc_Pattern	NZ_CCIG01000035.1	100.000	466	0	0	549	1014	7909	7444	0.0	861
Int1_Pc_Pattern	NZ_NAFN01000094.1	95.678	509	22	0	1	509	10814	11322	0.0	859
Int1_Pc_Pattern	NZ_NQWF01000139.1	100.000	463	0	0	552	1014	1	463	0.0	856
Int1_Pc_Pattern	NZ_CDGB01000075.1	100.000	462	0	0	553	1014	1	462	0.0	854
Int1_Pc_Pattern	NZ_LRKM01000005.1	100.000	462	0	0	553	1014	1683	1222	0.0	854
Int1_Pc_Pattern	NZ_CCIJ01000094.1	100.000	461	0	0	554	1014	8432	7972	0.0	852
Int1_Pc_Pattern	NZ_MKFL01000053.1	100.000	460	0	0	555	1014	1	460	0.0	850
Int1_Pc_Pattern	NZ_MKFN01000113.1	100.000	460	0	0	555	1014	738	279	0.0	850
Int1_Pc_Pattern	NZ_MUKJ01000035.1	100.000	459	0	0	556	1014	1	459	0.0	848
Int1_Pc_Pattern	NZ_MUJF01000037.1	100.000	459	0	0	556	1014	1	459	0.0	848
Int1_Pc_Pattern	NZ_NCND01000064.1	95.609	501	22	0	1	501	6046	6546	0.0	845
Int1_Pc_Pattern	NZ_LLRR01000061.1	100.000	453	0	0	562	1014	1	453	0.0	837
Int1_Pc_Pattern	NZ_JAAIKF010000094.1	95.565	496	22	0	1	496	4247	4742	0.0	835
Int1_Pc_Pattern	NZ_VAGG01000086.1	99.780	455	1	0	560	1014	1	455	0.0	835
Int1_Pc_Pattern	DBFQMP010000161.1	95.538	493	22	0	1	493	69	561	0.0	830
Int1_Pc_Pattern	DBFQLW010000162.1	95.538	493	22	0	1	493	69	561	0.0	830
Int1_Pc_Pattern	NZ_CCJD01000135.1	99.123	456	3	1	559	1014	82	536	0.0	824
Int1_Pc_Pattern	NZ_CDGD01000218.1	100.000	444	0	0	571	1014	678	235	0.0	821
Int1_Pc_Pattern	NZ_JAKMNP010000076.1	100.000	444	0	0	355	798	1	444	0.0	821
Int1_Pc_Pattern	JAKMNP010000076.1	100.000	444	0	0	355	798	1	444	0.0	821
Int1_Pc_Pattern	NZ_MKFK01000054.1	95.445	483	22	0	1	483	609	127	0.0	811
Int1_Pc_Pattern	NZ_JNOI01000104.1	95.248	484	23	0	1	484	484	1	0.0	809
Int1_Pc_Pattern	NZ_NXHP01000030.1	100.000	434	0	0	581	1014	59842	59409	0.0	802
Int1_Pc_Pattern	NZ_NXHN01000024.1	100.000	434	0	0	581	1014	59842	59409	0.0	802
Int1_Pc_Pattern	DBFQLW010000175.1	100.000	434	0	0	516	949	434	1	0.0	802
Int1_Pc_Pattern	NZ_VHFA01000132.1	100.000	434	0	0	365	798	1	434	0.0	802
Int1_Pc_Pattern	NZ_CCIG01000103.1	95.359	474	22	0	1	474	474	1	0.0	795
Int1_Pc_Pattern	NZ_JAMGIV010000050.1	100.000	430	0	0	369	798	430	1	0.0	795
Int1_Pc_Pattern	JAMGIV010000050.1	100.000	430	0	0	369	798	430	1	0.0	795
Int1_Pc_Pattern	NZ_JNOI01000190.1	99.537	432	2	0	318	749	833	402	0.0	787
Int1_Pc_Pattern	NZ_CDFZ01000132.1	100.000	422	0	0	292	713	1	422	0.0	780
Int1_Pc_Pattern	NZ_NCNI01000117.1	100.000	419	0	0	596	1014	6422	6004	0.0	774
Int1_Pc_Pattern	NZ_QORB01000347.1	95.054	465	23	0	1	465	229	693	0.0	773
Int1_Pc_Pattern	DBKMAY010000077.1	100.000	415	0	0	600	1014	895	481	0.0	767
Int1_Pc_Pattern	NZ_WYAL01000060.1	95.154	454	22	0	1	454	456	3	0.0	758
Int1_Pc_Pattern	NZ_LQUK01000076.1	95.154	454	22	0	1	454	454	1	0.0	758
Int1_Pc_Pattern	NZ_MDFV01000016.1	95.143	453	22	0	1	453	9846	10298	0.0	756
Int1_Pc_Pattern	DACOIX010000137.1	95.122	451	22	0	1	451	25	475	0.0	752
Int1_Pc_Pattern	NZ_CDGB01000099.1	95.089	448	22	0	1	448	448	1	0.0	747
Int1_Pc_Pattern	NZ_LRXF01000041.1	100.000	404	0	0	611	1014	1	404	0.0	747
Int1_Pc_Pattern	NZ_JAAJSW010000101.1	95.056	445	22	0	1	445	445	1	0.0	741
Int1_Pc_Pattern	NZ_NICL01000017.1	95.056	445	22	0	1	445	83351	82907	0.0	741
Int1_Pc_Pattern	NZ_CCHE01000074.1	95.056	445	22	0	1	445	6699	7143	0.0	741
Int1_Pc_Pattern	NZ_JBVTJZ010000086.1	95.056	445	22	0	1	445	445	1	0.0	741
Int1_Pc_Pattern	NZ_JAMGIV010000029.1	95.056	445	22	0	1	445	1882	2326	0.0	741
Int1_Pc_Pattern	NZ_JAKMNP010000075.1	95.056	445	22	0	1	445	140	584	0.0	741
Int1_Pc_Pattern	JAMGIV010000029.1	95.056	445	22	0	1	445	1882	2326	0.0	741
Int1_Pc_Pattern	JAKMNP010000075.1	95.056	445	22	0	1	445	140	584	0.0	741
Int1_Pc_Pattern	DBFQMP010000155.1	92.276	492	38	0	1	492	492	1	0.0	739
Int1_Pc_Pattern	DBFQLW010000158.1	92.276	492	38	0	1	492	492	1	0.0	739
Int1_Pc_Pattern	NZ_WJTI01000001.1	95.034	443	22	0	1	443	3138318	3138760	0.0	737
Int1_Pc_Pattern	NZ_WJTF01000001.1	95.034	443	22	0	1	443	3122628	3123070	0.0	737
Int1_Pc_Pattern	NZ_CCBT01000639.1	95.011	441	22	0	1	441	441	1	0.0	734
Int1_Pc_Pattern	NZ_JAHKDG010000323.1	94.977	438	22	0	1	438	213	650	0.0	728
Int1_Pc_Pattern	NZ_LIVI01000083.1	94.966	437	22	0	1	437	4209	3773	0.0	726
Int1_Pc_Pattern	NZ_BHWP01000095.1	100.000	391	0	0	624	1014	1	391	0.0	723
Int1_Pc_Pattern	NZ_LZYQ01000030.1	94.907	432	22	0	1	432	432	1	0.0	717
Int1_Pc_Pattern	DBKMBD010000095.1	100.000	384	0	0	617	1000	384	1	0.0	710
Int1_Pc_Pattern	NZ_LVTG01000118.1	99.735	378	1	0	637	1014	772	395	0.0	693
Int1_Pc_Pattern	NZ_BGLP01000098.1	100.000	372	0	0	643	1014	7208	6837	0.0	688
Int1_Pc_Pattern	NZ_BGLP01000098.1	90.090	222	22	0	1	222	222	1	2.00e-86	329
Int1_Pc_Pattern	DAPKGA010000086.1	100.000	372	0	0	643	1014	1	372	0.0	688
Int1_Pc_Pattern	NZ_CP048827.1	100.000	370	0	0	645	1014	150774	150405	0.0	684
Int1_Pc_Pattern	NZ_CP048827.1	86.550	171	23	0	1	171	150937	150767	2.09e-56	230
Int1_Pc_Pattern	NZ_VIJG01000086.1	94.417	412	23	0	1	412	1185	1596	0.0	675
Int1_Pc_Pattern	NZ_JUCZ01000077.1	100.000	365	0	0	650	1014	21	385	0.0	675
Int1_Pc_Pattern	NZ_NLDG01000154.1	100.000	358	0	0	657	1014	1382	1025	0.0	662
Int1_Pc_Pattern	NZ_VJOG01000154.1	100.000	357	0	0	658	1014	609	253	0.0	660
Int1_Pc_Pattern	NZ_VIJQ01000087.1	100.000	357	0	0	658	1014	1	357	0.0	660
Int1_Pc_Pattern	NZ_VIJJ01000125.1	100.000	357	0	0	658	1014	948	592	0.0	660
Int1_Pc_Pattern	NZ_VIJI01000088.1	100.000	357	0	0	658	1014	1380	1024	0.0	660
Int1_Pc_Pattern	NZ_VIJK01000116.1	100.000	357	0	0	658	1014	948	592	0.0	660
Int1_Pc_Pattern	NZ_VIJG01000145.1	100.000	357	0	0	658	1014	489	133	0.0	660
Int1_Pc_Pattern	NZ_VONI01000007.1	100.000	357	0	0	658	1014	1380	1024	0.0	660
Int1_Pc_Pattern	NZ_VONK01000009.1	100.000	357	0	0	658	1014	1380	1024	0.0	660
Int1_Pc_Pattern	NZ_VIXY01000116.1	100.000	357	0	0	658	1014	948	592	0.0	660
Int1_Pc_Pattern	NZ_NLDE01000100.1	100.000	357	0	0	658	1014	1	357	0.0	660
Int1_Pc_Pattern	NZ_NLDR01000099.1	100.000	357	0	0	658	1014	1	357	0.0	660
Int1_Pc_Pattern	NZ_NLEL01000099.1	100.000	357	0	0	658	1014	1	357	0.0	660
Int1_Pc_Pattern	NZ_JWKH01000180.1	100.000	355	0	0	444	798	1	355	0.0	656
Int1_Pc_Pattern	NZ_SCXH01000087.1	94.416	394	22	0	1	394	396	3	0.0	647
Int1_Pc_Pattern	NZ_SCXH01000080.1	94.416	394	22	0	1	394	2568	2961	0.0	647
Int1_Pc_Pattern	NZ_QOVV01000353.1	100.000	348	0	0	667	1014	1	348	0.0	643
Int1_Pc_Pattern	NZ_JWKH01000101.1	100.000	348	0	0	116	463	348	1	0.0	643
Int1_Pc_Pattern	DAKAGW010000226.1	100.000	347	0	0	668	1014	765	419	2.26e-180	641
Int1_Pc_Pattern	NZ_MPVK01000028.1	94.330	388	22	0	1	388	388	1	1.05e-178	636
Int1_Pc_Pattern	NZ_NLSK01000123.1	94.330	388	22	0	1	388	139	526	1.05e-178	636
Int1_Pc_Pattern	NZ_LVNR01000037.1	94.330	388	22	0	1	388	456	69	1.05e-178	636
Int1_Pc_Pattern	NZ_LVNR01000037.1	100.000	32	0	0	270	301	5182	5151	2.90e-05	60.2
Int1_Pc_Pattern	NZ_QHLV01000761.1	100.000	343	0	0	116	458	59	401	3.79e-178	634
Int1_Pc_Pattern	NZ_QHLV01000761.1	100.000	32	0	0	58	89	1	32	2.90e-05	60.2
Int1_Pc_Pattern	NZ_WWPR01000030.1	100.000	343	0	0	672	1014	1	343	3.79e-178	634
Int1_Pc_Pattern	NZ_BGMA01000040.1	100.000	343	0	0	672	1014	1	343	3.79e-178	634
Int1_Pc_Pattern	NZ_PQKI01000028.1	100.000	343	0	0	672	1014	40804	40462	3.79e-178	634
Int1_Pc_Pattern	NZ_JBCGRS010000050.1	100.000	343	0	0	672	1014	4342	4000	3.79e-178	634
Int1_Pc_Pattern	JBCGRS010000050.1	100.000	343	0	0	672	1014	4342	4000	3.79e-178	634
Int1_Pc_Pattern	BQGH01000028.1	100.000	343	0	0	672	1014	1	343	3.79e-178	634
Int1_Pc_Pattern	NZ_JAHKCT010000340.1	100.000	343	0	0	672	1014	1	343	3.79e-178	634
Int1_Pc_Pattern	NZ_SNVT01000038.1	100.000	343	0	0	672	1014	1	343	3.79e-178	634
Int1_Pc_Pattern	NZ_PYEO01000042.1	100.000	343	0	0	672	1014	2690	2348	3.79e-178	634
Int1_Pc_Pattern	NZ_PYEK01000049.1	100.000	343	0	0	672	1014	2690	2348	3.79e-178	634
Int1_Pc_Pattern	NZ_QBEC01000046.1	94.286	385	22	0	1	385	3597	3981	4.90e-177	630
Int1_Pc_Pattern	NZ_QHLV01000758.1	99.708	343	1	0	116	458	59	401	1.76e-176	628
Int1_Pc_Pattern	NZ_QHLV01000758.1	100.000	32	0	0	58	89	1	32	2.90e-05	60.2
Int1_Pc_Pattern	NZ_LXNA01000049.1	100.000	338	0	0	677	1014	1	338	2.28e-175	625
Int1_Pc_Pattern	NZ_LXMG01000030.1	100.000	338	0	0	677	1014	40799	40462	2.28e-175	625
Int1_Pc_Pattern	NZ_LXMV01000054.1	100.000	338	0	0	677	1014	6968	6631	2.28e-175	625
Int1_Pc_Pattern	NZ_CDFU01000095.1	94.211	380	22	0	1	380	2069	2448	2.95e-174	621
Int1_Pc_Pattern	NZ_VAVR01000013.1	100.000	335	0	0	680	1014	185261	184927	1.06e-173	619
Int1_Pc_Pattern	NZ_MDFV01000004.1	94.195	379	22	0	1	379	676	298	1.06e-173	619
Int1_Pc_Pattern	NZ_QORB01000070.1	100.000	334	0	0	467	800	334	1	3.81e-173	617
Int1_Pc_Pattern	NZ_QUWO01000153.1	100.000	334	0	0	681	1014	1	334	3.81e-173	617
Int1_Pc_Pattern	NZ_RXVB01000031.1	94.164	377	22	0	1	377	4785	5161	1.37e-172	616
Int1_Pc_Pattern	NZ_JAAKYC010000116.1	100.000	332	0	0	683	1014	1	332	4.93e-172	614
Int1_Pc_Pattern	DACOKR010000248.1	94.133	375	22	0	1	375	375	1	1.77e-171	612
Int1_Pc_Pattern	NZ_LNIE01000228.1	94.133	375	22	0	1	375	375	1	1.77e-171	612
Int1_Pc_Pattern	NZ_JAKMNO010000075.1	100.000	327	0	0	688	1014	529	203	2.97e-169	604
Int1_Pc_Pattern	JAKMNO010000075.1	100.000	327	0	0	688	1014	529	203	2.97e-169	604
Int1_Pc_Pattern	NZ_NSLE01000069.1	94.038	369	22	0	1	369	1495	1863	3.84e-168	601
Int1_Pc_Pattern	JBMDEJ010000095.1	100.000	325	0	0	690	1014	1	325	3.84e-168	601
Int1_Pc_Pattern	NZ_QCWQ01000034.1	94.005	367	22	0	1	367	6155	6521	4.97e-167	597
Int1_Pc_Pattern	NZ_NDEW01000011.1	100.000	323	0	0	692	1014	4615	4293	4.97e-167	597
Int1_Pc_Pattern	NZ_NDEF01000156.1	100.000	323	0	0	692	1014	1	323	4.97e-167	597
Int1_Pc_Pattern	NZ_NDDO01000118.1	100.000	323	0	0	692	1014	4618	4296	4.97e-167	597
Int1_Pc_Pattern	NZ_NDDM01000171.1	100.000	323	0	0	692	1014	6134	5812	4.97e-167	597
Int1_Pc_Pattern	NZ_NDDJ01000112.1	100.000	323	0	0	692	1014	1	323	4.97e-167	597
Int1_Pc_Pattern	NZ_NDCU01000054.1	100.000	323	0	0	692	1014	4615	4293	4.97e-167	597
Int1_Pc_Pattern	NZ_NDCO01000026.1	100.000	323	0	0	692	1014	4615	4293	4.97e-167	597
Int1_Pc_Pattern	NZ_NDBY01000052.1	100.000	323	0	0	692	1014	1	323	4.97e-167	597
Int1_Pc_Pattern	NZ_MPYV04000080.1	100.000	323	0	0	692	1014	33955	33633	4.97e-167	597
Int1_Pc_Pattern	NZ_LOEF01000105.1	100.000	323	0	0	692	1014	4618	4296	4.97e-167	597
Int1_Pc_Pattern	NZ_NIIK01000113.1	100.000	323	0	0	692	1014	2567	2245	4.97e-167	597
Int1_Pc_Pattern	NZ_NDCG01000081.1	100.000	322	0	0	693	1014	4617	4296	1.79e-166	595
Int1_Pc_Pattern	NZ_CCBT01000453.1	93.973	365	22	0	1	365	2467	2831	6.42e-166	593
Int1_Pc_Pattern	NZ_NFXI01000040.1	93.956	364	22	0	1	364	438	75	2.31e-165	592
Int1_Pc_Pattern	NZ_NFVK01000092.1	93.956	364	22	0	1	364	140	503	2.31e-165	592
Int1_Pc_Pattern	NZ_CAIZTA010000168.1	93.956	364	22	0	1	364	115	478	2.31e-165	592
Int1_Pc_Pattern	NZ_CP073310.1	93.956	364	22	0	1	364	103632	103269	2.31e-165	592
Int1_Pc_Pattern	NZ_RXPU01000123.1	93.956	364	22	0	1	364	364	1	2.31e-165	592
Int1_Pc_Pattern	NZ_LJEY02000130.1	93.956	364	22	0	1	364	46	409	2.31e-165	592
Int1_Pc_Pattern	NZ_LJEY02000026.1	93.956	364	22	0	1	364	3429	3792	2.31e-165	592
Int1_Pc_Pattern	CAIZTA010000168.1	93.956	364	22	0	1	364	115	478	2.31e-165	592
Int1_Pc_Pattern	DBNSYA010000096.1	93.956	364	22	0	1	364	401	38	2.31e-165	592
Int1_Pc_Pattern	DBNSXU010000099.1	93.956	364	22	0	1	364	401	38	2.31e-165	592
Int1_Pc_Pattern	DBNSXJ010000098.1	93.956	364	22	0	1	364	401	38	2.31e-165	592
Int1_Pc_Pattern	DAJQMP010000192.1	93.956	364	22	0	1	364	404	41	2.31e-165	592
Int1_Pc_Pattern	RXPU01000123.1	93.956	364	22	0	1	364	364	1	2.31e-165	592
Int1_Pc_Pattern	NZ_CP066235.1	93.956	364	22	0	1	364	1472171	1471808	2.31e-165	592
Int1_Pc_Pattern	NZ_CP066232.1	93.956	364	22	0	1	364	2527850	2528213	2.31e-165	592
Int1_Pc_Pattern	NZ_CP066229.1	93.956	364	22	0	1	364	1460983	1460620	2.31e-165	592
Int1_Pc_Pattern	NZ_QHEJ01000054.1	93.956	364	22	0	1	364	16341	16704	2.31e-165	592
Int1_Pc_Pattern	NZ_QHDW01000057.1	93.956	364	22	0	1	364	425	62	2.31e-165	592
Int1_Pc_Pattern	NZ_QHDL01000012.1	93.956	364	22	0	1	364	426	63	2.31e-165	592
Int1_Pc_Pattern	NZ_QHDJ01000038.1	93.956	364	22	0	1	364	16698	17061	2.31e-165	592
Int1_Pc_Pattern	NZ_VHFA01000116.1	93.956	364	22	0	1	364	364	1	2.31e-165	592
Int1_Pc_Pattern	NZ_VAGP01000082.1	93.956	364	22	0	1	364	158	521	2.31e-165	592
Int1_Pc_Pattern	NZ_RAHS01000092.1	93.956	364	22	0	1	364	158	521	2.31e-165	592
Int1_Pc_Pattern	NZ_SETH01000067.1	93.956	364	22	0	1	364	1617	1980	2.31e-165	592
Int1_Pc_Pattern	NZ_RWVW01000024.1	93.956	364	22	0	1	364	8413	8776	2.31e-165	592
Int1_Pc_Pattern	NZ_RWVR01000004.1	93.956	364	22	0	1	364	438	75	2.31e-165	592
Int1_Pc_Pattern	NZ_RWVQ01000021.1	93.956	364	22	0	1	364	11754	12117	2.31e-165	592
Int1_Pc_Pattern	NZ_RWVL01000020.1	93.956	364	22	0	1	364	16713	17076	2.31e-165	592
Int1_Pc_Pattern	NZ_NTCX01000001.1	93.956	364	22	0	1	364	1949362	1949725	2.31e-165	592
Int1_Pc_Pattern	NZ_LXTY01000182.1	93.956	364	22	0	1	364	996	633	2.31e-165	592
Int1_Pc_Pattern	NZ_LXUE01000228.1	93.956	364	22	0	1	364	576	213	2.31e-165	592
Int1_Pc_Pattern	NZ_NEQM01000077.1	93.956	364	22	0	1	364	158	521	2.31e-165	592
Int1_Pc_Pattern	NZ_NDAZ01000060.1	93.956	364	22	0	1	364	158	521	2.31e-165	592
Int1_Pc_Pattern	NZ_NDAS01000072.1	93.956	364	22	0	1	364	158	521	2.31e-165	592
Int1_Pc_Pattern	NZ_NGFE01000021.1	93.956	364	22	0	1	364	158	521	2.31e-165	592
Int1_Pc_Pattern	NZ_NGEI01000015.1	93.956	364	22	0	1	364	158	521	2.31e-165	592
Int1_Pc_Pattern	NZ_CP020579.1	93.956	364	22	0	1	364	1537227	1536864	2.31e-165	592
Int1_Pc_Pattern	NZ_CP020584.1	93.956	364	22	0	1	364	950445	950082	2.31e-165	592
Int1_Pc_Pattern	NZ_MSOY01000069.1	93.956	364	22	0	1	364	158	521	2.31e-165	592
Int1_Pc_Pattern	NZ_MSOL01000083.1	93.956	364	22	0	1	364	158	521	2.31e-165	592
Int1_Pc_Pattern	NZ_CP017654.1	93.956	364	22	0	1	364	2522236	2522599	2.31e-165	592
Int1_Pc_Pattern	NZ_CP017652.1	93.956	364	22	0	1	364	2512221	2512584	2.31e-165	592
Int1_Pc_Pattern	NZ_CP017644.1	93.956	364	22	0	1	364	2562907	2563270	2.31e-165	592
Int1_Pc_Pattern	NZ_LZWN01000027.1	93.956	364	22	0	1	364	1615	1978	2.31e-165	592
Int1_Pc_Pattern	NZ_LYZN01000104.1	93.956	364	22	0	1	364	158	521	2.31e-165	592
Int1_Pc_Pattern	NZ_CP014215.1	93.956	364	22	0	1	364	2307780	2308143	2.31e-165	592
Int1_Pc_Pattern	NZ_CP014215.1	100.000	36	0	0	1	36	2295016	2295051	1.73e-07	67.6
Int1_Pc_Pattern	NZ_QBEF01000041.1	93.514	370	22	1	1	370	2122	2489	8.31e-165	590
Int1_Pc_Pattern	DAJQMP010000158.1	93.939	363	22	0	1	363	811	1173	8.31e-165	590
Int1_Pc_Pattern	NZ_NGHZ01000068.1	93.939	363	22	0	1	363	158	520	8.31e-165	590
Int1_Pc_Pattern	DBNSYB010000057.1	93.923	362	22	0	1	362	3299	3660	2.99e-164	588
Int1_Pc_Pattern	DBOPDP010000120.1	93.906	361	22	0	1	361	3299	3659	1.08e-163	586
Int1_Pc_Pattern	DBNRXH010000102.1	93.906	361	22	0	1	361	3299	3659	1.08e-163	586
Int1_Pc_Pattern	DBNRWY010000145.1	93.906	361	22	0	1	361	3299	3659	1.08e-163	586
Int1_Pc_Pattern	DBNRWX010000162.1	93.906	361	22	0	1	361	3299	3659	1.08e-163	586
Int1_Pc_Pattern	DBNRWL010000125.1	93.906	361	22	0	1	361	3299	3659	1.08e-163	586
Int1_Pc_Pattern	DBNRWH010000103.1	93.906	361	22	0	1	361	3299	3659	1.08e-163	586
Int1_Pc_Pattern	DBNRWD010000159.1	93.906	361	22	0	1	361	3301	3661	1.08e-163	586
Int1_Pc_Pattern	DBNRWB010000113.1	93.906	361	22	0	1	361	3301	3661	1.08e-163	586
Int1_Pc_Pattern	DBNRVK010000132.1	93.906	361	22	0	1	361	3299	3659	1.08e-163	586
Int1_Pc_Pattern	DBNRUO010000134.1	93.906	361	22	0	1	361	3299	3659	1.08e-163	586
Int1_Pc_Pattern	DBNRUK010000120.1	93.906	361	22	0	1	361	3299	3659	1.08e-163	586
Int1_Pc_Pattern	DBNRSC010000097.1	93.906	361	22	0	1	361	3299	3659	1.08e-163	586
Int1_Pc_Pattern	DBNRSA010000087.1	93.906	361	22	0	1	361	3299	3659	1.08e-163	586
Int1_Pc_Pattern	DBNRRZ010000100.1	93.906	361	22	0	1	361	3299	3659	1.08e-163	586
Int1_Pc_Pattern	DBNRRU010000105.1	93.906	361	22	0	1	361	3299	3659	1.08e-163	586
Int1_Pc_Pattern	DBNRQB010000194.1	93.906	361	22	0	1	361	3299	3659	1.08e-163	586
Int1_Pc_Pattern	DBNRQC010000118.1	93.906	361	22	0	1	361	3299	3659	1.08e-163	586
Int1_Pc_Pattern	ACBDHI010000067.1	93.906	361	22	0	1	361	3299	3659	1.08e-163	586
Int1_Pc_Pattern	DBJVLE010000080.1	93.906	361	22	0	1	361	3300	3660	1.08e-163	586
Int1_Pc_Pattern	DAFNLN010000097.1	93.906	361	22	0	1	361	3300	3660	1.08e-163	586
Int1_Pc_Pattern	DBNSZI010000062.1	93.889	360	22	0	1	360	3300	3659	3.87e-163	584
Int1_Pc_Pattern	DBNSYA010000059.1	93.889	360	22	0	1	360	3300	3659	3.87e-163	584
Int1_Pc_Pattern	DBNSXU010000057.1	93.889	360	22	0	1	360	3300	3659	3.87e-163	584
Int1_Pc_Pattern	DBNSXJ010000059.1	93.889	360	22	0	1	360	3300	3659	3.87e-163	584
Int1_Pc_Pattern	DBHZQQ010000057.1	93.889	360	22	0	1	360	3300	3659	3.87e-163	584
Int1_Pc_Pattern	AAXLNU010000073.1	93.889	360	22	0	1	360	3300	3659	3.87e-163	584
Int1_Pc_Pattern	NZ_RDWQ01000194.1	100.000	315	0	0	700	1014	651	337	1.39e-162	582
Int1_Pc_Pattern	NZ_LVTI01000258.1	100.000	313	0	0	702	1014	66	378	1.80e-161	579
Int1_Pc_Pattern	NZ_JFFM01000063.1	99.683	315	1	0	432	746	1	315	6.47e-161	577
Int1_Pc_Pattern	NZ_JAIPKY010000015.1	93.785	354	22	0	1	354	74	427	8.37e-160	573
Int1_Pc_Pattern	JAKMLX010000018.1	100.000	307	0	0	708	1014	78466	78160	3.89e-158	568
Int1_Pc_Pattern	NZ_QOIH01000381.1	100.000	306	0	0	709	1014	1	306	1.40e-157	566
Int1_Pc_Pattern	NZ_NIZJ01000202.1	100.000	306	0	0	709	1014	1	306	1.40e-157	566
Int1_Pc_Pattern	NZ_JAAATG010000228.1	100.000	304	0	0	711	1014	386	83	1.81e-156	562
Int1_Pc_Pattern	NZ_QBCB01000002.1	93.642	346	22	0	1	346	346	1	2.34e-155	558
Int1_Pc_Pattern	DALQLM010000161.1	93.623	345	22	0	1	345	345	1	8.43e-155	556
Int1_Pc_Pattern	NZ_NKYJ01000115.1	93.605	344	22	0	1	344	344	1	3.03e-154	555
Int1_Pc_Pattern	NZ_LJXZ01000039.1	93.605	344	22	0	1	344	2152	2495	3.03e-154	555
Int1_Pc_Pattern	NZ_LJXZ01000027.1	93.605	344	22	0	1	344	7836	8179	3.03e-154	555
Int1_Pc_Pattern	NZ_LJXZ01000027.1	100.000	46	0	0	969	1014	1	46	4.78e-13	86.1
Int1_Pc_Pattern	NZ_MQNA01000035.1	100.000	299	0	0	308	606	299	1	1.09e-153	553
Int1_Pc_Pattern	AAXLNU010000125.1	100.000	299	0	0	716	1014	1	299	1.09e-153	553
Int1_Pc_Pattern	NZ_CDGC01000090.1	93.567	342	22	0	1	342	2011	2352	3.92e-153	551
Int1_Pc_Pattern	NZ_NLKI01000070.1	93.567	342	22	0	1	342	535	194	3.92e-153	551
Int1_Pc_Pattern	NZ_CDFZ01000128.1	93.510	339	22	0	1	339	339	1	1.82e-151	545
Int1_Pc_Pattern	NZ_CCIJ01000125.1	93.510	339	22	0	1	339	339	1	1.82e-151	545
Int1_Pc_Pattern	NZ_VUCV01000050.1	100.000	293	0	0	722	1014	1	293	2.36e-150	542
Int1_Pc_Pattern	NZ_RZHR01000071.1	100.000	293	0	0	722	1014	1	293	2.36e-150	542
Int1_Pc_Pattern	NZ_NDET01000094.1	100.000	293	0	0	722	1014	6307	6015	2.36e-150	542
Int1_Pc_Pattern	NZ_NDEQ01000081.1	100.000	293	0	0	722	1014	852	560	2.36e-150	542
Int1_Pc_Pattern	NZ_NDCV01000037.1	100.000	293	0	0	722	1014	40704	40412	2.36e-150	542
Int1_Pc_Pattern	NZ_NDCM01000092.1	100.000	293	0	0	722	1014	1	293	2.36e-150	542
Int1_Pc_Pattern	NZ_NDBJ01000051.1	100.000	293	0	0	722	1014	5946	5654	2.36e-150	542
Int1_Pc_Pattern	NZ_NDDP01000099.1	100.000	293	0	0	722	1014	1	293	2.36e-150	542
Int1_Pc_Pattern	NZ_NDDC01000124.1	100.000	293	0	0	722	1014	40704	40412	2.36e-150	542
Int1_Pc_Pattern	NZ_NDCS01000085.1	100.000	293	0	0	722	1014	1	293	2.36e-150	542
Int1_Pc_Pattern	NZ_NDCF01000132.1	100.000	293	0	0	722	1014	40704	40412	2.36e-150	542
Int1_Pc_Pattern	NZ_NDBM01000074.1	100.000	293	0	0	722	1014	41270	40978	2.36e-150	542
Int1_Pc_Pattern	NZ_NDIR01000141.1	100.000	293	0	0	722	1014	40359	40067	2.36e-150	542
Int1_Pc_Pattern	NZ_MSZH01000065.1	100.000	293	0	0	722	1014	10339	10047	2.36e-150	542
Int1_Pc_Pattern	NZ_MPYA04000083.1	100.000	293	0	0	722	1014	17081	16789	2.36e-150	542
Int1_Pc_Pattern	NZ_JAMGIV010000039.1	100.000	293	0	0	722	1014	926	634	2.36e-150	542
Int1_Pc_Pattern	JAMGIV010000039.1	100.000	293	0	0	722	1014	926	634	2.36e-150	542
Int1_Pc_Pattern	NZ_NDAY01000044.1	100.000	293	0	0	722	1014	5492	5200	2.36e-150	542
Int1_Pc_Pattern	NZ_NCZW01000032.1	100.000	293	0	0	722	1014	5492	5200	2.36e-150	542
Int1_Pc_Pattern	NZ_LYZV01000073.1	100.000	293	0	0	722	1014	1580	1288	2.36e-150	542
Int1_Pc_Pattern	NZ_NDEC01000004.1	100.000	292	0	0	723	1014	6306	6015	8.49e-150	540
Int1_Pc_Pattern	NZ_LZUX01000029.1	100.000	292	0	0	723	1014	1	292	8.49e-150	540
Int1_Pc_Pattern	NZ_LZXS01000010.1	100.000	292	0	0	723	1014	1	292	8.49e-150	540
Int1_Pc_Pattern	NZ_CCGR01000081.1	93.433	335	22	0	1	335	335	1	3.05e-149	538
Int1_Pc_Pattern	NZ_NDDB01000044.1	100.000	290	0	0	725	1014	10336	10047	1.10e-148	536
Int1_Pc_Pattern	NZ_LZAF01000016.1	100.000	289	0	0	726	1014	5488	5200	3.95e-148	534
Int1_Pc_Pattern	NZ_CCII01000183.1	93.373	332	22	0	1	332	1554	1885	1.42e-147	532
Int1_Pc_Pattern	NZ_NGHX01000048.1	100.000	286	0	0	729	1014	5485	5200	1.84e-146	529
Int1_Pc_Pattern	NZ_LLQC01000121.1	93.313	329	22	0	1	329	329	1	6.61e-146	527
Int1_Pc_Pattern	NZ_LLQC01000112.1	93.313	329	22	0	1	329	329	1	6.61e-146	527
Int1_Pc_Pattern	NZ_MOMG01000057.1	100.000	284	0	0	288	571	1	284	2.38e-145	525
Int1_Pc_Pattern	NZ_NCOP01000062.1	93.252	326	22	0	1	326	4295	4620	3.07e-144	521
Int1_Pc_Pattern	NZ_JAKWHT010000060.1	100.000	282	0	0	733	1014	4186	3905	3.07e-144	521
Int1_Pc_Pattern	JAKWHT010000060.1	100.000	282	0	0	733	1014	4186	3905	3.07e-144	521
Int1_Pc_Pattern	NZ_CCHR01000117.1	93.210	324	22	0	1	324	2711	3034	3.98e-143	518
Int1_Pc_Pattern	NZ_JADQAA010000124.1	99.288	281	2	0	327	607	1	281	2.39e-140	508
Int1_Pc_Pattern	NZ_SGRB01000071.1	93.082	318	22	0	1	318	318	1	8.61e-140	507
Int1_Pc_Pattern	NZ_SCWZ01000186.1	93.060	317	22	0	1	317	2568	2884	3.10e-139	505
Int1_Pc_Pattern	NZ_PQJQ01000107.1	93.038	316	22	0	1	316	1253	1568	1.11e-138	503
Int1_Pc_Pattern	NZ_RPEU01000112.1	100.000	271	0	0	658	928	1	271	4.01e-138	501
Int1_Pc_Pattern	NZ_NELJ01000024.1	100.000	271	0	0	744	1014	40660	40390	4.01e-138	501
Int1_Pc_Pattern	NZ_NELB01000039.1	100.000	271	0	0	744	1014	41264	40994	4.01e-138	501
Int1_Pc_Pattern	NZ_NELA01000043.1	100.000	271	0	0	744	1014	40660	40390	4.01e-138	501
Int1_Pc_Pattern	NZ_NELF01000037.1	100.000	271	0	0	744	1014	39204	38934	4.01e-138	501
Int1_Pc_Pattern	NZ_NEKX01000038.1	100.000	271	0	0	744	1014	41265	40995	4.01e-138	501
Int1_Pc_Pattern	NZ_NEKT01000038.1	100.000	271	0	0	744	1014	40660	40390	4.01e-138	501
Int1_Pc_Pattern	NZ_NELK01000059.1	100.000	271	0	0	744	1014	10295	10025	4.01e-138	501
Int1_Pc_Pattern	NZ_NELI01000032.1	100.000	271	0	0	744	1014	41226	40956	4.01e-138	501
Int1_Pc_Pattern	NZ_NELH01000038.1	100.000	271	0	0	744	1014	40660	40390	4.01e-138	501
Int1_Pc_Pattern	NZ_NELG01000028.1	100.000	271	0	0	744	1014	1	271	4.01e-138	501
Int1_Pc_Pattern	NZ_NELD01000031.1	100.000	271	0	0	744	1014	41265	40995	4.01e-138	501
Int1_Pc_Pattern	NZ_NEKU01000032.1	100.000	271	0	0	744	1014	40660	40390	4.01e-138	501
Int1_Pc_Pattern	NZ_JBUCZE010000041.1	100.000	271	0	0	744	1014	4172	3902	4.01e-138	501
Int1_Pc_Pattern	NZ_NCPC01000024.1	92.994	314	22	0	1	314	40232	40545	1.44e-137	499
Int1_Pc_Pattern	NZ_NCOZ01000019.1	92.675	314	23	0	1	314	39994	39681	6.70e-136	494
Int1_Pc_Pattern	NZ_NCMM01000067.1	92.926	311	22	0	1	311	2050	2360	6.70e-136	494
Int1_Pc_Pattern	DAXNOL010000117.1	92.675	314	23	0	1	314	419	106	6.70e-136	494
Int1_Pc_Pattern	DAXNOL010000022.1	92.926	311	22	0	1	311	3015	3325	6.70e-136	494
Int1_Pc_Pattern	NZ_CDGD01000347.1	92.880	309	22	0	1	309	724	1032	8.67e-135	490
Int1_Pc_Pattern	NZ_NHWT01000294.1	92.834	307	22	0	1	307	130	436	1.12e-133	486
Int1_Pc_Pattern	NZ_CCBT01000297.1	100.000	263	0	0	752	1014	3419	3157	1.12e-133	486
Int1_Pc_Pattern	NZ_LYAY01000791.1	100.000	261	0	0	754	1014	335	75	1.45e-132	483
Int1_Pc_Pattern	NZ_VMNV01000113.1	93.023	301	21	0	1	301	139	439	2.43e-130	475
Int1_Pc_Pattern	NZ_SRKE01000099.1	92.691	301	22	0	1	301	112	412	2.43e-130	475
Int1_Pc_Pattern	NZ_NSPP01000037.1	92.691	301	22	0	1	301	414	714	2.43e-130	475
Int1_Pc_Pattern	NZ_QFVU01000108.1	93.023	301	21	0	1	301	139	439	2.43e-130	475
Int1_Pc_Pattern	NZ_QFTH01000113.1	93.023	301	21	0	1	301	139	439	2.43e-130	475
Int1_Pc_Pattern	NZ_QFTF01000112.1	93.023	301	21	0	1	301	139	439	2.43e-130	475
Int1_Pc_Pattern	NZ_NIIV01000175.1	92.691	301	22	0	1	301	301	1	2.43e-130	475
Int1_Pc_Pattern	NZ_NIIZ01000154.1	92.691	301	22	0	1	301	301	1	2.43e-130	475
Int1_Pc_Pattern	NZ_LLPY01000058.1	92.691	301	22	0	1	301	7541	7241	2.43e-130	475
Int1_Pc_Pattern	NZ_LLTV01000027.1	92.691	301	22	0	1	301	355	655	2.43e-130	475
Int1_Pc_Pattern	NZ_LLTF01000265.1	92.691	301	22	0	1	301	355	655	2.43e-130	475
Int1_Pc_Pattern	NZ_JAAQTE010000053.1	92.691	301	22	0	1	301	3301	3601	2.43e-130	475
Int1_Pc_Pattern	NZ_CXZT01000031.1	92.691	301	22	0	1	301	50942	51242	2.43e-130	475
Int1_Pc_Pattern	NZ_WMJH01000068.1	100.000	255	0	0	760	1014	4215	3961	3.14e-129	472
Int1_Pc_Pattern	NZ_VIJG01000302.1	100.000	255	0	0	158	412	255	1	3.14e-129	472
Int1_Pc_Pattern	NZ_NSPO01000084.1	92.617	298	22	0	4	301	937	640	1.13e-128	470
Int1_Pc_Pattern	NZ_JADIWL010000071.1	100.000	251	0	0	714	964	926	676	5.26e-127	464
Int1_Pc_Pattern	NZ_NQWF01000137.1	100.000	249	0	0	552	800	1	249	6.80e-126	460
Int1_Pc_Pattern	NZ_RPEY01000114.1	100.000	249	0	0	658	906	1	249	6.80e-126	460
Int1_Pc_Pattern	NZ_MKGU01000154.1	91.973	299	24	0	1	299	416	118	6.80e-126	460
Int1_Pc_Pattern	NZ_LVTC01000158.1	91.973	299	24	0	1	299	369	71	6.80e-126	460
Int1_Pc_Pattern	NZ_LVRR01000083.1	91.973	299	24	0	1	299	5108	5406	6.80e-126	460
Int1_Pc_Pattern	NZ_CP050914.1	91.973	299	24	0	1	299	2715434	2715732	6.80e-126	460
Int1_Pc_Pattern	NZ_NIAQ01000226.1	100.000	248	0	0	767	1014	814	567	2.45e-125	459
Int1_Pc_Pattern	NZ_LZYQ01000032.1	100.000	248	0	0	476	723	248	1	2.45e-125	459
Int1_Pc_Pattern	NZ_LSBS01000061.1	100.000	247	0	0	768	1014	1	247	8.79e-125	457
Int1_Pc_Pattern	NZ_JAAATD010000102.1	92.414	290	22	0	1	290	290	1	3.16e-124	455
Int1_Pc_Pattern	NZ_CCGA01000148.1	92.414	290	22	0	1	290	1328	1617	3.16e-124	455
Int1_Pc_Pattern	NZ_CDFZ01000104.1	100.000	245	0	0	554	798	489	245	1.14e-123	453
Int1_Pc_Pattern	NZ_QORA01000083.1	92.334	287	22	0	15	301	2	288	1.47e-122	449
Int1_Pc_Pattern	NZ_JSER01000010.1	100.000	242	0	0	773	1014	1760	1519	5.29e-122	448
Int1_Pc_Pattern	NZ_LLRR01000053.1	100.000	239	0	0	562	800	1	239	2.46e-120	442
Int1_Pc_Pattern	NZ_LLRR01000053.1	100.000	218	0	0	797	1014	605	822	1.16e-108	403
Int1_Pc_Pattern	NZ_CDFU01000114.1	100.000	238	0	0	561	798	1	238	8.86e-120	440
Int1_Pc_Pattern	NZ_CDGC01000110.1	100.000	238	0	0	561	798	1	238	8.86e-120	440
Int1_Pc_Pattern	NZ_NIAK01000005.1	100.000	236	0	0	779	1014	1	236	1.15e-118	436
Int1_Pc_Pattern	NZ_JUJY01000069.1	100.000	236	0	0	779	1014	922	687	1.15e-118	436
Int1_Pc_Pattern	NZ_SCWW01000074.1	92.086	278	22	0	1	278	278	1	1.48e-117	433
Int1_Pc_Pattern	NZ_LQUK01000183.1	100.000	233	0	0	782	1014	1	233	5.33e-117	431
Int1_Pc_Pattern	NZ_WJTC01000049.1	100.000	230	0	0	785	1014	1	230	2.48e-115	425
Int1_Pc_Pattern	NZ_QJKS01000134.1	100.000	230	0	0	785	1014	669	440	2.48e-115	425
Int1_Pc_Pattern	NZ_QJKX01000128.1	100.000	230	0	0	785	1014	669	440	2.48e-115	425
Int1_Pc_Pattern	NZ_QJLH01000154.1	100.000	230	0	0	785	1014	1	230	2.48e-115	425
Int1_Pc_Pattern	NZ_QJLW01000128.1	100.000	230	0	0	785	1014	669	440	2.48e-115	425
Int1_Pc_Pattern	NZ_QJLX01000167.1	100.000	230	0	0	785	1014	669	440	2.48e-115	425
Int1_Pc_Pattern	NZ_QJMM01000124.1	100.000	230	0	0	785	1014	669	440	2.48e-115	425
Int1_Pc_Pattern	NZ_QJMU01000155.1	100.000	230	0	0	785	1014	241	12	2.48e-115	425
Int1_Pc_Pattern	NZ_QJKN01000062.1	100.000	230	0	0	785	1014	8248	8019	2.48e-115	425
Int1_Pc_Pattern	NZ_QJKR01000130.1	100.000	230	0	0	785	1014	669	440	2.48e-115	425
Int1_Pc_Pattern	NZ_QJLG01000129.1	100.000	230	0	0	785	1014	1	230	2.48e-115	425
Int1_Pc_Pattern	NZ_QJLK01000154.1	100.000	230	0	0	785	1014	1	230	2.48e-115	425
Int1_Pc_Pattern	NZ_QJLQ01000152.1	100.000	230	0	0	785	1014	669	440	2.48e-115	425
Int1_Pc_Pattern	NZ_QJLR01000125.1	100.000	230	0	0	785	1014	669	440	2.48e-115	425
Int1_Pc_Pattern	NZ_QJLT01000133.1	100.000	230	0	0	785	1014	669	440	2.48e-115	425
Int1_Pc_Pattern	NZ_QJMB01000154.1	100.000	230	0	0	785	1014	669	440	2.48e-115	425
Int1_Pc_Pattern	NZ_QJMC01000127.1	100.000	230	0	0	785	1014	669	440	2.48e-115	425
Int1_Pc_Pattern	NZ_QJMF01000141.1	100.000	230	0	0	785	1014	738	509	2.48e-115	425
Int1_Pc_Pattern	NZ_QJMK01000124.1	100.000	230	0	0	785	1014	669	440	2.48e-115	425
Int1_Pc_Pattern	NZ_QJML01000154.1	100.000	230	0	0	785	1014	648	419	2.48e-115	425
Int1_Pc_Pattern	NZ_QJMN01000153.1	100.000	230	0	0	785	1014	1	230	2.48e-115	425
Int1_Pc_Pattern	NZ_QJMT01000074.1	100.000	230	0	0	785	1014	1	230	2.48e-115	425
Int1_Pc_Pattern	NZ_QJMX01000126.1	100.000	230	0	0	785	1014	1	230	2.48e-115	425
Int1_Pc_Pattern	NZ_QJNB01000125.1	100.000	230	0	0	785	1014	669	440	2.48e-115	425
Int1_Pc_Pattern	NZ_QJNC01000157.1	100.000	230	0	0	785	1014	1	230	2.48e-115	425
Int1_Pc_Pattern	NZ_QJNN01000126.1	100.000	230	0	0	785	1014	669	440	2.48e-115	425
Int1_Pc_Pattern	NZ_PWDD01000122.1	100.000	230	0	0	785	1014	1	230	2.48e-115	425
Int1_Pc_Pattern	NZ_PWBD01000125.1	100.000	230	0	0	785	1014	1	230	2.48e-115	425
Int1_Pc_Pattern	NZ_PWBV01000127.1	100.000	230	0	0	785	1014	669	440	2.48e-115	425
Int1_Pc_Pattern	NZ_PWBS01000129.1	100.000	230	0	0	785	1014	669	440	2.48e-115	425
Int1_Pc_Pattern	NZ_PWBO01000125.1	100.000	230	0	0	785	1014	1	230	2.48e-115	425
Int1_Pc_Pattern	NZ_RZKM01000068.1	91.941	273	22	0	1	273	392	120	8.92e-115	424
Int1_Pc_Pattern	NZ_NSPO01000079.1	100.000	226	0	0	573	798	1	226	4.15e-113	418
Int1_Pc_Pattern	NZ_QORA01000023.1	100.000	225	0	0	790	1014	125275	125051	1.49e-112	416
Int1_Pc_Pattern	NZ_PTFF02000031.1	91.544	272	23	0	1	272	346	75	1.49e-112	416
Int1_Pc_Pattern	NZ_NCMO01000030.1	91.822	269	22	0	1	269	131	399	1.49e-112	416
Int1_Pc_Pattern	NZ_NEQA01000255.1	91.822	269	22	0	1	269	718	986	1.49e-112	416
Int1_Pc_Pattern	NZ_CP045675.1	100.000	224	0	0	791	1014	153928	154151	5.37e-112	414
Int1_Pc_Pattern	NZ_PXLF01000083.1	100.000	224	0	0	791	1014	4711	4488	5.37e-112	414
Int1_Pc_Pattern	NZ_MCNO01000099.1	100.000	224	0	0	791	1014	128	351	5.37e-112	414
Int1_Pc_Pattern	NZ_JUBE01000063.1	100.000	224	0	0	791	1014	96	319	5.37e-112	414
Int1_Pc_Pattern	NZ_JTEA01000047.1	100.000	224	0	0	791	1014	1842	1619	5.37e-112	414
Int1_Pc_Pattern	NZ_CCHQ01000138.1	100.000	224	0	0	791	1014	4304	4081	5.37e-112	414
Int1_Pc_Pattern	NZ_NQAH02000051.1	100.000	224	0	0	791	1014	426	203	5.37e-112	414
Int1_Pc_Pattern	NZ_MPYK04000057.1	100.000	222	0	0	793	1014	272191	271970	6.94e-111	411
Int1_Pc_Pattern	NZ_VHET01000089.1	100.000	222	0	0	793	1014	1	222	6.94e-111	411
Int1_Pc_Pattern	NZ_LYOA01000023.1	91.635	263	22	0	1	263	263	1	3.23e-109	405
Int1_Pc_Pattern	NZ_QOQY01000237.1	100.000	218	0	0	797	1014	341	124	1.16e-108	403
Int1_Pc_Pattern	NZ_QORB01000200.1	100.000	218	0	0	797	1014	21	238	1.16e-108	403
Int1_Pc_Pattern	NZ_QBEC01000056.1	100.000	218	0	0	797	1014	1172	955	1.16e-108	403
Int1_Pc_Pattern	NZ_QBEC01000056.1	100.000	127	0	0	674	800	1664	1538	4.49e-58	235
Int1_Pc_Pattern	NZ_LLZE01000075.1	100.000	218	0	0	797	1014	396	179	1.16e-108	403
Int1_Pc_Pattern	NZ_MOMG01000765.1	100.000	217	0	0	116	332	14	230	4.18e-108	401
Int1_Pc_Pattern	NZ_QJMP01000101.1	100.000	216	0	0	799	1014	698	483	1.50e-107	399
Int1_Pc_Pattern	NZ_QJLM01000136.1	100.000	216	0	0	799	1014	1	216	1.50e-107	399
Int1_Pc_Pattern	NZ_NSLE01000047.1	91.538	260	22	0	1	260	6329	6588	1.50e-107	399
Int1_Pc_Pattern	NZ_MSSG01000279.1	100.000	216	0	0	799	1014	1791	1576	1.50e-107	399
Int1_Pc_Pattern	NZ_JBDKQW010000062.1	100.000	216	0	0	799	1014	1	216	1.50e-107	399
Int1_Pc_Pattern	NZ_JBDKQX010000061.1	100.000	216	0	0	799	1014	1	216	1.50e-107	399
Int1_Pc_Pattern	NZ_LFQP01000093.1	100.000	216	0	0	799	1014	2855	2640	1.50e-107	399
Int1_Pc_Pattern	NZ_JADAUD010000073.1	100.000	216	0	0	799	1014	1	216	1.50e-107	399
Int1_Pc_Pattern	NZ_JADAUC010000052.1	100.000	216	0	0	799	1014	1	216	1.50e-107	399
Int1_Pc_Pattern	NZ_JADASX010000066.1	100.000	216	0	0	799	1014	4165	3950	1.50e-107	399
Int1_Pc_Pattern	NZ_JADASF010000117.1	100.000	216	0	0	799	1014	1	216	1.50e-107	399
Int1_Pc_Pattern	NZ_JADARS010000045.1	100.000	216	0	0	799	1014	4165	3950	1.50e-107	399
Int1_Pc_Pattern	NZ_JAAGSL010000075.1	100.000	216	0	0	799	1014	1	216	1.50e-107	399
Int1_Pc_Pattern	NZ_VHEZ01000040.1	100.000	216	0	0	799	1014	1	216	1.50e-107	399
Int1_Pc_Pattern	NZ_LMAL01000074.1	100.000	216	0	0	799	1014	1	216	1.50e-107	399
Int1_Pc_Pattern	NZ_LMAN01000077.1	100.000	216	0	0	799	1014	394	179	1.50e-107	399
Int1_Pc_Pattern	NZ_LMAO01000080.1	100.000	216	0	0	799	1014	1	216	1.50e-107	399
Int1_Pc_Pattern	NZ_LMAM01000082.1	100.000	216	0	0	799	1014	394	179	1.50e-107	399
Int1_Pc_Pattern	DAJRQV010000156.1	100.000	215	0	0	800	1014	414	200	5.41e-107	398
Int1_Pc_Pattern	DAJEGO010000054.1	100.000	215	0	0	800	1014	1	215	5.41e-107	398
Int1_Pc_Pattern	DAHEVH010000038.1	100.000	215	0	0	800	1014	1	215	5.41e-107	398
Int1_Pc_Pattern	DACOPB010000027.1	100.000	215	0	0	800	1014	1	215	5.41e-107	398
Int1_Pc_Pattern	NZ_NSLE01000061.1	91.373	255	22	0	1	255	2625	2879	9.05e-105	390
Int1_Pc_Pattern	DBNSWK010000151.1	100.000	207	0	0	137	343	207	1	1.51e-102	383
Int1_Pc_Pattern	NZ_QOIG01000353.1	91.165	249	22	0	1	249	249	1	1.96e-101	379
Int1_Pc_Pattern	NZ_QOIG01000352.1	91.165	249	22	0	1	249	66	314	1.96e-101	379
Int1_Pc_Pattern	NZ_CDGD01000171.1	91.020	245	22	0	1	245	245	1	3.28e-99	372
Int1_Pc_Pattern	NZ_QHLV01000242.1	100.000	200	0	0	601	800	1	200	1.18e-98	370
Int1_Pc_Pattern	NZ_QHLV01000242.1	100.000	200	0	0	797	996	566	765	1.18e-98	370
Int1_Pc_Pattern	NZ_LNIN01000111.1	90.984	244	22	0	1	244	9136	9379	1.18e-98	370
Int1_Pc_Pattern	NZ_JNOI01000183.1	99.029	206	1	1	541	746	1	205	4.24e-98	368
Int1_Pc_Pattern	NZ_JAAIWP010000093.1	90.909	242	22	0	1	242	242	1	1.52e-97	366
Int1_Pc_Pattern	NZ_JAAIWP010000145.1	90.909	242	22	0	1	242	242	1	1.52e-97	366
Int1_Pc_Pattern	NZ_SHTX01000029.1	100.000	194	0	0	821	1014	47272	47079	2.55e-95	359
Int1_Pc_Pattern	NZ_QHLV01000237.1	100.000	193	0	0	822	1014	1972	1780	9.18e-95	357
Int1_Pc_Pattern	NZ_QHLV01000161.1	100.000	193	0	0	822	1014	1	193	9.18e-95	357
Int1_Pc_Pattern	NZ_JWUN03000027.1	90.717	237	22	0	1	237	237	1	9.18e-95	357
Int1_Pc_Pattern	NZ_JACCIR010000003.1	100.000	191	0	0	608	798	1	191	1.19e-93	353
Int1_Pc_Pattern	NZ_JACCIK010000036.1	100.000	191	0	0	608	798	11836	11646	1.19e-93	353
Int1_Pc_Pattern	NZ_JACCIM010000019.1	100.000	191	0	0	608	798	1	191	1.19e-93	353
Int1_Pc_Pattern	NZ_CDFR01000298.1	100.000	191	0	0	824	1014	770	580	1.19e-93	353
Int1_Pc_Pattern	NZ_MZND01000016.1	100.000	186	0	0	116	301	21	206	7.14e-91	344
Int1_Pc_Pattern	NZ_NQFM01000112.1	90.265	226	22	0	1	226	3518	3743	1.20e-88	337
Int1_Pc_Pattern	NZ_NEFS01000186.1	99.459	185	1	0	498	682	1	185	1.20e-88	337
Int1_Pc_Pattern	NZ_MDFV01000019.1	96.985	199	6	0	816	1014	9586	9388	4.30e-88	335
Int1_Pc_Pattern	NZ_NOJW01000125.1	90.179	224	22	0	1	224	4295	4518	1.55e-87	333
Int1_Pc_Pattern	NZ_NOJW01000119.1	90.179	224	22	0	1	224	224	1	1.55e-87	333
Int1_Pc_Pattern	NZ_MKFL01000303.1	90.135	223	22	0	1	223	223	1	5.56e-87	331
Int1_Pc_Pattern	NZ_VIJJ01000327.1	90.090	222	22	0	1	222	39	260	2.00e-86	329
Int1_Pc_Pattern	NZ_VIJJ01000110.1	90.090	222	22	0	1	222	222	1	2.00e-86	329
Int1_Pc_Pattern	NZ_VIJK01000175.1	90.090	222	22	0	1	222	222	1	2.00e-86	329
Int1_Pc_Pattern	NZ_VIJK01000103.1	90.090	222	22	0	1	222	1384	1605	2.00e-86	329
Int1_Pc_Pattern	NZ_VIJG01000288.1	90.090	222	22	0	1	222	222	1	2.00e-86	329
Int1_Pc_Pattern	NZ_VIXY01000297.1	90.090	222	22	0	1	222	39	260	2.00e-86	329
Int1_Pc_Pattern	NZ_VIXY01000102.1	90.090	222	22	0	1	222	222	1	2.00e-86	329
Int1_Pc_Pattern	NZ_VIGK01000049.1	90.090	222	22	0	1	222	222	1	2.00e-86	329
Int1_Pc_Pattern	NZ_VIGK01000033.1	90.090	222	22	0	1	222	222	1	2.00e-86	329
Int1_Pc_Pattern	NZ_SJEH01000058.1	90.090	222	22	0	1	222	222	1	2.00e-86	329
Int1_Pc_Pattern	NZ_BGLP01000168.1	90.090	222	22	0	1	222	1098	1319	2.00e-86	329
Int1_Pc_Pattern	NZ_JACSVO010000046.1	90.090	222	22	0	1	222	4513	4734	2.00e-86	329
Int1_Pc_Pattern	NZ_SETN01000006.1	90.045	221	22	0	1	221	6277	6497	7.19e-86	327
Int1_Pc_Pattern	NZ_JAHKDN010000325.1	100.000	177	0	0	838	1014	354	178	7.19e-86	327
Int1_Pc_Pattern	NZ_JACSVO010000045.1	100.000	177	0	0	838	1014	1	177	7.19e-86	327
Int1_Pc_Pattern	NZ_MOSH01000480.1	90.000	220	22	0	1	220	141	360	2.59e-85	326
Int1_Pc_Pattern	NZ_QOIG01000335.1	100.000	175	0	0	840	1014	1	175	9.31e-85	324
Int1_Pc_Pattern	NZ_NIIJ01000088.1	89.908	218	22	0	1	218	3736	3953	3.35e-84	322
Int1_Pc_Pattern	NZ_NIIJ01000054.1	89.908	218	22	0	1	218	21796	22013	3.35e-84	322
Int1_Pc_Pattern	NZ_MKFQ01000151.1	89.908	218	22	0	1	218	218	1	3.35e-84	322
Int1_Pc_Pattern	NZ_MKFL01000321.1	89.908	218	22	0	1	218	40	257	3.35e-84	322
Int1_Pc_Pattern	NZ_MKFL01000271.1	89.908	218	22	0	1	218	836	1053	3.35e-84	322
Int1_Pc_Pattern	NZ_LZYQ01000086.1	100.000	174	0	0	791	964	1	174	3.35e-84	322
Int1_Pc_Pattern	NZ_JACCIM010000036.1	89.862	217	22	0	1	217	1762	1978	1.20e-83	320
Int1_Pc_Pattern	NZ_JACCIM010000091.1	89.862	217	22	0	1	217	217	1	1.20e-83	320
Int1_Pc_Pattern	NZ_QOHU01000074.1	89.862	217	22	0	1	217	217	1	1.20e-83	320
Int1_Pc_Pattern	NZ_QOHU01000106.1	89.862	217	22	0	1	217	217	1	1.20e-83	320
Int1_Pc_Pattern	NZ_MRYM02000093.1	89.862	217	22	0	1	217	217	1	1.20e-83	320
Int1_Pc_Pattern	NZ_CACTIK010000248.1	100.000	171	0	0	844	1014	1	171	1.56e-82	316
Int1_Pc_Pattern	NZ_MPVF01000002.1	89.252	214	23	0	1	214	286	73	2.61e-80	309
Int1_Pc_Pattern	NZ_LVSM01000045.1	89.252	214	23	0	1	214	288	75	2.61e-80	309
Int1_Pc_Pattern	NZ_JAHETQ010000129.1	89.524	210	22	0	1	210	210	1	9.37e-80	307
Int1_Pc_Pattern	NZ_JAHETQ010000067.1	89.524	210	22	0	1	210	6449	6658	9.37e-80	307
Int1_Pc_Pattern	JAHETZ010000135.1	89.524	210	22	0	1	210	210	1	9.37e-80	307
Int1_Pc_Pattern	JAHETZ010000068.1	89.524	210	22	0	1	210	6449	6658	9.37e-80	307
Int1_Pc_Pattern	NZ_VUBI01000073.1	100.000	163	0	0	606	768	238	76	4.36e-78	302
Int1_Pc_Pattern	NZ_NDES01000005.1	100.000	162	0	0	853	1014	78	239	1.57e-77	300
Int1_Pc_Pattern	NZ_JBWVPX010000034.1	89.320	206	22	0	1	206	206	1	1.57e-77	300
Int1_Pc_Pattern	NZ_JBWVNA010000057.1	89.320	206	22	0	1	206	6140	6345	1.57e-77	300
Int1_Pc_Pattern	NZ_JBGEOO010000051.1	89.320	206	22	0	1	206	6143	6348	1.57e-77	300
Int1_Pc_Pattern	JBWVPX010000034.1	89.320	206	22	0	1	206	206	1	1.57e-77	300
Int1_Pc_Pattern	NZ_LYNI01000100.1	100.000	162	0	0	637	798	190	351	1.57e-77	300
Int1_Pc_Pattern	NZ_LYNI01000100.1	95.522	134	6	0	665	798	197	64	5.84e-52	215
Int1_Pc_Pattern	NZ_QBCB01000006.1	89.268	205	22	0	1	205	205	1	5.64e-77	298
Int1_Pc_Pattern	NZ_NBOT01001287.1	89.268	205	22	0	1	205	2	206	5.64e-77	298
Int1_Pc_Pattern	NZ_NBOT01001286.1	89.268	205	22	0	1	205	2	206	5.64e-77	298
Int1_Pc_Pattern	NZ_CYAH01000096.1	89.268	205	22	0	1	205	205	1	5.64e-77	298
Int1_Pc_Pattern	NZ_NIIK01000080.1	89.109	202	22	0	1	202	202	1	2.62e-75	292
Int1_Pc_Pattern	NZ_NIIK01000054.1	89.109	202	22	0	1	202	21779	21980	2.62e-75	292
Int1_Pc_Pattern	NZ_JACSUB010000362.1	100.000	155	0	0	116	270	155	1	1.22e-73	287
Int1_Pc_Pattern	NZ_MKFQ01000132.1	88.832	197	22	0	1	197	323	127	1.58e-72	283
Int1_Pc_Pattern	NZ_LNIN01000125.1	88.832	197	22	0	1	197	620	424	1.58e-72	283
Int1_Pc_Pattern	NZ_LNIN01000080.1	88.832	197	22	0	1	197	5287	5483	1.58e-72	283
Int1_Pc_Pattern	NZ_JABERZ010000066.1	88.832	197	22	0	1	197	197	1	1.58e-72	283
Int1_Pc_Pattern	NZ_QUWL01000166.1	88.384	198	22	1	1	197	213	16	7.35e-71	278
Int1_Pc_Pattern	NZ_PWBY01000032.1	88.660	194	22	0	1	194	5094	5287	7.35e-71	278
Int1_Pc_Pattern	NZ_PWBY01000224.1	88.660	194	22	0	1	194	194	1	7.35e-71	278
Int1_Pc_Pattern	NZ_PWCB01000029.1	88.660	194	22	0	1	194	5094	5287	7.35e-71	278
Int1_Pc_Pattern	NZ_PWCB01000140.1	88.660	194	22	0	1	194	194	1	7.35e-71	278
Int1_Pc_Pattern	NZ_PWDB01000030.1	88.660	194	22	0	1	194	194	1	7.35e-71	278
Int1_Pc_Pattern	NZ_PWDB01000271.1	88.660	194	22	0	1	194	11	204	7.35e-71	278
Int1_Pc_Pattern	NZ_JSER01000017.1	88.325	197	23	0	1	197	2189	2385	7.35e-71	278
Int1_Pc_Pattern	NZ_QRAG01000094.1	88.601	193	22	0	1	193	1355	1547	2.64e-70	276
Int1_Pc_Pattern	NZ_VMNV01000101.1	100.000	148	0	0	154	301	1	148	9.51e-70	274
Int1_Pc_Pattern	NZ_VAVN01000069.1	88.542	192	22	0	1	192	3373	3564	9.51e-70	274
Int1_Pc_Pattern	NZ_QFVU01000096.1	100.000	148	0	0	154	301	1	148	9.51e-70	274
Int1_Pc_Pattern	NZ_QFTH01000101.1	100.000	148	0	0	154	301	1	148	9.51e-70	274
Int1_Pc_Pattern	NZ_QFTF01000101.1	100.000	148	0	0	154	301	1	148	9.51e-70	274
Int1_Pc_Pattern	NZ_JBUXNC010000064.1	88.542	192	22	0	1	192	192	1	9.51e-70	274
Int1_Pc_Pattern	JAMGKZ010000019.1	88.542	192	22	0	1	192	192	1	9.51e-70	274
Int1_Pc_Pattern	NZ_CACTIK010000086.1	99.333	150	1	0	844	993	274	125	3.42e-69	272
Int1_Pc_Pattern	NZ_LZXS01000102.1	88.482	191	22	0	1	191	1583	1773	3.42e-69	272
Int1_Pc_Pattern	NZ_LZXS01000041.1	88.482	191	22	0	1	191	191	1	3.42e-69	272
Int1_Pc_Pattern	JAXHHS010000070.1	88.421	190	22	0	1	190	190	1	1.23e-68	270
Int1_Pc_Pattern	JAHESL010000023.1	88.421	190	22	0	1	190	6269	6458	1.23e-68	270
Int1_Pc_Pattern	NZ_JAAQSV010000062.1	100.000	145	0	0	870	1014	2475	2331	4.42e-68	268
Int1_Pc_Pattern	NZ_JAAQSN010000068.1	100.000	145	0	0	870	1014	1845	1701	4.42e-68	268
Int1_Pc_Pattern	NZ_SSDA01000144.1	100.000	145	0	0	870	1014	1	145	4.42e-68	268
Int1_Pc_Pattern	NZ_QRAF01000133.1	88.360	189	22	0	1	189	189	1	4.42e-68	268
Int1_Pc_Pattern	NZ_JBHGTP010000128.1	100.000	145	0	0	870	1014	1	145	4.42e-68	268
Int1_Pc_Pattern	JBHGTP010000128.1	100.000	145	0	0	870	1014	1	145	4.42e-68	268
Int1_Pc_Pattern	DALQLR010000090.1	88.360	189	22	0	1	189	189	1	4.42e-68	268
Int1_Pc_Pattern	NZ_QRAG01000072.1	88.298	188	22	0	1	188	451	638	1.59e-67	267
Int1_Pc_Pattern	NZ_QRAF01000154.1	88.298	188	22	0	1	188	451	638	1.59e-67	267
Int1_Pc_Pattern	DBHYLA010000085.1	100.000	144	0	0	871	1014	1848	1705	1.59e-67	267
Int1_Pc_Pattern	NZ_PRFU01000052.1	88.235	187	22	0	1	187	446	260	5.72e-67	265
Int1_Pc_Pattern	JAJSXZ010000112.1	88.108	185	22	0	1	185	185	1	7.40e-66	261
Int1_Pc_Pattern	NZ_NSPO01000052.1	88.043	184	22	0	1	184	184	1	2.66e-65	259
Int1_Pc_Pattern	NZ_JAHETQ010000112.1	100.000	139	0	0	876	1014	436	298	9.57e-65	257
Int1_Pc_Pattern	JAHETZ010000110.1	100.000	139	0	0	876	1014	436	298	9.57e-65	257
Int1_Pc_Pattern	DBFQMP010000113.1	100.000	136	0	0	879	1014	1	136	4.45e-63	252
Int1_Pc_Pattern	DBFQLW010000115.1	100.000	136	0	0	879	1014	1	136	4.45e-63	252
Int1_Pc_Pattern	NZ_MKIJ01000194.1	100.000	136	0	0	879	1014	1	136	4.45e-63	252
Int1_Pc_Pattern	NZ_CAIZTA010000235.1	100.000	135	0	0	880	1014	146	12	1.60e-62	250
Int1_Pc_Pattern	CAIZTA010000235.1	100.000	135	0	0	880	1014	146	12	1.60e-62	250
Int1_Pc_Pattern	NZ_NPHO01000071.1	100.000	135	0	0	880	1014	5147	5013	1.60e-62	250
Int1_Pc_Pattern	NZ_LRXF01000059.1	99.265	136	1	0	611	746	1	136	2.07e-61	246
Int1_Pc_Pattern	NZ_WMJE01000120.1	98.529	136	1	1	442	577	1	135	3.47e-59	239
Int1_Pc_Pattern	NZ_STDU01000085.1	87.209	172	22	0	1	172	172	1	1.25e-58	237
Int1_Pc_Pattern	NZ_STCB01000040.1	87.209	172	22	0	1	172	172	1	1.25e-58	237
Int1_Pc_Pattern	NZ_RZHR01000089.1	87.209	172	22	0	1	172	1334	1505	1.25e-58	237
Int1_Pc_Pattern	NZ_MPYK04000024.1	87.209	172	22	0	1	172	1924	2095	1.25e-58	237
Int1_Pc_Pattern	NZ_LXNA01000123.1	99.242	132	0	1	677	808	1	131	1.25e-58	237
Int1_Pc_Pattern	NZ_LXMG01000152.1	99.242	132	0	1	677	808	1	131	1.25e-58	237
Int1_Pc_Pattern	NZ_LXMV01000103.1	99.242	132	0	1	677	808	1	131	1.25e-58	237
Int1_Pc_Pattern	DBFQMP010000104.1	100.000	128	0	0	754	881	4589	4716	1.25e-58	237
Int1_Pc_Pattern	DBFQLW010000106.1	100.000	128	0	0	754	881	4616	4743	1.25e-58	237
Int1_Pc_Pattern	NZ_JACCIR010000030.1	99.231	130	1	0	608	737	6977	6848	4.49e-58	235
Int1_Pc_Pattern	NZ_JACCIK010000040.1	100.000	127	0	0	608	734	1	127	4.49e-58	235
Int1_Pc_Pattern	NZ_JACCIM010000103.1	100.000	127	0	0	608	734	1	127	4.49e-58	235
Int1_Pc_Pattern	NZ_JAACJB010000048.1	100.000	127	0	0	546	672	7931	7805	4.49e-58	235
Int1_Pc_Pattern	NZ_WOAF01000160.1	100.000	127	0	0	553	679	127	1	4.49e-58	235
Int1_Pc_Pattern	NZ_JAAJSW010000134.1	100.000	127	0	0	319	445	254	128	4.49e-58	235
Int1_Pc_Pattern	NZ_JAAJSQ010000081.1	100.000	127	0	0	351	477	253	127	4.49e-58	235
Int1_Pc_Pattern	NZ_RPEU01000132.1	100.000	127	0	0	658	784	1	127	4.49e-58	235
Int1_Pc_Pattern	NZ_WMJH01000154.1	100.000	127	0	0	760	886	251	125	4.49e-58	235
Int1_Pc_Pattern	NZ_VIJQ01000374.1	100.000	127	0	0	658	784	1	127	4.49e-58	235
Int1_Pc_Pattern	NZ_VIJJ01000350.1	100.000	127	0	0	658	784	253	127	4.49e-58	235
Int1_Pc_Pattern	NZ_VIJI01000450.1	100.000	127	0	0	658	784	253	127	4.49e-58	235
Int1_Pc_Pattern	NZ_VIJK01000200.1	100.000	127	0	0	658	784	253	127	4.49e-58	235
Int1_Pc_Pattern	NZ_VIJG01000311.1	100.000	127	0	0	658	784	1	127	4.49e-58	235
Int1_Pc_Pattern	NZ_VONI01000087.1	100.000	127	0	0	658	784	1	127	4.49e-58	235
Int1_Pc_Pattern	NZ_VONK01000080.1	100.000	127	0	0	658	784	253	127	4.49e-58	235
Int1_Pc_Pattern	NZ_VIXY01000319.1	100.000	127	0	0	658	784	1	127	4.49e-58	235
Int1_Pc_Pattern	NZ_BGMA01000105.1	100.000	127	0	0	672	798	295	169	4.49e-58	235
Int1_Pc_Pattern	NZ_BGLP01000265.1	100.000	127	0	0	643	769	254	128	4.49e-58	235
Int1_Pc_Pattern	NZ_MRYM02000138.1	100.000	127	0	0	328	454	1	127	4.49e-58	235
Int1_Pc_Pattern	NZ_JAJFCY010000133.1	100.000	127	0	0	537	663	1	127	4.49e-58	235
Int1_Pc_Pattern	NZ_JAJFCY010000129.1	100.000	127	0	0	656	782	127	253	4.49e-58	235
Int1_Pc_Pattern	JAJSXZ010000105.1	100.000	127	0	0	472	598	1892	1766	4.49e-58	235
Int1_Pc_Pattern	BQGH01000153.1	100.000	127	0	0	672	798	254	128	4.49e-58	235
Int1_Pc_Pattern	NZ_MUKJ01000102.1	100.000	127	0	0	556	682	251	125	4.49e-58	235
Int1_Pc_Pattern	NZ_MUJF01000106.1	100.000	127	0	0	556	682	251	125	4.49e-58	235
Int1_Pc_Pattern	NZ_JAHKDN010000334.1	100.000	127	0	0	838	964	246	120	4.49e-58	235
Int1_Pc_Pattern	NZ_JAHKCT010000396.1	100.000	127	0	0	672	798	253	127	4.49e-58	235
Int1_Pc_Pattern	NZ_JACSVP010000062.1	100.000	127	0	0	838	964	844	718	4.49e-58	235
Int1_Pc_Pattern	NZ_JACSVO010000064.1	100.000	127	0	0	838	964	844	718	4.49e-58	235
Int1_Pc_Pattern	NZ_RFDC01000094.1	100.000	127	0	0	238	364	251	125	4.49e-58	235
Int1_Pc_Pattern	NZ_PYEO01000068.1	100.000	127	0	0	672	798	254	128	4.49e-58	235
Int1_Pc_Pattern	NZ_PYEK01000072.1	100.000	127	0	0	672	798	254	128	4.49e-58	235
Int1_Pc_Pattern	NZ_JADQAC010000176.1	86.391	169	23	0	1	169	169	1	2.70e-55	226
Int1_Pc_Pattern	NZ_JAGSJV010000157.1	100.000	120	0	0	895	1014	253	134	3.49e-54	222
Int1_Pc_Pattern	NZ_JAGSJV010000135.1	100.000	120	0	0	895	1014	729	610	3.49e-54	222
Int1_Pc_Pattern	NZ_JAJFCY010000130.1	100.000	120	0	0	895	1014	1	120	3.49e-54	222
Int1_Pc_Pattern	JAOOWT010000057.1	100.000	120	0	0	895	1014	1	120	3.49e-54	222
Int1_Pc_Pattern	JAOOWT010000161.1	100.000	120	0	0	895	1014	252	133	3.49e-54	222
Int1_Pc_Pattern	NZ_RWLQ01000033.1	100.000	118	0	0	897	1014	299	416	4.52e-53	219
Int1_Pc_Pattern	NZ_NKYL01000149.1	86.061	165	23	0	1	165	3417	3581	4.52e-53	219
Int1_Pc_Pattern	NZ_JAAASZ010000085.1	100.000	117	0	0	898	1014	1	117	1.62e-52	217
Int1_Pc_Pattern	NZ_NCMO01000036.1	100.000	117	0	0	898	1014	4465	4349	1.62e-52	217
Int1_Pc_Pattern	NZ_NIZL01000085.1	100.000	117	0	0	898	1014	1	117	1.62e-52	217
Int1_Pc_Pattern	NZ_MCNT01000089.1	86.335	161	22	0	1	161	2001	2161	1.62e-52	217
Int1_Pc_Pattern	NZ_CAXSDN010000038.1	100.000	117	0	0	898	1014	4310	4194	1.62e-52	217
Int1_Pc_Pattern	NZ_CAXSDN010000028.1	100.000	117	0	0	898	1014	3449	3333	1.62e-52	217
Int1_Pc_Pattern	CAXSDN010000038.1	100.000	117	0	0	898	1014	4310	4194	1.62e-52	217
Int1_Pc_Pattern	CAXSDN010000028.1	100.000	117	0	0	898	1014	3449	3333	1.62e-52	217
Int1_Pc_Pattern	DBGFHV010000040.1	100.000	117	0	0	898	1014	5467	5583	1.62e-52	217
Int1_Pc_Pattern	DBGFHF010000041.1	100.000	117	0	0	898	1014	5467	5583	1.62e-52	217
Int1_Pc_Pattern	NZ_LZDA01000034.1	86.250	160	22	0	1	160	3385	3544	5.84e-52	215
Int1_Pc_Pattern	NZ_LLMF01000163.1	100.000	116	0	0	899	1014	456	341	5.84e-52	215
Int1_Pc_Pattern	NZ_MCNT01000083.1	86.250	160	22	0	1	160	2193	2352	5.84e-52	215
Int1_Pc_Pattern	NZ_JAHETQ010000130.1	99.153	118	1	0	876	993	211	94	2.10e-51	213
Int1_Pc_Pattern	JAHETZ010000134.1	99.153	118	1	0	876	993	211	94	2.10e-51	213
Int1_Pc_Pattern	NZ_QHGN01000069.1	86.076	158	22	0	1	158	1729	1886	7.56e-51	211
Int1_Pc_Pattern	NZ_QHGN01000048.1	86.076	158	22	0	1	158	3677	3834	7.56e-51	211
Int1_Pc_Pattern	NZ_CXZT01000079.1	100.000	112	0	0	190	301	4763	4652	9.78e-50	207
Int1_Pc_Pattern	NZ_JAKMNO010000089.1	100.000	111	0	0	688	798	222	112	3.52e-49	206
Int1_Pc_Pattern	JBMDEJ010000103.1	100.000	111	0	0	690	800	1	111	3.52e-49	206
Int1_Pc_Pattern	JBMDEJ010000103.1	100.000	111	0	0	797	907	477	587	3.52e-49	206
Int1_Pc_Pattern	JBMDEJ010000078.1	100.000	111	0	0	191	301	2467	2357	3.52e-49	206
Int1_Pc_Pattern	JAKMNO010000089.1	100.000	111	0	0	688	798	222	112	3.52e-49	206
Int1_Pc_Pattern	DBGFHV010000052.1	100.000	108	0	0	907	1014	1	108	1.64e-47	200
Int1_Pc_Pattern	DBGFHF010000048.1	100.000	108	0	0	907	1014	1	108	1.64e-47	200
Int1_Pc_Pattern	NZ_NBSF01000201.1	100.000	107	0	0	908	1014	673	567	5.89e-47	198
Int1_Pc_Pattern	NZ_JACSVP010000051.1	100.000	107	0	0	116	222	107	1	5.89e-47	198
Int1_Pc_Pattern	NZ_JACSVO010000053.1	100.000	107	0	0	116	222	2372	2478	5.89e-47	198
Int1_Pc_Pattern	NZ_MDTR01000044.1	100.000	105	0	0	116	220	6157	6261	7.61e-46	195
Int1_Pc_Pattern	NZ_JBWVPX010000071.1	100.000	104	0	0	911	1014	1	104	2.74e-45	193
Int1_Pc_Pattern	NZ_JBWVNA010000098.1	100.000	104	0	0	911	1014	695	592	2.74e-45	193
Int1_Pc_Pattern	NZ_JBMDFG010000106.1	100.000	104	0	0	911	1014	1	104	2.74e-45	193
Int1_Pc_Pattern	NZ_JBKIVD010000208.1	100.000	104	0	0	911	1014	1	104	2.74e-45	193
Int1_Pc_Pattern	NZ_JBKIVD010000153.1	100.000	104	0	0	911	1014	1	104	2.74e-45	193
Int1_Pc_Pattern	NZ_JBGEOO010000076.1	100.000	104	0	0	911	1014	1	104	2.74e-45	193
Int1_Pc_Pattern	JBWVPX010000071.1	100.000	104	0	0	911	1014	1	104	2.74e-45	193
Int1_Pc_Pattern	JBMDFG010000106.1	100.000	104	0	0	911	1014	1	104	2.74e-45	193
Int1_Pc_Pattern	NZ_QOQY01000009.1	100.000	98	0	0	702	799	564	467	5.93e-42	182
Int1_Pc_Pattern	NZ_SCWX01000094.1	100.000	97	0	0	918	1014	1	97	2.13e-41	180
Int1_Pc_Pattern	NZ_MCMD01000001.1	100.000	96	0	0	919	1014	1	96	7.67e-41	178
Int1_Pc_Pattern	NZ_LZQI01000063.1	100.000	96	0	0	919	1014	4630	4535	7.67e-41	178
Int1_Pc_Pattern	NZ_LZQI01000008.1	100.000	96	0	0	919	1014	173005	172910	7.67e-41	178
Int1_Pc_Pattern	NZ_NSLE01000049.1	100.000	96	0	0	919	1014	1	96	7.67e-41	178
Int1_Pc_Pattern	NZ_JAAASZ010000175.1	100.000	94	0	0	898	991	94	1	9.92e-40	174
Int1_Pc_Pattern	NZ_JAAASZ010000175.1	100.000	94	0	0	812	905	5655	5562	9.92e-40	174
Int1_Pc_Pattern	NZ_NIZL01000175.1	100.000	94	0	0	898	991	94	1	9.92e-40	174
Int1_Pc_Pattern	NZ_NIZL01000175.1	100.000	94	0	0	812	905	5655	5562	9.92e-40	174
Int1_Pc_Pattern	NZ_NXIU01000084.1	100.000	92	0	0	923	1014	1	92	1.28e-38	171
Int1_Pc_Pattern	NZ_VAVH01000101.1	100.000	89	0	0	1	89	89	1	5.97e-37	165
Int1_Pc_Pattern	NZ_VAVD01000104.1	100.000	89	0	0	1	89	465	553	5.97e-37	165
Int1_Pc_Pattern	NZ_QORA01000012.1	100.000	89	0	0	1	89	114	26	5.97e-37	165
Int1_Pc_Pattern	NZ_NDFY01000067.1	100.000	89	0	0	1	89	4404	4492	5.97e-37	165
Int1_Pc_Pattern	NZ_NDFY01000066.1	100.000	89	0	0	1	89	379965	380053	5.97e-37	165
Int1_Pc_Pattern	NZ_NDFU01000079.1	100.000	89	0	0	1	89	4404	4492	5.97e-37	165
Int1_Pc_Pattern	NZ_NDFU01000078.1	100.000	89	0	0	1	89	270818	270906	5.97e-37	165
Int1_Pc_Pattern	NZ_NDFT01000081.1	100.000	89	0	0	1	89	4404	4492	5.97e-37	165
Int1_Pc_Pattern	NZ_NDFT01000080.1	100.000	89	0	0	1	89	394282	394370	5.97e-37	165
Int1_Pc_Pattern	NZ_LLUY01000133.1	100.000	89	0	0	1	89	96	8	5.97e-37	165
Int1_Pc_Pattern	NZ_LLQC01000129.1	100.000	89	0	0	1	89	101	13	5.97e-37	165
Int1_Pc_Pattern	NZ_LLQC01000104.1	100.000	89	0	0	1	89	101	13	5.97e-37	165
Int1_Pc_Pattern	NZ_SBCX01000132.1	100.000	89	0	0	1	89	92	4	5.97e-37	165
Int1_Pc_Pattern	NZ_SBCX01000114.1	100.000	89	0	0	1	89	92	4	5.97e-37	165
Int1_Pc_Pattern	NZ_SBCT01000114.1	100.000	89	0	0	1	89	95	7	5.97e-37	165
Int1_Pc_Pattern	NZ_SBCT01000112.1	100.000	89	0	0	1	89	1960	2048	5.97e-37	165
Int1_Pc_Pattern	NZ_VKCR01000124.1	100.000	89	0	0	1	89	94	6	5.97e-37	165
Int1_Pc_Pattern	NZ_QFMS01000324.1	100.000	89	0	0	1	89	141	229	5.97e-37	165
Int1_Pc_Pattern	NZ_RDAW01000005.1	100.000	89	0	0	1	89	41800	41888	5.97e-37	165
Int1_Pc_Pattern	NZ_RDAW01000005.1	97.436	39	1	0	114	152	41913	41951	4.81e-08	69.4
Int1_Pc_Pattern	NZ_QOHW01000093.1	100.000	89	0	0	1	89	104	16	5.97e-37	165
Int1_Pc_Pattern	NZ_QOHW01000079.1	100.000	89	0	0	1	89	2101	2189	5.97e-37	165
Int1_Pc_Pattern	NZ_NCNU01000090.1	100.000	89	0	0	1	89	115	27	5.97e-37	165
Int1_Pc_Pattern	NZ_NCOE01000100.1	100.000	89	0	0	1	89	1079	1167	5.97e-37	165
Int1_Pc_Pattern	NZ_NCOE01000082.1	100.000	89	0	0	1	89	116	28	5.97e-37	165
Int1_Pc_Pattern	NZ_NCOF01000096.1	100.000	89	0	0	1	89	1079	1167	5.97e-37	165
Int1_Pc_Pattern	NZ_NCOF01000041.1	100.000	89	0	0	1	89	1800	1888	5.97e-37	165
Int1_Pc_Pattern	NZ_NCOK01000169.1	100.000	89	0	0	1	89	114	26	5.97e-37	165
Int1_Pc_Pattern	NZ_NCOK01000173.1	100.000	89	0	0	1	89	1798	1886	5.97e-37	165
Int1_Pc_Pattern	NZ_NCOS01000090.1	100.000	89	0	0	1	89	115	27	5.97e-37	165
Int1_Pc_Pattern	NZ_NCOS01000067.1	100.000	89	0	0	1	89	115	27	5.97e-37	165
Int1_Pc_Pattern	NZ_NCPD01000003.1	100.000	89	0	0	1	89	9480	9568	5.97e-37	165
Int1_Pc_Pattern	NZ_NCNA01000108.1	100.000	89	0	0	1	89	1078	1166	5.97e-37	165
Int1_Pc_Pattern	NZ_NCNA01000089.1	100.000	89	0	0	1	89	1799	1887	5.97e-37	165
Int1_Pc_Pattern	NZ_NCOI01000157.1	100.000	89	0	0	1	89	114	26	5.97e-37	165
Int1_Pc_Pattern	NZ_NCOI01000133.1	100.000	89	0	0	1	89	1798	1886	5.97e-37	165
Int1_Pc_Pattern	NZ_NCOJ01000123.1	100.000	89	0	0	1	89	115	27	5.97e-37	165
Int1_Pc_Pattern	NZ_NCOJ01000111.1	100.000	89	0	0	1	89	115	27	5.97e-37	165
Int1_Pc_Pattern	NZ_NCOM01000116.1	100.000	89	0	0	1	89	114	26	5.97e-37	165
Int1_Pc_Pattern	NZ_NCOM01000053.1	100.000	89	0	0	1	89	114	26	5.97e-37	165
Int1_Pc_Pattern	NZ_CP024571.1	100.000	89	0	0	1	89	111249	111161	5.97e-37	165
Int1_Pc_Pattern	NZ_CP024550.1	100.000	89	0	0	1	89	111249	111161	5.97e-37	165
Int1_Pc_Pattern	NZ_CP024536.1	100.000	89	0	0	1	89	111249	111161	5.97e-37	165
Int1_Pc_Pattern	NZ_CP024564.1	100.000	89	0	0	1	89	111249	111161	5.97e-37	165
Int1_Pc_Pattern	NZ_NELR01000060.1	100.000	89	0	0	1	89	2316	2228	5.97e-37	165
Int1_Pc_Pattern	NZ_NBOT01001285.1	100.000	89	0	0	1	89	119	207	5.97e-37	165
Int1_Pc_Pattern	NZ_CCJD01000086.1	100.000	89	0	0	1	89	109	21	5.97e-37	165
Int1_Pc_Pattern	NZ_CBDBXJ010000150.1	100.000	89	0	0	1	89	116	204	5.97e-37	165
Int1_Pc_Pattern	NZ_CAXSDN010000094.1	100.000	89	0	0	1	89	89	1	5.97e-37	165
Int1_Pc_Pattern	NZ_JBHGTP010000102.1	100.000	89	0	0	1	89	801	889	5.97e-37	165
Int1_Pc_Pattern	NZ_JBHGTP010000096.1	100.000	89	0	0	1	89	966	1054	5.97e-37	165
Int1_Pc_Pattern	NZ_JBHGPS010000112.1	100.000	89	0	0	1	89	89	1	5.97e-37	165
Int1_Pc_Pattern	NZ_JBHGPS010000059.1	100.000	89	0	0	1	89	95	7	5.97e-37	165
Int1_Pc_Pattern	NZ_SWGA01000063.1	100.000	89	0	0	1	89	135	47	5.97e-37	165
Int1_Pc_Pattern	NZ_SWGA01000035.1	100.000	89	0	0	1	89	13191	13279	5.97e-37	165
Int1_Pc_Pattern	NZ_SWFW01000082.1	100.000	89	0	0	1	89	124	36	5.97e-37	165
Int1_Pc_Pattern	CBFFNV010000112.1	100.000	89	0	0	1	89	89	1	5.97e-37	165
Int1_Pc_Pattern	CAXSDN010000094.1	100.000	89	0	0	1	89	89	1	5.97e-37	165
Int1_Pc_Pattern	DBOPDP010000152.1	100.000	89	0	0	1	89	989	1077	5.97e-37	165
Int1_Pc_Pattern	DBNSWK010000065.1	100.000	89	0	0	1	89	3299	3387	5.97e-37	165
Int1_Pc_Pattern	DBNSWK010000064.1	100.000	89	0	0	1	89	3411	3499	5.97e-37	165
Int1_Pc_Pattern	DBNSYB010000058.1	100.000	89	0	0	1	89	3411	3499	5.97e-37	165
Int1_Pc_Pattern	DBNRXH010000125.1	100.000	89	0	0	1	89	989	1077	5.97e-37	165
Int1_Pc_Pattern	DBNRXH010000088.1	100.000	89	0	0	1	89	89	1	5.97e-37	165
Int1_Pc_Pattern	DBNRWY010000196.1	100.000	89	0	0	1	89	989	1077	5.97e-37	165
Int1_Pc_Pattern	DBNRWY010000133.1	100.000	89	0	0	1	89	89	1	5.97e-37	165
Int1_Pc_Pattern	DBNRWX010000203.1	100.000	89	0	0	1	89	989	1077	5.97e-37	165
Int1_Pc_Pattern	DBNRWX010000148.1	100.000	89	0	0	1	89	89	1	5.97e-37	165
Int1_Pc_Pattern	DBNRWH010000127.1	100.000	89	0	0	1	89	989	1077	5.97e-37	165
Int1_Pc_Pattern	DBNRWH010000092.1	100.000	89	0	0	1	89	89	1	5.97e-37	165
Int1_Pc_Pattern	DBNRWD010000160.1	100.000	89	0	0	1	89	3413	3501	5.97e-37	165
Int1_Pc_Pattern	DBNRWB010000116.1	100.000	89	0	0	1	89	3369	3457	5.97e-37	165
Int1_Pc_Pattern	DBNRWC010000101.1	100.000	89	0	0	1	89	89	1	5.97e-37	165
Int1_Pc_Pattern	DBNRVK010000156.1	100.000	89	0	0	1	89	1243	1331	5.97e-37	165
Int1_Pc_Pattern	DBNRVK010000118.1	100.000	89	0	0	1	89	89	1	5.97e-37	165
Int1_Pc_Pattern	DBNRVC010000075.1	100.000	89	0	0	1	89	3301	3389	5.97e-37	165
Int1_Pc_Pattern	DBNRUO010000167.1	100.000	89	0	0	1	89	989	1077	5.97e-37	165
Int1_Pc_Pattern	DBNRUO010000124.1	100.000	89	0	0	1	89	89	1	5.97e-37	165
Int1_Pc_Pattern	DBNRUK010000131.1	100.000	89	0	0	1	89	2285	2373	5.97e-37	165
Int1_Pc_Pattern	DBNRUK010000109.1	100.000	89	0	0	1	89	89	1	5.97e-37	165
Int1_Pc_Pattern	DBNRSC010000127.1	100.000	89	0	0	1	89	989	1077	5.97e-37	165
Int1_Pc_Pattern	DBNRSC010000086.1	100.000	89	0	0	1	89	89	1	5.97e-37	165
Int1_Pc_Pattern	DBNRSA010000111.1	100.000	89	0	0	1	89	1243	1331	5.97e-37	165
Int1_Pc_Pattern	DBNRSA010000079.1	100.000	89	0	0	1	89	89	1	5.97e-37	165
Int1_Pc_Pattern	DBNRRZ010000123.1	100.000	89	0	0	1	89	989	1077	5.97e-37	165
Int1_Pc_Pattern	DBNRRZ010000089.1	100.000	89	0	0	1	89	89	1	5.97e-37	165
Int1_Pc_Pattern	DBNRRU010000108.1	100.000	89	0	0	1	89	3070	3158	5.97e-37	165
Int1_Pc_Pattern	DBNRRU010000096.1	100.000	89	0	0	1	89	89	1	5.97e-37	165
Int1_Pc_Pattern	DBNRQB010000246.1	100.000	89	0	0	1	89	989	1077	5.97e-37	165
Int1_Pc_Pattern	DBNRQB010000170.1	100.000	89	0	0	1	89	89	1	5.97e-37	165
Int1_Pc_Pattern	DBLGUE010000100.1	100.000	89	0	0	1	89	977	1065	5.97e-37	165
Int1_Pc_Pattern	DBLGUE010000096.1	100.000	89	0	0	1	89	1074	1162	5.97e-37	165
Int1_Pc_Pattern	DBLFEQ010000106.1	100.000	89	0	0	1	89	1063	1151	5.97e-37	165
Int1_Pc_Pattern	DBLFEQ010000093.1	100.000	89	0	0	1	89	6030	6118	5.97e-37	165
Int1_Pc_Pattern	ACBDHI010000084.1	100.000	89	0	0	1	89	1243	1331	5.97e-37	165
Int1_Pc_Pattern	ACBDHI010000068.1	100.000	89	0	0	1	89	3527	3615	5.97e-37	165
Int1_Pc_Pattern	DBKMBD010000080.1	100.000	89	0	0	1	89	1063	1151	5.97e-37	165
Int1_Pc_Pattern	DBKMBD010000060.1	100.000	89	0	0	1	89	6030	6118	5.97e-37	165
Int1_Pc_Pattern	DBKLNC010000082.1	100.000	89	0	0	1	89	1063	1151	5.97e-37	165
Int1_Pc_Pattern	DBKLNC010000061.1	100.000	89	0	0	1	89	6030	6118	5.97e-37	165
Int1_Pc_Pattern	DBJVLE010000107.1	100.000	89	0	0	1	89	989	1077	5.97e-37	165
Int1_Pc_Pattern	DBJVLE010000081.1	100.000	89	0	0	1	89	3527	3615	5.97e-37	165
Int1_Pc_Pattern	DBJVLE010000070.1	100.000	89	0	0	1	89	89	1	5.97e-37	165
Int1_Pc_Pattern	DBHZQQ010000047.1	100.000	89	0	0	1	89	89	1	5.97e-37	165
Int1_Pc_Pattern	DBHZQQ010000036.1	100.000	89	0	0	1	89	19451	19539	5.97e-37	165
Int1_Pc_Pattern	DBGNXV010000119.1	100.000	89	0	0	1	89	1075	1163	5.97e-37	165
Int1_Pc_Pattern	DBGNXV010000066.1	100.000	89	0	0	1	89	114	26	5.97e-37	165
Int1_Pc_Pattern	DBGFHV010000063.1	100.000	89	0	0	1	89	2502	2590	5.97e-37	165
Int1_Pc_Pattern	DBGFHV010000054.1	100.000	89	0	0	1	89	3225	3313	5.97e-37	165
Int1_Pc_Pattern	DBGFHF010000057.1	100.000	89	0	0	1	89	2502	2590	5.97e-37	165
Int1_Pc_Pattern	DBGFHF010000052.1	100.000	89	0	0	1	89	3225	3313	5.97e-37	165
Int1_Pc_Pattern	JBLGDB010000054.1	100.000	89	0	0	1	89	3411	3499	5.97e-37	165
Int1_Pc_Pattern	DBCAUF010000091.1	100.000	89	0	0	1	89	89	1	5.97e-37	165
Int1_Pc_Pattern	JBHGTP010000102.1	100.000	89	0	0	1	89	801	889	5.97e-37	165
Int1_Pc_Pattern	JBHGTP010000096.1	100.000	89	0	0	1	89	966	1054	5.97e-37	165
Int1_Pc_Pattern	JBHGSI010000034.1	100.000	89	0	0	1	89	95	7	5.97e-37	165
Int1_Pc_Pattern	DAOXCU010000082.1	100.000	89	0	0	1	89	1143	1231	5.97e-37	165
Int1_Pc_Pattern	DANUCW010000098.1	100.000	89	0	0	1	89	989	1077	5.97e-37	165
Int1_Pc_Pattern	DANUCW010000067.1	100.000	89	0	0	1	89	3527	3615	5.97e-37	165
Int1_Pc_Pattern	DANUCW010000057.1	100.000	89	0	0	1	89	89	1	5.97e-37	165
Int1_Pc_Pattern	DANUCV010000093.1	100.000	89	0	0	1	89	989	1077	5.97e-37	165
Int1_Pc_Pattern	DANUCV010000061.1	100.000	89	0	0	1	89	3527	3615	5.97e-37	165
Int1_Pc_Pattern	DANUCV010000050.1	100.000	89	0	0	1	89	89	1	5.97e-37	165
Int1_Pc_Pattern	DALQKN010000154.1	100.000	89	0	0	1	89	150	62	5.97e-37	165
Int1_Pc_Pattern	DALQKN010000154.1	100.000	35	0	0	116	150	35	1	6.23e-07	65.8
Int1_Pc_Pattern	DAKLTU010000069.1	100.000	89	0	0	1	89	1063	1151	5.97e-37	165
Int1_Pc_Pattern	DAKLTU010000042.1	100.000	89	0	0	1	89	6030	6118	5.97e-37	165
Int1_Pc_Pattern	DAKAGW010000201.1	100.000	89	0	0	1	89	1966	2054	5.97e-37	165
Int1_Pc_Pattern	DAKAGW010000109.1	100.000	89	0	0	1	89	14667	14755	5.97e-37	165
Int1_Pc_Pattern	DAIXMV010000073.1	100.000	89	0	0	1	89	94	6	5.97e-37	165
Int1_Pc_Pattern	DAIXMV010000072.1	100.000	89	0	0	1	89	1894	1982	5.97e-37	165
Int1_Pc_Pattern	DAHEUN010000125.1	100.000	89	0	0	1	89	1071	1159	5.97e-37	165
Int1_Pc_Pattern	DAHEGP010000109.1	100.000	89	0	0	1	89	626	714	5.97e-37	165
Int1_Pc_Pattern	DAHEGP010000107.1	100.000	89	0	0	1	89	634	722	5.97e-37	165
Int1_Pc_Pattern	DAHEFL010000139.1	100.000	89	0	0	1	89	2971	3059	5.97e-37	165
Int1_Pc_Pattern	DAHEDT010000118.1	100.000	89	0	0	1	89	1071	1159	5.97e-37	165
Int1_Pc_Pattern	DAFNLN010000099.1	100.000	89	0	0	1	89	3411	3499	5.97e-37	165
Int1_Pc_Pattern	DAFLQJ010000097.1	100.000	89	0	0	1	89	1622	1710	5.97e-37	165
Int1_Pc_Pattern	DAFLFR010000100.1	100.000	89	0	0	1	89	1071	1159	5.97e-37	165
Int1_Pc_Pattern	DAFKRY010000127.1	100.000	89	0	0	1	89	1063	1151	5.97e-37	165
Int1_Pc_Pattern	DAFKRY010000083.1	100.000	89	0	0	1	89	6824	6912	5.97e-37	165
Int1_Pc_Pattern	DADXUD010000056.1	100.000	89	0	0	1	89	1256	1344	5.97e-37	165
Int1_Pc_Pattern	DADXUD010000053.1	100.000	89	0	0	1	89	1977	2065	5.97e-37	165
Int1_Pc_Pattern	DACZYN010000111.1	100.000	89	0	0	1	89	626	714	5.97e-37	165
Int1_Pc_Pattern	DACZYN010000110.1	100.000	89	0	0	1	89	634	722	5.97e-37	165
Int1_Pc_Pattern	DACZYI010000166.1	100.000	89	0	0	1	89	626	714	5.97e-37	165
Int1_Pc_Pattern	DACZYI010000164.1	100.000	89	0	0	1	89	634	722	5.97e-37	165
Int1_Pc_Pattern	DACZWO010000120.1	100.000	89	0	0	1	89	1071	1159	5.97e-37	165
Int1_Pc_Pattern	AAXLNU010000078.1	100.000	89	0	0	1	89	3409	3497	5.97e-37	165
Int1_Pc_Pattern	DACOPU010000066.1	100.000	89	0	0	1	89	3014	3102	5.97e-37	165
Int1_Pc_Pattern	DACOPV010000138.1	100.000	89	0	0	1	89	2285	2373	5.97e-37	165
Int1_Pc_Pattern	DACOPL010000115.1	100.000	89	0	0	1	89	1070	1158	5.97e-37	165
Int1_Pc_Pattern	DACOKA010000079.1	100.000	89	0	0	1	89	19449	19537	5.97e-37	165
Int1_Pc_Pattern	LLJM01000060.1	100.000	89	0	0	1	89	115	27	5.97e-37	165
Int1_Pc_Pattern	NZ_MKFQ01000058.1	100.000	89	0	0	1	89	9360	9448	5.97e-37	165
Int1_Pc_Pattern	NZ_MSQA01000105.1	100.000	89	0	0	1	89	4393	4481	5.97e-37	165
Int1_Pc_Pattern	NZ_MSQA01000105.1	97.561	41	1	0	114	154	4506	4546	3.72e-09	73.1
Int1_Pc_Pattern	NZ_LXEZ01000067.1	100.000	89	0	0	1	89	104	16	5.97e-37	165
Int1_Pc_Pattern	NZ_LSBS01000014.1	100.000	89	0	0	1	89	127	39	5.97e-37	165
Int1_Pc_Pattern	NZ_LQWK01000070.1	100.000	89	0	0	1	89	5108	5196	5.97e-37	165
Int1_Pc_Pattern	NZ_JWYY01000138.1	100.000	89	0	0	1	89	301	389	5.97e-37	165
Int1_Pc_Pattern	NZ_JWYY01000118.1	100.000	89	0	0	1	89	8356	8444	5.97e-37	165
Int1_Pc_Pattern	NZ_JWZH01000052.1	100.000	89	0	0	1	89	110	22	5.97e-37	165
Int1_Pc_Pattern	NZ_JWZH01000219.1	100.000	89	0	0	1	89	110	22	5.97e-37	165
Int1_Pc_Pattern	NZ_JUBU01000025.1	100.000	89	0	0	1	89	8357	8445	5.97e-37	165
Int1_Pc_Pattern	NZ_JUBU01000157.1	100.000	89	0	0	1	89	110	22	5.97e-37	165
Int1_Pc_Pattern	NZ_QHGG01000092.1	100.000	89	0	0	1	89	89	1	5.97e-37	165
Int1_Pc_Pattern	NZ_LNUZ01000065.1	100.000	89	0	0	1	89	92	4	5.97e-37	165
Int1_Pc_Pattern	NZ_LNUZ01000056.1	100.000	89	0	0	1	89	92	4	5.97e-37	165
Int1_Pc_Pattern	NZ_LNVD01000070.1	100.000	89	0	0	1	89	92	4	5.97e-37	165
Int1_Pc_Pattern	NZ_LNVD01000067.1	100.000	89	0	0	1	89	92	4	5.97e-37	165
Int1_Pc_Pattern	NZ_LXTY01000174.1	100.000	89	0	0	1	89	1485	1573	5.97e-37	165
Int1_Pc_Pattern	NZ_LXUA01000244.1	100.000	89	0	0	1	89	112	24	5.97e-37	165
Int1_Pc_Pattern	NZ_LMAL01000061.1	100.000	89	0	0	1	89	116	28	5.97e-37	165
Int1_Pc_Pattern	NZ_LMAL01000036.1	100.000	89	0	0	1	89	1176	1264	5.97e-37	165
Int1_Pc_Pattern	NZ_LMAM01000065.1	100.000	89	0	0	1	89	1778	1866	5.97e-37	165
Int1_Pc_Pattern	NZ_LMAM01000037.1	100.000	89	0	0	1	89	115	27	5.97e-37	165
Int1_Pc_Pattern	NZ_LLZE01000057.1	100.000	89	0	0	1	89	1176	1264	5.97e-37	165
Int1_Pc_Pattern	NZ_LLZE01000056.1	100.000	89	0	0	1	89	1778	1866	5.97e-37	165
Int1_Pc_Pattern	NZ_SWGG01000213.1	100.000	88	0	0	1	88	3133	3220	2.15e-36	163
Int1_Pc_Pattern	NZ_SJEH01000065.1	100.000	88	0	0	1	88	1906	1993	2.15e-36	163
Int1_Pc_Pattern	NZ_PQKI01000075.1	100.000	88	0	0	1	88	88	1	2.15e-36	163
Int1_Pc_Pattern	NZ_PQKI01000067.1	100.000	88	0	0	1	88	88	1	2.15e-36	163
Int1_Pc_Pattern	NZ_QHGO01000103.1	100.000	88	0	0	277	364	120	207	2.15e-36	163
Int1_Pc_Pattern	NZ_WXZT01000136.1	100.000	87	0	0	1	87	136	222	7.72e-36	161
Int1_Pc_Pattern	NZ_LYAY01001045.1	100.000	87	0	0	1	87	450	536	7.72e-36	161
Int1_Pc_Pattern	NZ_WXZT01000135.1	100.000	86	0	0	1	86	136	221	2.78e-35	159
Int1_Pc_Pattern	NZ_JSER01000027.1	87.719	114	14	0	901	1014	1	114	2.78e-35	159
Int1_Pc_Pattern	NZ_JAAATL010000092.1	100.000	86	0	0	898	983	5084	5169	2.78e-35	159
Int1_Pc_Pattern	NZ_VSJP01000200.1	100.000	85	0	0	1	85	85	1	9.99e-35	158
Int1_Pc_Pattern	NZ_JBCGFV010000113.1	100.000	85	0	0	5	89	253	169	9.99e-35	158
Int1_Pc_Pattern	NZ_CP011576.1	100.000	83	0	0	932	1014	4180	4262	1.29e-33	154
Int1_Pc_Pattern	NZ_MAGK01000098.1	100.000	82	0	0	1	82	1808	1889	4.65e-33	152
Int1_Pc_Pattern	NZ_MAGE01000077.1	100.000	82	0	0	1	82	82	1	4.65e-33	152
Int1_Pc_Pattern	NZ_MAGE01000074.1	100.000	82	0	0	1	82	82	1	4.65e-33	152
Int1_Pc_Pattern	NZ_CACTIK010000220.1	100.000	82	0	0	1	82	82	1	4.65e-33	152
Int1_Pc_Pattern	NZ_CACTIK010000077.1	100.000	82	0	0	1	82	82	1	4.65e-33	152
Int1_Pc_Pattern	NZ_CACTIK010000072.1	100.000	82	0	0	1	82	271	352	4.65e-33	152
Int1_Pc_Pattern	NZ_JALLPT010000046.1	100.000	82	0	0	1	82	3539	3620	4.65e-33	152
Int1_Pc_Pattern	NZ_JALLPT010000025.1	100.000	82	0	0	1	82	82	1	4.65e-33	152
Int1_Pc_Pattern	NZ_LJEY02000072.1	100.000	82	0	0	1	82	1510	1591	4.65e-33	152
Int1_Pc_Pattern	NZ_LJEY02000030.1	100.000	82	0	0	1	82	82	1	4.65e-33	152
Int1_Pc_Pattern	JALLPT010000046.1	100.000	82	0	0	1	82	3539	3620	4.65e-33	152
Int1_Pc_Pattern	JALLPT010000025.1	100.000	82	0	0	1	82	82	1	4.65e-33	152
Int1_Pc_Pattern	DAHJWT010000185.1	100.000	82	0	0	1	82	3411	3492	4.65e-33	152
Int1_Pc_Pattern	DAHJTU010000264.1	100.000	82	0	0	1	82	3411	3492	4.65e-33	152
Int1_Pc_Pattern	DAHJBV010000233.1	100.000	82	0	0	1	82	3168	3249	4.65e-33	152
Int1_Pc_Pattern	DAHHSO010000137.1	100.000	82	0	0	1	82	1558	1639	4.65e-33	152
Int1_Pc_Pattern	DAHHSO010000113.1	100.000	82	0	0	1	82	3411	3492	4.65e-33	152
Int1_Pc_Pattern	NZ_JABERZ010000105.1	100.000	82	0	0	116	197	82	1	4.65e-33	152
Int1_Pc_Pattern	NZ_PXKO01000265.1	100.000	81	0	0	1	81	81	1	1.67e-32	150
Int1_Pc_Pattern	NZ_NPHP01000156.1	100.000	81	0	0	934	1014	666	586	1.67e-32	150
Int1_Pc_Pattern	NZ_JAAATL010000114.1	100.000	79	0	0	936	1014	281	203	2.16e-31	147
Int1_Pc_Pattern	NZ_LVTG01000041.1	100.000	79	0	0	1	79	3164	3242	2.16e-31	147
Int1_Pc_Pattern	NZ_NBSF01000351.1	100.000	78	0	0	908	985	1	78	7.78e-31	145
Int1_Pc_Pattern	NZ_QZZH01000279.1	100.000	77	0	0	225	301	1	77	2.80e-30	143
Int1_Pc_Pattern	NZ_NDEC01000069.1	100.000	77	0	0	722	798	537	461	2.80e-30	143
Int1_Pc_Pattern	NZ_NDCS01000092.1	100.000	77	0	0	722	798	537	461	2.80e-30	143
Int1_Pc_Pattern	NZ_CAIZTA010000228.1	100.000	77	0	0	288	364	1	77	2.80e-30	143
Int1_Pc_Pattern	NZ_JBVTJZ010000067.1	100.000	77	0	0	522	598	1792	1716	2.80e-30	143
Int1_Pc_Pattern	CAIZTA010000228.1	100.000	77	0	0	288	364	1	77	2.80e-30	143
Int1_Pc_Pattern	NZ_LIVF01000078.1	100.000	77	0	0	361	437	5346	5270	2.80e-30	143
Int1_Pc_Pattern	NZ_CAXOHD010000083.1	100.000	71	0	0	944	1014	551	481	6.05e-27	132
Int1_Pc_Pattern	JAKWIP010000155.1	100.000	71	0	0	944	1014	1	71	6.05e-27	132
Int1_Pc_Pattern	NZ_LVON01000012.1	100.000	71	0	0	915	985	1	71	6.05e-27	132
Int1_Pc_Pattern	NZ_JAHXZD010000100.1	100.000	70	0	0	945	1014	1	70	2.18e-26	130
Int1_Pc_Pattern	JBQYRP010000037.1	100.000	70	0	0	945	1014	1	70	2.18e-26	130
Int1_Pc_Pattern	DAOKPI010000142.1	100.000	68	0	0	1	68	68	1	2.82e-25	126
Int1_Pc_Pattern	NZ_LRKR01000149.1	100.000	68	0	0	1	68	7504	7571	2.82e-25	126
Int1_Pc_Pattern	NZ_LRKR01000062.1	100.000	68	0	0	1	68	5570	5503	2.82e-25	126
Int1_Pc_Pattern	NZ_SRKE01000092.1	100.000	67	0	0	235	301	1	67	1.01e-24	124
Int1_Pc_Pattern	NZ_CAIZTA010000194.1	100.000	66	0	0	949	1014	1	66	3.64e-24	122
Int1_Pc_Pattern	CAIZTA010000194.1	100.000	66	0	0	949	1014	1	66	3.64e-24	122
Int1_Pc_Pattern	JBMDCY010000123.1	100.000	66	0	0	1	66	2014	2079	3.64e-24	122
Int1_Pc_Pattern	JBMDCY010000089.1	100.000	66	0	0	1	66	5870	5935	3.64e-24	122
Int1_Pc_Pattern	NZ_LXMY01000128.1	100.000	64	0	0	951	1014	253	190	4.71e-23	119
Int1_Pc_Pattern	NZ_LXMY01000075.1	100.000	64	0	0	951	1014	1687	1624	4.71e-23	119
Int1_Pc_Pattern	NZ_SGTT01000047.1	100.000	64	0	0	1	64	14623	14686	4.71e-23	119
Int1_Pc_Pattern	NZ_QOVV01000354.1	100.000	63	0	0	952	1014	1	63	1.70e-22	117
Int1_Pc_Pattern	NZ_NSLE01000086.1	100.000	61	0	0	954	1014	799	739	2.19e-21	113
Int1_Pc_Pattern	NZ_NSPO01000072.1	100.000	60	0	0	1	60	1785	1844	7.89e-21	111
Int1_Pc_Pattern	NZ_QHLV01000754.1	100.000	60	0	0	1	60	3670	3729	7.89e-21	111
Int1_Pc_Pattern	NZ_QHLV01000709.1	100.000	60	0	0	1	60	1518	1577	7.89e-21	111
Int1_Pc_Pattern	NZ_MWKP01000066.1	100.000	60	0	0	242	301	7121	7062	7.89e-21	111
Int1_Pc_Pattern	NZ_JAALCB010000038.1	100.000	60	0	0	1	60	9592	9651	7.89e-21	111
Int1_Pc_Pattern	NZ_JAALCB010000024.1	100.000	60	0	0	1	60	60	1	7.89e-21	111
Int1_Pc_Pattern	NZ_JAALCC010000047.1	100.000	60	0	0	1	60	60	1	7.89e-21	111
Int1_Pc_Pattern	NZ_JAALCC010000113.1	100.000	60	0	0	1	60	235	294	7.89e-21	111
Int1_Pc_Pattern	NZ_JAALAV010000047.1	100.000	60	0	0	1	60	60	1	7.89e-21	111
Int1_Pc_Pattern	NZ_JAALAV010000109.1	100.000	60	0	0	1	60	235	294	7.89e-21	111
Int1_Pc_Pattern	NZ_QFMG01000443.1	100.000	60	0	0	1	60	60	1	7.89e-21	111
Int1_Pc_Pattern	NZ_QFMG01000196.1	100.000	60	0	0	1	60	60	1	7.89e-21	111
Int1_Pc_Pattern	NZ_QFME01000242.1	100.000	60	0	0	1	60	6236	6295	7.89e-21	111
Int1_Pc_Pattern	NZ_QUWL01000277.1	96.970	66	2	0	24	89	113	48	7.89e-21	111
Int1_Pc_Pattern	NZ_MKEM01000273.1	100.000	59	0	0	243	301	1085	1027	2.84e-20	110
Int1_Pc_Pattern	NZ_JACSTE010000301.1	100.000	58	0	0	116	173	610	667	1.02e-19	108
Int1_Pc_Pattern	NZ_LXMY01000074.1	100.000	57	0	0	1	57	1768	1824	3.67e-19	106
Int1_Pc_Pattern	NZ_LXMY01000068.1	100.000	57	0	0	1	57	2021	2077	3.67e-19	106
Int1_Pc_Pattern	NZ_JAKWIG010000099.1	100.000	57	0	0	958	1014	1	57	3.67e-19	106
Int1_Pc_Pattern	JAKWIG010000099.1	100.000	57	0	0	958	1014	1	57	3.67e-19	106
Int1_Pc_Pattern	NZ_NSLE01000081.1	100.000	56	0	0	959	1014	923	868	1.32e-18	104
Int1_Pc_Pattern	NZ_QFME01001105.1	100.000	55	0	0	1	55	55	1	4.75e-18	102
Int1_Pc_Pattern	NZ_JAKWIV010000146.1	100.000	55	0	0	960	1014	257	203	4.75e-18	102
Int1_Pc_Pattern	JBHGSI010000019.1	100.000	55	0	0	960	1014	1	55	4.75e-18	102
Int1_Pc_Pattern	JAKWIV010000146.1	100.000	55	0	0	960	1014	257	203	4.75e-18	102
Int1_Pc_Pattern	NZ_PRIM01000054.1	100.000	55	0	0	1	55	55	1	4.75e-18	102
Int1_Pc_Pattern	NZ_NSPO01000082.1	100.000	53	0	0	1	53	53	1	6.14e-17	99.0
Int1_Pc_Pattern	NZ_QDDZ01000074.1	98.214	56	0	1	959	1014	105	159	2.21e-16	97.1
Int1_Pc_Pattern	JAHESL010000027.1	100.000	50	0	0	1	50	3508	3557	2.86e-15	93.5
Int1_Pc_Pattern	NZ_PXJS01000047.1	100.000	48	0	0	967	1014	1	48	3.70e-14	89.8
Int1_Pc_Pattern	NZ_JACSSN010000090.1	100.000	47	0	0	116	162	47	1	1.33e-13	87.9
Int1_Pc_Pattern	NZ_JAKMLP010000050.1	100.000	46	0	0	1	46	46	1	4.78e-13	86.1
Int1_Pc_Pattern	NZ_JAKMLP010000042.1	100.000	46	0	0	1	46	9242	9287	4.78e-13	86.1
Int1_Pc_Pattern	ACBDHI010000113.1	100.000	46	0	0	969	1014	1791	1746	4.78e-13	86.1
Int1_Pc_Pattern	DBHYLA010000115.1	100.000	46	0	0	969	1014	1791	1746	4.78e-13	86.1
Int1_Pc_Pattern	JAKMLP010000050.1	100.000	46	0	0	1	46	46	1	4.78e-13	86.1
Int1_Pc_Pattern	JAKMLP010000042.1	100.000	46	0	0	1	46	9242	9287	4.78e-13	86.1
Int1_Pc_Pattern	NZ_NBEZ01000062.1	100.000	42	0	0	1	42	1997	2038	8.00e-11	78.7
Int1_Pc_Pattern	NZ_MAGI01000022.1	94.000	50	3	0	1	50	37733	37684	2.88e-10	76.8
Int1_Pc_Pattern	NZ_LNIE01000207.1	97.727	44	1	0	1	44	2585	2628	2.88e-10	76.8
Int1_Pc_Pattern	DBGFHV010000103.1	100.000	40	0	0	898	937	40	1	1.03e-09	75.0
Int1_Pc_Pattern	DBGFHV010000103.1	100.000	40	0	0	866	905	5547	5508	1.03e-09	75.0
Int1_Pc_Pattern	DBGFHF010000093.1	100.000	40	0	0	898	937	40	1	1.03e-09	75.0
Int1_Pc_Pattern	DBGFHF010000093.1	100.000	40	0	0	866	905	5547	5508	1.03e-09	75.0
Int1_Pc_Pattern	NZ_LXMY01000132.1	100.000	38	0	0	977	1014	1	38	1.34e-08	71.3
Int1_Pc_Pattern	NZ_LNHE01000066.1	100.000	38	0	0	977	1014	800	763	1.34e-08	71.3
Int1_Pc_Pattern	NZ_LNHE01000024.1	100.000	38	0	0	977	1014	1	38	1.34e-08	71.3
Int1_Pc_Pattern	NZ_JAJFCY010000135.1	100.000	38	0	0	977	1014	1	38	1.34e-08	71.3
Int1_Pc_Pattern	NZ_LLTS01000152.1	100.000	37	0	0	978	1014	1	37	4.81e-08	69.4
Int1_Pc_Pattern	NZ_LLTS01000046.1	100.000	37	0	0	978	1014	185125	185089	4.81e-08	69.4
Int1_Pc_Pattern	NZ_LLSL01000037.1	100.000	37	0	0	978	1014	6841	6805	4.81e-08	69.4
Int1_Pc_Pattern	NZ_LLSL01000006.1	100.000	37	0	0	978	1014	194180	194144	4.81e-08	69.4
Int1_Pc_Pattern	NZ_LLTD01000027.1	100.000	37	0	0	978	1014	97952	97916	4.81e-08	69.4
Int1_Pc_Pattern	NZ_LLSF01000085.1	100.000	37	0	0	978	1014	41646	41610	4.81e-08	69.4
Int1_Pc_Pattern	NZ_LLSF01000070.1	100.000	37	0	0	978	1014	1	37	4.81e-08	69.4
Int1_Pc_Pattern	NZ_LLRN01000061.1	100.000	37	0	0	978	1014	1	37	4.81e-08	69.4
Int1_Pc_Pattern	NZ_LLRN01000027.1	100.000	37	0	0	978	1014	194140	194104	4.81e-08	69.4
Int1_Pc_Pattern	NZ_LLNV01000075.1	100.000	37	0	0	978	1014	1	37	4.81e-08	69.4
Int1_Pc_Pattern	NZ_LLNV01000037.1	100.000	37	0	0	978	1014	138720	138684	4.81e-08	69.4
Int1_Pc_Pattern	NZ_LLLB01000032.1	100.000	37	0	0	978	1014	1	37	4.81e-08	69.4
Int1_Pc_Pattern	NZ_LLLB01000023.1	100.000	37	0	0	978	1014	447305	447269	4.81e-08	69.4
Int1_Pc_Pattern	NZ_JAGYRP010000127.1	100.000	36	0	0	979	1014	238	203	1.73e-07	67.6
Int1_Pc_Pattern	NZ_NIIV01000100.1	100.000	35	0	0	267	301	7071	7037	6.23e-07	65.8
Int1_Pc_Pattern	NZ_NIIZ01000085.1	100.000	35	0	0	267	301	7071	7037	6.23e-07	65.8
Int1_Pc_Pattern	NZ_MZZR01000272.1	100.000	35	0	0	1	35	35	1	6.23e-07	65.8
Int1_Pc_Pattern	NZ_MZZR01000271.1	100.000	35	0	0	1	35	35	1	6.23e-07	65.8
Int1_Pc_Pattern	DBCATZ010000100.1	100.000	34	0	0	1	34	3745	3778	2.24e-06	63.9
Int1_Pc_Pattern	NZ_JAAQSV010000072.1	100.000	32	0	0	270	301	387	356	2.90e-05	60.2
Int1_Pc_Pattern	NZ_CP054171.1	100.000	32	0	0	270	301	19440	19409	2.90e-05	60.2
Int1_Pc_Pattern	NZ_JAAQSN010000069.1	100.000	32	0	0	270	301	387	356	2.90e-05	60.2
Int1_Pc_Pattern	NZ_JAAKYC010000057.1	100.000	32	0	0	270	301	4588	4557	2.90e-05	60.2
Int1_Pc_Pattern	NZ_SBDL01000075.1	100.000	32	0	0	270	301	7033	7002	2.90e-05	60.2
Int1_Pc_Pattern	NZ_SBDK01000073.1	100.000	32	0	0	270	301	1436	1467	2.90e-05	60.2
Int1_Pc_Pattern	NZ_SBDJ01000065.1	100.000	32	0	0	270	301	1436	1467	2.90e-05	60.2
Int1_Pc_Pattern	NZ_SBDH01000147.1	100.000	32	0	0	270	301	1024	993	2.90e-05	60.2
Int1_Pc_Pattern	NZ_SBDI01000064.1	100.000	32	0	0	270	301	1436	1467	2.90e-05	60.2
Int1_Pc_Pattern	NZ_SBDB01000103.1	100.000	32	0	0	270	301	1893	1862	2.90e-05	60.2
Int1_Pc_Pattern	NZ_SBDA01000085.1	100.000	32	0	0	270	301	7032	7001	2.90e-05	60.2
Int1_Pc_Pattern	NZ_VSLC01000062.1	100.000	32	0	0	270	301	2945	2976	2.90e-05	60.2
Int1_Pc_Pattern	NZ_VUDH01000070.1	100.000	32	0	0	270	301	2823	2854	2.90e-05	60.2
Int1_Pc_Pattern	NZ_VUBR01000067.1	100.000	32	0	0	270	301	3606	3637	2.90e-05	60.2
Int1_Pc_Pattern	NZ_VIAI01000065.1	100.000	32	0	0	270	301	1563	1594	2.90e-05	60.2
Int1_Pc_Pattern	NZ_QOTY01000049.1	100.000	32	0	0	270	301	1563	1594	2.90e-05	60.2
Int1_Pc_Pattern	NZ_QOUA01000056.1	100.000	32	0	0	270	301	1563	1594	2.90e-05	60.2
Int1_Pc_Pattern	NZ_BFAI01000040.1	100.000	32	0	0	270	301	1778	1809	2.90e-05	60.2
Int1_Pc_Pattern	NZ_MZZT01000204.1	100.000	32	0	0	270	301	1586	1617	2.90e-05	60.2
Int1_Pc_Pattern	NZ_MPYK04000003.1	100.000	32	0	0	270	301	603	572	2.90e-05	60.2
Int1_Pc_Pattern	NZ_LXMZ01000050.1	100.000	32	0	0	270	301	7160	7129	2.90e-05	60.2
Int1_Pc_Pattern	NZ_LXNA01000040.1	100.000	32	0	0	270	301	13830	13799	2.90e-05	60.2
Int1_Pc_Pattern	NZ_LXMG01000051.1	100.000	32	0	0	270	301	7160	7129	2.90e-05	60.2
Int1_Pc_Pattern	NZ_LXMV01000043.1	100.000	32	0	0	270	301	7160	7129	2.90e-05	60.2
Int1_Pc_Pattern	NZ_CAIZUY010000078.1	100.000	32	0	0	1	32	32	1	2.90e-05	60.2
Int1_Pc_Pattern	NZ_CAIZUY010000066.1	100.000	32	0	0	1	32	32	1	2.90e-05	60.2
Int1_Pc_Pattern	NZ_CAIZUY010000056.1	100.000	32	0	0	1	32	32	1	2.90e-05	60.2
Int1_Pc_Pattern	NZ_CAIZTG010000081.1	100.000	32	0	0	1	32	1903	1934	2.90e-05	60.2
Int1_Pc_Pattern	NZ_CAIZTG010000070.1	100.000	32	0	0	1	32	32	1	2.90e-05	60.2
Int1_Pc_Pattern	NZ_CACTIK010000216.1	100.000	32	0	0	270	301	7160	7129	2.90e-05	60.2
Int1_Pc_Pattern	NZ_JBMDDT010000043.1	100.000	32	0	0	270	301	7809	7840	2.90e-05	60.2
Int1_Pc_Pattern	NZ_JAMGPF010000087.1	100.000	32	0	0	1	32	32	1	2.90e-05	60.2
Int1_Pc_Pattern	NZ_JAMGPF010000076.1	100.000	32	0	0	1	32	32	1	2.90e-05	60.2
Int1_Pc_Pattern	JAMGPF010000087.1	100.000	32	0	0	1	32	32	1	2.90e-05	60.2
Int1_Pc_Pattern	JAMGPF010000076.1	100.000	32	0	0	1	32	32	1	2.90e-05	60.2
Int1_Pc_Pattern	LRJA01000004.1	100.000	32	0	0	1	32	1981	2012	2.90e-05	60.2
Int1_Pc_Pattern	NZ_LSTM01000080.1	100.000	32	0	0	270	301	695	664	2.90e-05	60.2
Int1_Pc_Pattern	NZ_NCTG01000061.1	100.000	32	0	0	270	301	652	621	2.90e-05	60.2
Int1_Pc_Pattern	JBMDEJ010000081.1	100.000	31	0	0	1	31	1632	1662	1.04e-04	58.4
Int1_Pc_Pattern	JBMDEJ010000060.1	100.000	31	0	0	1	31	9084	9114	1.04e-04	58.4
Int1_Pc_Pattern	NZ_FBVS01000138.1	100.000	29	0	0	986	1014	58	86	0.001	54.7
